user_id,age,total_claims_1y,avg_claim_amount,days_since_last_claim,claimed_amount,policy_limit,amount_vs_avg_ratio,amount_vs_policy_ratio,report_delay_hours,time_since_policy_start,geo_risk_score,missing_docs_count,duplicate_doc_flag,doc_tamper_score,previous_rejections,fraud_history_flag,is_fraud
USR9197,26,4,21850,192,20609,200000,0.9432036613272311,0.103045,1,378,0.33,1,1,0.14,1,0,0
USR5033,35,1,7433,29,5366,200000,0.7219157809767254,0.02683,2,50,0.3,0,0,0.52,0,0,0
USR5736,28,1,30658,295,20875,500000,0.680898949703177,0.04175,5,596,0.97,1,0,0.23,0,0,0
USR9697,62,0,40773,351,42424,300000,1.040492482770461,0.14141333333333334,5,445,0.59,3,0,0.05,0,0,0
USR3938,33,1,19502,262,1000,300000,0.05127679212388473,0.0033333333333333335,14,197,0.02,1,1,0.23,1,0,0
USR7791,63,2,22159,151,33095,500000,1.4935240759962092,0.06619,3,689,0.31,2,1,0.52,0,0,0
USR7068,23,1,50758,222,45389,100000,0.8942235706686631,0.45389,15,573,0.4,0,0,0.93,2,0,0
USR8433,39,3,29253,358,11541,500000,0.3945236386011691,0.023082,6,144,0.27,0,0,0.83,1,0,0
USR4855,18,1,13571,304,5810,200000,0.428118782698401,0.02905,2,529,0.17,0,0,0.02,2,0,0
USR8428,38,2,53190,270,71767,300000,1.3492573792066178,0.23922333333333334,13,98,0.73,0,0,0.77,0,1,0
USR4731,47,0,31854,184,44511,200000,1.3973441326050104,0.222555,7,614,0.85,0,0,0.45,1,0,0
USR3601,38,0,40222,232,69475,300000,1.727288548555517,0.23158333333333334,15,243,0.59,1,0,0.27,0,1,0
USR8357,49,4,38270,79,37447,100000,0.9784949046250326,0.37447,18,294,0.52,2,1,0.43,0,0,0
USR1912,54,0,55636,17,60659,100000,1.0902832698252929,0.60659,5,167,0.48,3,1,0.56,0,0,0
USR1492,62,1,11374,337,21459,100000,1.8866713557235801,0.21459,1,672,0.23,0,1,0.08,2,0,0
USR9690,69,1,48585,235,5821,500000,0.11981064114438612,0.011642,13,295,0.11,0,1,0.46,0,0,0
USR4429,55,1,47941,200,87402,200000,1.8231159133101102,0.43701,7,103,0.9,2,0,0.32,0,0,0
USR2858,36,0,6306,271,11125,500000,1.7641928322232794,0.02225,3,384,0.86,0,0,0.01,1,0,0
USR9130,70,2,37562,173,17121,300000,0.45580640008519246,0.05707,0,630,0.17,2,0,0.22,1,0,0
USR4123,60,2,44353,118,1000,300000,0.022546389195770296,0.0033333333333333335,5,541,0.28,0,0,0.04,1,0,0
USR9032,62,2,29548,82,51478,100000,1.7421822119940436,0.51478,5,449,0.68,0,0,0.53,2,1,0
USR5820,52,3,49215,137,72573,200000,1.4746113989637306,0.362865,1,92,0.37,1,0,0.63,0,0,0
USR9965,70,2,30184,68,30692,100000,1.0168301086668434,0.30692,3,344,0.7,2,0,0.86,0,1,0
USR9501,51,1,39754,134,26965,300000,0.6782965236202646,0.08988333333333333,14,456,0.1,1,0,0.94,0,0,0
USR6360,43,3,13120,267,10311,200000,0.7858993902439024,0.051555,10,581,0.66,3,0,0.82,0,0,0
USR6903,63,2,43191,74,44819,100000,1.0376930379014146,0.44819,10,541,0.88,0,0,0.19,0,0,0
USR8943,29,4,17183,38,23915,500000,1.3917825758016644,0.04783,14,129,0.58,0,1,0.37,2,0,0
USR5890,58,3,16969,357,27652,300000,1.6295597854911898,0.09217333333333333,16,10,0.22,0,0,0.71,2,0,0
USR5946,37,1,8987,232,16229,200000,1.8058306442639367,0.081145,0,446,0.72,1,0,0.31,1,0,0
USR8613,42,3,55845,154,53261,200000,0.9537290715372907,0.266305,8,381,0.89,0,0,0.63,0,1,0
USR2845,32,3,34124,258,34027,300000,0.9971574258586332,0.11342333333333333,6,546,0.57,0,1,0.77,0,0,0
USR8386,53,0,23589,96,21832,100000,0.9255161303997625,0.21832,11,503,0.97,1,0,0.96,2,0,0
USR7436,23,2,11102,40,10361,200000,0.9332552693208431,0.051805,7,187,0.37,0,0,0.39,0,0,0
USR6354,20,2,50681,175,52451,300000,1.0349243306169964,0.17483666666666667,3,548,0.88,2,0,0.74,1,1,0
USR9122,45,3,24190,365,1672,500000,0.0691194708557255,0.003344,1,181,0.61,3,0,0.08,2,1,0
USR4096,55,0,50091,102,67248,500000,1.3425166197520513,0.134496,15,49,0.7,2,0,0.8,0,0,0
USR5937,58,2,18121,57,38665,100000,2.133712267534904,0.38665,0,598,0.33,0,0,0.16,0,0,0
USR3170,48,4,58006,239,26922,100000,0.46412440092404234,0.26922,3,185,0.52,0,0,0.77,2,1,0
USR9442,51,1,26699,59,20428,200000,0.7651222892243155,0.10214,9,425,0.41,2,0,0.7,2,1,0
USR3477,33,1,42233,168,1000,300000,0.023678166362796866,0.0033333333333333335,7,589,0.8,0,1,0.27,1,0,0
USR6682,24,1,30316,89,62716,500000,2.0687425781765403,0.125432,0,696,0.06,0,0,0.92,0,0,0
USR6972,57,1,10237,48,16043,200000,1.567158347172023,0.080215,16,350,0.28,1,0,0.95,1,0,0
USR6396,58,3,24531,355,7110,200000,0.28983734866087807,0.03555,7,561,0.12,3,0,0.34,0,1,0
USR9179,62,0,49078,24,42087,100000,0.8575532825298504,0.42087,20,45,0.1,3,0,0.49,2,0,0
USR7866,34,1,42220,353,83572,200000,1.979441023211748,0.41786,5,233,0.64,1,1,0.05,2,0,0
USR4700,48,2,46975,243,19311,300000,0.41109100585417774,0.06437,9,398,0.07,0,0,0.64,1,0,0
USR8047,53,0,30471,272,51906,300000,1.7034557448065373,0.17302,10,692,0.68,3,0,0.57,1,0,0
USR2108,21,0,10052,287,14194,200000,1.412057302029447,0.07097,6,377,0.39,0,0,0.96,0,1,0
USR1544,64,2,43494,236,32572,100000,0.7488849036648734,0.32572,5,78,0.62,0,0,0.34,1,0,0
USR4548,50,3,46576,130,101105,300000,2.1707531776021987,0.3370166666666667,5,675,0.35,1,0,0.94,0,0,0
USR1319,65,0,38496,12,23951,200000,0.6221685369908562,0.119755,13,263,0.18,2,1,0.75,0,1,0
USR2374,37,3,39911,113,53012,300000,1.3282553681942322,0.17670666666666668,4,46,0.86,1,0,0.43,1,1,0
USR4259,35,2,51352,325,41308,300000,0.8044087864153295,0.13769333333333333,32,209,0.39,3,0,0.3,0,0,0
USR5968,25,0,18923,240,15845,500000,0.8373408021983829,0.03169,1,319,0.95,0,0,0.95,1,0,0
USR8349,38,3,28576,342,3875,100000,0.13560330347144456,0.03875,8,219,0.95,1,1,0.78,1,1,0
USR9137,44,0,29244,17,16976,300000,0.5804951443031049,0.05658666666666667,5,153,0.55,0,0,0.44,1,0,0
USR9582,19,2,11731,80,17988,500000,1.5333731139715285,0.035976,9,688,0.87,0,0,0.84,0,1,0
USR3894,60,1,32569,360,1661,500000,0.05099941662316927,0.003322,6,244,0.58,1,0,0.86,2,0,0
USR9706,18,3,40909,97,36886,100000,0.9016597814661811,0.36886,20,119,0.38,0,0,0.71,1,1,0
USR4737,60,1,20485,313,16769,100000,0.8185989748596534,0.16769,5,126,0.47,0,0,0.06,0,0,0
USR1400,45,0,18116,155,24145,200000,1.3327997350408478,0.120725,11,207,0.68,2,0,0.24,1,0,0
USR8181,69,2,22312,259,25311,100000,1.1344119756185012,0.25311,6,490,0.07,2,1,0.55,1,0,0
USR8391,24,4,47356,168,21862,100000,0.4616521665681223,0.21862,18,15,0.74,0,0,0.92,0,0,0
USR9195,27,1,29933,250,69261,200000,2.313867637724251,0.346305,0,445,0.28,2,0,0.19,0,0,0
USR3421,36,2,32355,220,6620,100000,0.20460516148972338,0.0662,0,528,0.45,1,0,0.03,0,1,0
USR5414,49,1,40547,26,24823,500000,0.6122031223025132,0.049646,2,320,0.08,0,1,0.94,0,0,0
USR5596,22,3,28793,225,7513,500000,0.260931476400514,0.015026,7,455,0.41,0,0,0.78,0,0,0
USR9019,66,3,25309,181,29236,300000,1.1551621952665059,0.09745333333333334,15,676,0.06,0,0,0.04,2,0,0
USR8419,63,0,5404,11,5421,100000,1.0031458179126573,0.05421,6,344,0.77,2,0,0.94,2,0,0
USR7517,23,2,43765,174,21483,200000,0.4908717011310408,0.107415,1,682,0.21,0,0,0.88,2,0,0
USR9102,24,1,52198,142,62605,200000,1.1993754549982758,0.313025,0,211,0.52,3,1,0.77,1,0,0
USR8557,68,4,47808,131,31651,300000,0.6620440093708166,0.10550333333333334,26,193,0.42,1,0,0.78,0,0,0
USR1135,68,6,30934,213,47379,300000,1.5316156979375444,0.15793,4,486,0.35,2,0,0.51,0,0,0
USR7416,28,5,24856,93,1000,500000,0.04023173479240425,0.002,5,200,0.46,0,0,0.98,0,0,0
USR8438,44,2,17015,223,21967,500000,1.2910373200117544,0.043934,10,533,0.46,1,0,0.58,1,0,0
USR1551,51,2,47679,344,76203,500000,1.59825080223998,0.152406,4,552,0.52,0,1,0.97,1,0,0
USR2343,34,1,26508,145,6145,300000,0.2318168100196167,0.020483333333333333,4,460,0.03,1,0,0.55,2,0,0
USR4713,60,3,31329,173,29412,100000,0.9388106865843149,0.29412,6,221,0.8,2,1,0.63,2,0,0
USR7457,68,0,50162,357,75785,300000,1.510804991826482,0.25261666666666666,1,554,0.75,0,0,0.18,0,1,0
USR1538,31,1,50781,172,74203,300000,1.4612355014670841,0.24734333333333333,0,12,0.53,0,0,0.72,1,1,0
USR5862,39,0,20034,351,30268,500000,1.5108315863032844,0.060536,1,392,0.9,0,0,0.51,2,0,0
USR7527,36,1,45441,263,13547,200000,0.29812284060650074,0.067735,7,145,0.1,2,0,0.74,1,0,0
USR3842,24,1,55448,56,33937,300000,0.6120509306016448,0.11312333333333334,2,680,0.12,0,0,0.89,0,0,0
USR4483,33,4,58358,139,72418,200000,1.2409266938551697,0.36209,19,223,0.59,0,0,0.56,2,0,0
USR3880,43,1,24123,35,37528,200000,1.5556937362682917,0.18764,21,108,0.36,1,0,0.99,1,0,0
USR9480,68,2,55885,39,48969,100000,0.8762458620381139,0.48969,12,66,0.85,3,1,0.09,2,0,0
USR5220,21,1,18046,240,19929,300000,1.104344453064391,0.06643,13,61,0.92,0,0,0.01,1,0,0
USR6384,67,5,53153,62,82908,100000,1.5597990706074916,0.82908,0,168,0.19,0,0,0.32,0,1,0
USR5396,69,2,7048,295,1000,300000,0.14188422247446084,0.0033333333333333335,12,374,0.58,2,0,0.15,0,0,0
USR8842,59,2,50745,21,113680,500000,2.240220711400138,0.22736,9,476,0.55,2,0,0.2,1,1,0
USR4232,45,1,6342,78,10551,100000,1.663670766319773,0.10551,12,93,0.6,1,0,0.47,2,1,0
USR5340,40,2,36037,337,23934,100000,0.6641507339678664,0.23934,18,652,0.93,1,1,0.99,0,1,0
USR7635,25,1,56712,267,73318,500000,1.2928128085766681,0.146636,18,383,0.84,0,0,0.14,0,1,0
USR4555,34,2,26204,186,17183,200000,0.6557395817432453,0.085915,0,12,0.63,0,0,0.91,2,1,0
USR6105,23,2,14510,157,19320,100000,1.3314955203308063,0.1932,8,214,0.62,1,1,0.54,1,1,0
USR8631,58,2,16246,20,24330,300000,1.4975994090853133,0.0811,11,217,0.91,3,0,0.62,0,0,0
USR8755,54,0,59917,16,103586,300000,1.7288248744096,0.3452866666666667,1,67,0.69,3,0,0.17,0,0,0
USR8278,67,6,37154,112,70810,300000,1.9058513215266188,0.23603333333333334,9,289,0.88,0,0,0.34,0,0,1
USR4113,24,1,11371,78,26770,100000,2.354234456072465,0.2677,1,147,0.5,0,0,0.54,1,0,0
USR5704,44,3,40442,154,50474,300000,1.2480589486177736,0.16824666666666666,21,525,0.25,0,1,0.35,1,0,0
USR4279,40,2,17999,311,1000,500000,0.055558642146785936,0.002,1,150,0.61,1,0,0.91,0,0,0
USR5226,33,1,20328,342,21662,200000,1.0656237701692246,0.10831,11,544,0.7,1,0,0.92,2,0,0
USR8891,55,1,46563,259,28965,200000,0.6220604342503705,0.144825,4,436,0.08,3,1,0.1,0,0,0
USR5419,68,2,27116,295,28022,100000,1.0334120076707478,0.28022,14,93,0.59,1,0,0.4,0,1,0
USR7512,65,0,36880,67,50515,200000,1.3697125813449025,0.252575,0,24,0.6,0,0,0.11,0,1,0
USR6976,21,4,41368,194,30360,500000,0.7339005994971959,0.06072,6,469,0.91,0,1,0.25,0,1,0
USR5419,46,1,24956,87,21498,300000,0.8614361275845488,0.07166,11,583,0.58,0,0,0.63,2,1,0
USR6693,68,0,43356,332,54942,300000,1.2672294492111817,0.18314,6,577,0.46,0,0,0.56,1,0,0
USR7074,63,2,25806,151,15314,100000,0.5934278849879873,0.15314,7,417,0.75,0,0,0.21,0,0,0
USR5029,19,2,25908,357,42791,500000,1.6516519993824301,0.085582,2,187,0.59,3,0,0.29,0,0,0
USR4318,41,3,16485,55,4838,300000,0.2934789202305126,0.016126666666666668,7,669,0.18,0,1,0.86,0,0,0
USR9748,60,2,15093,312,27906,500000,1.8489365931226396,0.055812,7,21,0.98,1,0,0.84,0,0,1
USR1453,30,3,35678,42,37791,300000,1.0592241717585067,0.12597,4,81,0.18,1,1,0.65,0,1,0
USR3990,36,1,39911,181,40222,100000,1.0077923379519431,0.40222,6,227,0.81,1,1,0.96,1,0,0
USR3252,26,1,26389,207,35779,500000,1.3558300807154495,0.071558,3,548,0.01,1,1,0.09,0,1,0
USR1343,26,1,41220,173,49389,500000,1.1981804949053858,0.098778,12,200,0.7,3,1,0.91,1,0,0
USR4162,37,3,16382,145,23816,200000,1.4537907459406665,0.11908,5,340,0.41,2,0,0.55,0,1,0
USR8359,19,1,59771,327,65739,300000,1.0998477522544379,0.21913,1,23,0.99,3,0,0.47,0,0,0
USR6130,21,1,32856,179,38923,500000,1.184654248843438,0.077846,7,700,0.63,0,1,0.26,1,0,0
USR5886,64,1,56203,171,93398,100000,1.6617974129494866,0.93398,15,554,0.82,0,0,0.53,2,1,0
USR5213,54,2,27180,119,43963,200000,1.6174760853568801,0.219815,9,600,0.21,1,0,0.01,0,0,0
USR8106,61,1,22029,11,10046,100000,0.4560352262926143,0.10046,12,217,0.63,1,0,0.49,1,1,0
USR1355,23,4,25609,28,33563,300000,1.3105939318208442,0.11187666666666667,0,488,0.08,2,0,0.6,0,0,0
USR2774,48,1,59567,322,89031,100000,1.4946362919065925,0.89031,5,125,0.72,3,0,0.61,0,0,0
USR6600,42,3,28863,259,39384,500000,1.3645151231680699,0.078768,6,459,0.05,2,0,0.5,2,1,0
USR3478,56,3,20048,343,7466,100000,0.3724062250598563,0.07466,8,462,0.7,3,0,0.6,0,0,0
USR9771,64,1,33145,105,45721,300000,1.3794237441544728,0.15240333333333334,13,316,0.27,1,0,0.59,0,0,0
USR3923,40,1,9090,267,10276,500000,1.1304730473047304,0.020552,21,5,0.09,1,1,0.96,1,0,0
USR8724,23,7,58145,112,63201,300000,1.0869550262275347,0.21067,2,682,0.04,1,1,0.59,1,0,0
USR6757,22,3,42198,280,14826,200000,0.3513436655765676,0.07413,14,387,0.92,1,0,0.97,1,1,0
USR9541,35,4,57713,327,104386,500000,1.808708609845269,0.208772,16,551,0.36,0,1,0.56,2,0,0
USR8744,52,3,28510,326,25313,100000,0.8878639074009119,0.25313,2,465,0.54,2,0,0.79,1,0,0
USR7936,43,3,20229,192,6949,300000,0.3435167334025409,0.023163333333333334,12,158,0.99,1,1,0.0,2,0,0
USR7243,31,1,18919,148,32803,100000,1.7338654262910302,0.32803,0,628,0.4,1,1,0.48,1,1,0
USR1142,57,5,17676,42,1000,300000,0.05657388549445576,0.0033333333333333335,3,222,0.85,2,0,0.72,0,0,0
USR6029,25,3,9494,253,18326,300000,1.9302717505793132,0.061086666666666664,1,609,0.22,1,0,0.95,0,0,0
USR2505,30,1,42573,56,63813,200000,1.498907758438447,0.319065,7,609,0.99,0,0,0.74,0,0,0
USR7430,60,0,53988,287,91793,500000,1.700248203304438,0.183586,18,16,0.51,0,0,0.23,0,0,0
USR6889,47,1,32376,145,42385,200000,1.3091487521620955,0.211925,15,335,0.22,2,0,0.52,0,1,0
USR8046,40,2,23850,50,35239,500000,1.4775262054507337,0.070478,14,531,0.15,0,1,0.82,2,0,0
USR6994,30,1,15222,137,14006,300000,0.9201156221258705,0.04668666666666667,15,136,0.39,1,0,0.27,0,0,0
USR1015,64,1,28265,257,33112,200000,1.1714841676985672,0.16556,8,584,0.66,0,0,0.55,2,0,0
USR9044,41,0,30559,32,26241,200000,0.8586995647763344,0.131205,6,695,0.53,0,1,0.96,2,0,0
USR2022,40,0,46755,123,1000,500000,0.021388086835632553,0.002,0,122,0.59,2,0,0.82,0,0,0
USR1114,32,2,39080,96,44708,300000,1.1440122824974412,0.14902666666666667,8,36,0.66,1,0,0.85,0,0,0
USR6231,46,6,27534,124,44718,300000,1.624101111353236,0.14906,5,228,0.01,0,0,0.82,1,0,0
USR4677,23,2,53845,153,27651,300000,0.5135295756337636,0.09217,12,647,0.19,3,0,0.08,2,0,0
USR6744,34,2,12009,85,16659,300000,1.387209592805396,0.05553,23,418,0.78,1,0,0.11,2,0,0
USR3826,40,4,30821,21,45068,200000,1.462249764770773,0.22534,11,309,0.17,0,1,0.77,2,0,0
USR5555,53,2,13073,341,7618,200000,0.5827277595043219,0.03809,5,510,0.07,3,1,0.85,2,1,0
USR1193,42,4,32083,323,29560,500000,0.9213602219243836,0.05912,10,256,0.77,0,0,0.68,0,0,0
USR9726,60,1,41124,327,43318,100000,1.0533508413578445,0.43318,15,264,0.83,1,0,0.3,0,1,0
USR2509,46,3,57930,254,80529,500000,1.390108751941999,0.161058,5,156,0.42,1,0,0.64,2,1,0
USR8798,43,1,10626,189,16350,500000,1.538678712591756,0.0327,4,239,0.23,3,0,0.21,0,0,0
USR7322,70,0,46752,52,60845,500000,1.3014416495550993,0.12169,19,188,0.47,0,0,0.54,0,0,0
USR4332,56,1,41444,326,59042,300000,1.4246211755622045,0.19680666666666666,11,154,0.84,3,1,0.76,0,0,0
USR4664,37,1,46652,359,42127,500000,0.9030052302152105,0.084254,4,126,0.0,1,0,0.6,0,0,0
USR6730,18,2,14208,3,17998,500000,1.2667511261261262,0.035996,1,627,0.33,3,0,0.59,1,0,0
USR8285,22,2,31589,23,23016,300000,0.7286080597676406,0.07672,13,109,0.6,3,1,0.29,0,0,0
USR2458,66,3,37981,352,23838,200000,0.6276296042758222,0.11919,9,548,0.1,0,0,0.57,1,0,0
USR9053,36,0,51389,340,97743,300000,1.902021833466306,0.32581,13,641,0.56,3,0,0.01,0,0,0
USR6535,19,2,50004,304,8439,500000,0.1687664986801056,0.016878,2,207,0.98,3,1,0.2,0,0,0
USR6744,55,2,30003,262,34962,100000,1.1652834716528346,0.34962,0,536,0.71,1,0,0.03,2,0,0
USR7651,25,1,31015,88,37936,100000,1.223150088666774,0.37936,4,455,0.95,2,1,0.63,0,0,0
USR7020,64,4,16653,296,14675,100000,0.8812226025340779,0.14675,16,437,0.64,0,1,0.53,0,1,0
USR3598,38,1,20349,31,41498,200000,2.039313971202516,0.20749,14,93,0.48,3,0,0.62,1,0,0
USR8011,53,2,33380,207,45771,300000,1.371210305572199,0.15257,15,611,0.5,1,0,0.56,0,0,0
USR2789,43,4,19025,38,3389,300000,0.1781340341655716,0.011296666666666667,2,42,0.42,0,0,0.2,0,1,0
USR3281,22,3,39839,8,1000,200000,0.025101031652400914,0.005,1,629,0.37,1,0,0.99,0,1,0
USR9662,59,0,55864,310,142796,300000,2.5561363310897893,0.47598666666666667,9,464,0.03,2,0,0.4,0,0,0
USR9003,48,5,26116,188,34465,500000,1.3196890794914995,0.06893,4,273,0.63,0,1,0.73,2,0,0
USR6861,69,0,24975,227,49804,500000,1.994154154154154,0.099608,6,350,0.63,2,0,0.37,1,0,0
USR9765,43,2,9648,28,12794,300000,1.326077943615257,0.042646666666666666,3,273,0.45,0,0,0.51,2,0,0
USR4594,63,2,31616,337,51477,300000,1.6281945850202428,0.17159,3,513,0.01,1,0,0.59,1,1,0
USR9600,54,2,44198,309,46235,300000,1.0460880582831802,0.15411666666666668,4,132,0.34,3,0,0.83,2,1,0
USR3267,61,1,18994,291,4218,300000,0.22207012740865537,0.01406,6,32,0.61,3,1,0.36,1,0,0
USR5318,66,3,22774,35,18629,100000,0.8179942039167472,0.18629,9,482,0.11,1,0,0.27,0,0,0
USR1749,32,0,52614,57,13553,500000,0.2575930360740487,0.027106,11,363,0.18,2,0,0.09,1,0,0
USR8767,22,0,38997,48,18380,300000,0.4713183065364002,0.061266666666666664,18,689,0.48,3,0,0.69,1,0,0
USR2033,62,0,50272,153,77911,100000,1.549789147040102,0.77911,8,684,0.45,3,1,0.52,0,1,0
USR3268,54,2,27911,26,28980,500000,1.0383003117050624,0.05796,6,322,0.16,2,0,0.19,1,0,0
USR8968,18,1,18669,168,16533,100000,0.8855857303551342,0.16533,7,262,0.69,1,0,0.84,2,0,0
USR9041,48,5,34259,221,38334,100000,1.1189468460842407,0.38334,3,396,0.92,1,0,0.6,1,0,0
USR6110,23,4,9033,50,8685,200000,0.9614745931584191,0.043425,8,665,0.87,1,0,0.78,0,0,0
USR6342,41,4,31213,114,48095,300000,1.540864383429981,0.16031666666666666,4,185,0.88,1,0,0.32,0,1,0
USR6716,33,2,54606,307,12733,300000,0.2331795040838003,0.04244333333333333,7,492,0.7,0,0,0.39,0,0,0
USR5031,52,1,33144,272,27117,300000,0.818157132512672,0.09039,5,66,0.59,3,0,0.17,1,0,0
USR1306,56,3,11471,253,1000,300000,0.0871763577717723,0.0033333333333333335,24,48,0.03,1,1,0.34,1,1,0
USR7016,62,2,16563,125,1000,500000,0.060375535832880516,0.002,1,578,0.55,3,0,0.75,0,0,0
USR1740,24,3,9431,24,13725,200000,1.4553069663874456,0.068625,8,554,0.24,0,0,0.93,1,0,0
USR2528,35,0,18076,66,2919,200000,0.16148484177915468,0.014595,5,68,0.17,1,0,0.62,0,1,0
USR1855,70,4,54257,264,103560,200000,1.9086938090937575,0.5178,12,594,0.27,0,0,0.41,0,0,0
USR2823,64,0,57682,76,38981,100000,0.6757914080649076,0.38981,10,335,0.3,1,1,0.79,0,0,0
USR3295,63,2,17149,270,19452,500000,1.1342935448131086,0.038904,16,593,0.04,2,0,0.63,2,0,0
USR9027,64,4,42384,248,15443,100000,0.36435919214798035,0.15443,9,18,0.36,3,1,0.91,0,1,0
USR3390,26,2,59851,39,88683,200000,1.4817296285776345,0.443415,1,632,0.42,0,0,0.67,2,0,0
USR8200,19,0,21035,282,17945,300000,0.8531019729023057,0.059816666666666664,3,628,0.15,2,0,0.24,0,0,0
USR7896,49,3,7852,144,13621,500000,1.7347172694854813,0.027242,18,134,0.55,3,0,0.23,0,1,0
USR4594,25,2,38537,59,53959,500000,1.400186833432805,0.107918,6,549,0.68,0,0,0.44,1,0,0
USR5198,37,2,49311,14,66145,200000,1.3413842753138245,0.330725,19,477,0.27,1,1,0.08,0,0,0
USR2332,64,0,50408,222,1063,100000,0.021087922551975877,0.01063,18,532,0.37,0,0,0.34,2,0,0
USR9628,53,4,9255,169,14980,100000,1.6185845488924906,0.1498,6,563,0.65,2,0,0.53,0,0,0
USR3215,23,1,37581,308,34344,300000,0.9138660493334397,0.11448,1,298,0.36,1,0,1.0,1,1,0
USR7470,39,2,35137,341,14251,200000,0.40558385747218034,0.071255,11,85,0.54,0,0,0.1,0,0,0
USR2661,59,2,47891,110,47315,100000,0.9879726879789522,0.47315,9,450,0.38,0,0,0.12,0,0,0
USR5590,54,1,46323,210,67810,500000,1.4638516503680676,0.13562,3,334,0.09,3,1,0.26,1,0,0
USR6807,46,4,57877,66,47778,200000,0.8255092696580679,0.23889,2,367,0.34,1,0,0.38,1,0,0
USR2334,19,1,23880,352,11728,200000,0.4911222780569514,0.05864,6,64,0.45,2,0,0.6,2,0,0
USR3286,47,5,36982,365,56651,100000,1.531853334054405,0.56651,12,595,0.63,1,0,0.67,0,0,0
USR5763,34,2,36750,270,25567,200000,0.6957006802721089,0.127835,4,291,0.4,3,0,0.17,0,0,0
USR8811,38,4,13984,69,1000,300000,0.07151029748283753,0.0033333333333333335,4,222,0.61,0,0,0.14,0,0,0
USR5050,59,5,56681,173,73949,300000,1.3046523526402145,0.24649666666666667,6,165,0.43,2,0,0.31,1,0,0
USR6318,32,2,17677,238,1000,200000,0.05657068507099621,0.005,16,208,0.39,1,0,0.56,2,1,0
USR6842,54,1,41618,297,57747,100000,1.3875486568311788,0.57747,16,388,0.3,0,0,0.43,1,0,0
USR6354,45,1,55331,87,34966,500000,0.6319423108203358,0.069932,3,581,0.69,0,0,0.06,0,0,0
USR8724,58,4,46779,139,73458,500000,1.5703200153915218,0.146916,9,521,0.72,1,0,0.79,2,1,0
USR3233,40,2,35874,29,61871,300000,1.7246752522718403,0.20623666666666668,3,121,0.73,1,0,0.77,0,0,0
USR1710,19,0,9481,169,8157,100000,0.8603522835143972,0.08157,2,340,0.79,0,0,0.58,1,1,0
USR6411,45,1,30476,350,12298,200000,0.4035306470665442,0.06149,5,476,0.55,2,0,0.45,2,0,0
USR1678,34,1,29345,364,42239,100000,1.4393934230703698,0.42239,3,7,0.81,0,1,0.61,1,0,0
USR5437,55,3,35911,343,21494,300000,0.5985352677452591,0.07164666666666666,14,237,0.69,0,0,0.44,2,0,0
USR9705,54,2,56431,337,129474,100000,2.2943772040190678,1.29474,1,540,0.66,0,0,0.9,2,0,0
USR7659,23,2,30431,161,29881,300000,0.9819263251289804,0.09960333333333334,8,506,0.05,2,1,0.04,2,0,0
USR9579,49,3,16280,57,3121,100000,0.1917076167076167,0.03121,1,108,0.35,1,0,0.77,2,0,0
USR5226,31,1,33138,344,57872,100000,1.7463938680668718,0.57872,11,605,0.83,1,1,0.07,1,0,0
USR2135,23,1,44279,351,60408,300000,1.364258452087897,0.20136,16,265,0.38,0,1,0.21,0,0,0
USR2447,21,0,37125,46,32417,100000,0.8731851851851852,0.32417,5,260,0.96,1,1,0.48,1,0,0
USR4390,19,2,10978,254,11353,200000,1.0341592275460012,0.056765,8,694,0.58,0,1,0.75,0,0,0
USR5004,52,2,50838,1,57852,500000,1.1379676619851293,0.115704,1,44,0.1,0,0,0.38,2,0,0
USR4038,60,2,17275,40,12260,200000,0.7096960926193921,0.0613,3,666,0.2,1,0,0.89,1,0,0
USR6086,50,3,15736,88,18590,500000,1.181367564819522,0.03718,7,439,0.64,2,1,0.22,1,0,0
USR8829,38,3,47719,62,52901,500000,1.108594061065823,0.105802,4,349,0.98,2,0,0.94,2,1,0
USR8599,63,0,24921,343,29743,500000,1.1934914329280526,0.059486,0,350,0.09,0,0,0.97,0,1,0
USR2336,64,1,34739,348,41176,100000,1.1852960649414204,0.41176,19,597,0.59,0,0,0.51,1,1,0
USR1434,26,2,10926,67,17494,500000,1.6011349075599488,0.034988,7,84,0.43,0,0,0.16,0,0,0
USR9199,64,4,26727,315,32161,300000,1.2033149998129233,0.10720333333333333,12,693,0.31,1,0,0.74,1,1,0
USR7070,49,3,56699,270,97416,200000,1.718125540132983,0.48708,6,388,0.84,0,0,0.83,2,0,0
USR8072,28,0,18944,125,17569,100000,0.927417652027027,0.17569,9,651,0.33,3,0,0.15,2,0,0
USR4323,30,3,14596,250,25199,300000,1.7264318991504521,0.08399666666666666,10,605,0.22,0,0,0.14,0,0,0
USR7785,30,1,59118,66,100496,100000,1.6999221895192667,1.00496,1,505,0.09,0,0,0.59,0,1,0
USR2292,40,2,58583,242,84392,500000,1.4405544270522166,0.168784,1,166,0.05,3,1,0.49,0,0,0
USR4813,46,2,48922,267,24905,500000,0.5090756714770451,0.04981,5,340,0.06,0,0,0.33,0,0,0
USR1353,21,4,34411,79,41867,500000,1.2166749004678736,0.083734,1,222,0.24,0,0,0.37,0,0,0
USR6694,22,0,30051,148,33474,200000,1.113906359189378,0.16737,10,567,0.42,3,0,0.64,1,1,0
USR9254,35,1,39501,39,46700,500000,1.1822485506696032,0.0934,5,443,0.98,0,0,0.17,1,0,0
USR8580,48,5,22833,18,17196,500000,0.7531204835107081,0.034392,10,150,0.38,1,0,0.46,1,0,0
USR5000,62,4,34309,150,33742,200000,0.9834737240957183,0.16871,20,20,0.44,1,1,0.73,0,0,0
USR1990,68,1,51907,252,43366,300000,0.8354557188818463,0.14455333333333334,1,47,0.92,1,0,0.47,2,0,0
USR9916,18,0,6431,208,6044,500000,0.9398227336339605,0.012088,4,127,0.26,0,0,0.25,1,0,0
USR5118,41,2,39782,230,75411,200000,1.8956060529887888,0.377055,3,424,0.07,0,0,0.49,0,0,0
USR7893,35,0,7643,148,12472,100000,1.6318199659819443,0.12472,22,194,0.35,1,1,0.32,2,0,0
USR4958,25,1,19289,3,23354,500000,1.2107418736067188,0.046708,19,250,0.13,1,0,0.88,0,1,0
USR3872,59,4,33228,46,11090,100000,0.33375466474058024,0.1109,10,392,0.57,1,0,0.46,1,0,0
USR7283,42,3,12345,48,7846,500000,0.6355609558525719,0.015692,19,463,0.09,3,0,0.68,1,0,0
USR1357,54,2,11171,267,9190,100000,0.8226658311699937,0.0919,7,304,0.71,0,0,0.54,2,0,0
USR3481,32,0,17485,187,15002,100000,0.857992565055762,0.15002,15,49,0.14,0,1,0.66,0,1,0
USR8663,34,1,16407,337,33829,200000,2.0618638386054733,0.169145,2,694,0.55,0,0,0.06,0,1,0
USR3261,43,3,39622,352,1000,500000,0.02523850386149109,0.002,5,410,0.87,2,0,0.54,1,0,0
USR3742,65,2,15983,354,12526,500000,0.7837076894200088,0.025052,10,296,0.45,1,0,0.98,1,1,0
USR7588,23,1,21280,146,17852,500000,0.8389097744360903,0.035704,0,467,0.28,0,0,0.39,0,0,0
USR4999,49,2,56578,333,101030,500000,1.7856764113259571,0.20206,1,228,0.96,0,0,0.2,0,0,0
USR2019,18,2,15403,71,6684,200000,0.43394143997922485,0.03342,2,304,0.64,3,0,0.2,0,0,0
USR4017,70,3,19721,167,29587,300000,1.500278890522793,0.09862333333333333,2,681,0.91,1,1,0.28,1,1,0
USR9427,18,2,28551,69,51781,500000,1.8136317466988896,0.103562,0,252,0.82,1,1,0.31,2,0,0
USR2480,22,3,20149,286,7361,200000,0.3653283041342002,0.036805,5,74,0.73,0,0,0.32,1,1,0
USR1742,60,3,13004,137,22268,200000,1.712396185788988,0.11134,26,419,0.72,0,0,0.89,2,0,1
USR3347,20,0,28172,30,36349,200000,1.2902527332102798,0.181745,4,146,0.11,1,0,0.76,1,1,0
USR2250,23,4,51037,83,35776,200000,0.7009816407704215,0.17888,13,250,0.17,0,0,0.71,1,1,0
USR5727,33,1,30556,315,46269,100000,1.5142361565649953,0.46269,4,573,0.74,0,1,0.19,2,0,0
USR7396,59,3,23058,288,16458,500000,0.7137652875357794,0.032916,11,454,0.03,3,0,0.74,1,0,0
USR3924,29,0,42346,133,30541,300000,0.7212251452321352,0.10180333333333333,7,29,0.17,0,0,0.86,1,0,0
USR6999,28,2,14794,239,15915,100000,1.0757739624171963,0.15915,21,504,0.31,2,0,0.21,2,0,0
USR5162,70,0,33276,360,62384,300000,1.8747445606443083,0.20794666666666667,1,618,0.9,0,1,0.23,1,0,0
USR7871,28,1,15449,185,23413,100000,1.5155026215289016,0.23413,8,306,0.0,0,0,0.17,0,0,0
USR3974,44,2,25980,193,1000,500000,0.03849114703618168,0.002,12,108,0.98,2,1,0.11,2,1,0
USR6631,37,1,28383,169,34994,300000,1.232921114751788,0.11664666666666666,0,252,0.97,0,1,0.83,0,0,0
USR7633,59,5,34304,53,47875,300000,1.3956098414179106,0.15958333333333333,2,495,0.11,1,0,0.7,2,1,0
USR4047,65,1,54437,296,57240,100000,1.0514907140364091,0.5724,1,24,0.28,3,1,0.82,0,0,0
USR5216,40,0,16240,271,26472,100000,1.6300492610837438,0.26472,0,228,0.05,1,0,0.9,0,0,0
USR2096,60,4,26174,198,45625,200000,1.7431420493619623,0.228125,6,137,0.29,1,0,0.43,0,0,0
USR4962,18,2,54812,117,24313,200000,0.4435707509304532,0.121565,7,62,0.09,1,0,0.91,2,0,0
USR2347,67,5,31955,145,30501,300000,0.9544985135346581,0.10167,13,110,0.14,0,0,0.34,0,0,0
USR5383,23,1,19868,100,34432,300000,1.7330380511375076,0.11477333333333334,19,653,0.7,1,0,0.24,1,0,0
USR2575,48,1,26909,115,12442,200000,0.46237318369318814,0.06221,1,484,0.47,2,0,0.98,1,0,0
USR8023,49,1,7261,316,4026,300000,0.5544690813937474,0.01342,4,181,0.47,0,0,0.05,0,0,0
USR5977,38,1,29000,167,4379,200000,0.151,0.021895,14,342,0.62,1,0,0.47,0,0,0
USR2638,61,2,26180,29,21322,200000,0.8144385026737968,0.10661,0,477,0.8,0,0,0.57,0,0,0
USR4955,54,3,51628,359,77949,500000,1.5098202525761215,0.155898,1,614,0.53,0,0,0.88,1,0,0
USR8445,67,1,27207,143,20691,200000,0.7605028117763811,0.103455,0,243,0.39,0,0,0.42,0,1,0
USR9508,34,4,38755,312,27522,500000,0.7101535285769578,0.055044,7,324,0.26,3,0,0.06,0,1,0
USR2241,49,2,22373,158,30265,200000,1.3527466142225004,0.151325,14,626,0.09,0,1,0.6,2,0,0
USR8451,48,3,19376,51,21336,100000,1.1011560693641618,0.21336,9,574,0.68,0,0,0.36,1,0,0
USR1492,53,1,17497,224,14334,100000,0.8192261530548094,0.14334,3,59,0.64,1,0,0.74,2,0,0
USR7428,25,5,7282,180,18983,100000,2.6068387805547926,0.18983,2,486,0.04,0,1,0.12,0,0,0
USR3611,30,3,39587,324,64477,300000,1.6287417586581454,0.21492333333333333,3,474,0.4,0,1,0.08,1,1,0
USR7560,38,3,39591,235,46448,300000,1.1731959283675584,0.15482666666666667,8,103,0.92,0,0,0.43,2,0,0
USR3616,65,2,6141,319,9945,200000,1.6194430874450416,0.049725,15,429,0.37,3,1,0.17,2,0,0
USR1088,42,1,31167,192,35424,100000,1.1365867744730003,0.35424,10,302,0.38,0,0,0.01,0,1,0
USR5369,18,3,13767,115,1000,100000,0.07263746640517178,0.01,16,693,0.22,0,0,0.99,2,0,0
USR6378,28,2,44748,228,14818,300000,0.3311432913202825,0.04939333333333333,6,680,0.1,0,0,0.21,1,0,0
USR3467,49,3,55062,111,18849,300000,0.34232319930260435,0.06283,5,39,0.84,1,0,0.37,0,0,0
USR5418,44,2,5785,293,1000,300000,0.17286084701815038,0.0033333333333333335,5,446,0.34,3,0,0.54,0,0,0
USR7599,26,1,15913,58,10984,300000,0.6902532520580658,0.03661333333333333,0,267,0.84,0,0,0.36,0,0,0
USR7011,54,2,5340,265,1298,300000,0.24307116104868914,0.004326666666666667,0,284,0.97,0,0,0.56,0,0,0
USR3923,35,2,42772,150,37503,500000,0.8768119330403067,0.075006,24,351,0.4,3,1,0.99,0,0,0
USR5431,51,4,53980,253,56725,500000,1.050852167469433,0.11345,5,388,0.71,0,0,0.91,2,0,0
USR9088,40,0,57314,69,66039,100000,1.1522315664584568,0.66039,9,553,0.53,3,0,0.87,0,0,0
USR6432,45,0,31086,30,36105,300000,1.161455317506273,0.12035,3,69,0.28,0,0,0.88,1,0,0
USR6197,47,2,43635,179,42273,500000,0.9687865245788931,0.084546,19,124,0.3,0,1,0.49,2,1,0
USR7450,32,2,56098,169,1000,500000,0.01782594744910692,0.002,31,269,0.58,0,1,0.87,0,0,0
USR2027,59,6,53456,150,9045,300000,0.1692045794672254,0.03015,13,565,0.24,1,0,0.31,1,1,0
USR1498,25,1,30518,320,42528,100000,1.3935382397273741,0.42528,7,589,0.02,1,0,0.48,0,1,0
USR5889,33,3,17413,347,28743,300000,1.6506632975363233,0.09581,9,271,0.33,0,0,0.73,0,1,0
USR1797,39,3,24225,28,16439,200000,0.6785964912280702,0.082195,12,381,0.01,0,0,0.74,2,0,0
USR2276,34,2,47727,169,52898,500000,1.108345381021225,0.105796,7,491,0.7,0,1,0.1,1,1,0
USR7851,49,2,13605,297,30824,200000,2.2656376332230796,0.15412,12,540,0.58,2,0,0.7,1,0,0
USR5292,59,0,23514,148,1000,300000,0.042527855745513314,0.0033333333333333335,7,306,0.08,1,1,0.5,0,1,0
USR2865,68,2,50505,176,80241,200000,1.5887733887733888,0.401205,15,37,0.21,0,0,0.86,0,0,0
USR8090,19,1,9727,295,14567,500000,1.4975840444124602,0.029134,4,187,0.32,1,0,0.48,2,0,0
USR3826,40,3,51132,304,96575,500000,1.8887389501681922,0.19315,2,82,0.19,1,0,0.72,0,0,0
USR4628,42,4,17145,248,25447,100000,1.484222805482648,0.25447,1,228,0.82,3,0,0.8,0,0,0
USR9016,31,2,10590,304,6170,300000,0.5826251180358829,0.020566666666666667,18,464,0.16,0,0,0.88,1,0,0
USR5891,49,3,51520,317,51526,300000,1.000116459627329,0.17175333333333334,5,56,0.05,3,0,0.28,2,0,0
USR7776,60,1,19087,44,9255,100000,0.4848850002619584,0.09255,15,655,0.1,3,0,0.36,0,0,0
USR5530,63,2,36331,75,1000,200000,0.027524703421320636,0.005,3,466,0.94,3,0,0.68,0,0,0
USR3626,58,0,46430,302,1000,100000,0.021537798836958864,0.01,4,384,0.63,1,1,0.7,1,0,0
USR3564,23,0,33694,171,44814,200000,1.3300290852970855,0.22407,3,239,0.18,0,1,0.28,0,0,0
USR2052,24,0,33099,144,12139,200000,0.36674824012810053,0.060695,14,458,0.11,1,1,0.78,1,1,0
USR3170,44,1,22508,243,1000,300000,0.0444286475919673,0.0033333333333333335,5,370,0.87,2,0,0.48,0,1,0
USR3606,51,0,45703,234,7187,100000,0.15725444719165044,0.07187,5,414,0.05,3,0,0.77,0,0,0
USR9290,35,3,25808,358,31885,300000,1.2354696218226906,0.10628333333333333,11,435,0.65,1,0,0.8,0,0,0
USR6942,42,1,25360,191,31087,300000,1.2258280757097793,0.10362333333333333,1,300,0.74,1,0,0.32,1,0,0
USR8590,24,3,13547,329,21692,300000,1.6012401269653798,0.07230666666666667,10,103,0.78,0,0,0.54,1,1,0
USR6004,41,0,49617,150,42811,300000,0.8628292722252454,0.14270333333333332,1,115,0.49,1,0,0.4,0,0,0
USR3021,43,2,36128,131,36614,300000,1.0134521700620018,0.12204666666666666,10,168,0.68,0,0,0.31,1,0,0
USR6940,29,4,49724,295,44004,200000,0.8849650068377444,0.22002,0,666,0.37,0,1,0.18,1,0,0
USR8336,57,2,9025,306,12429,200000,1.377174515235457,0.062145,3,497,0.57,1,0,0.57,2,0,0
USR4265,39,4,28303,65,39684,500000,1.402112850227891,0.079368,11,560,0.46,1,0,0.4,1,0,0
USR6913,33,1,46448,169,50632,200000,1.0900792283844298,0.25316,11,432,0.47,0,0,0.06,0,0,0
USR1705,56,3,31423,134,31816,500000,1.0125067625624542,0.063632,7,99,0.96,1,0,0.08,1,0,0
USR9309,40,1,12659,320,18985,300000,1.4997235168654712,0.06328333333333333,8,17,0.85,1,1,0.32,2,1,0
USR5118,37,3,12006,260,3577,500000,0.2979343661502582,0.007154,12,512,0.35,1,0,0.92,1,0,0
USR2533,39,2,19824,301,33080,200000,1.668684422921711,0.1654,14,249,0.93,1,0,0.5,2,0,0
USR6507,54,1,39464,296,40360,500000,1.022704236772755,0.08072,10,654,0.24,0,0,0.5,1,1,0
USR5427,64,1,49605,107,44236,500000,0.8917649430500958,0.088472,16,479,0.55,1,0,0.43,2,0,0
USR2176,35,0,42853,290,41371,200000,0.9654166569435045,0.206855,14,225,0.9,0,1,0.67,1,1,0
USR8974,18,2,59110,240,60811,200000,1.0287768567078328,0.304055,8,232,0.26,2,0,0.44,0,0,0
USR1582,36,1,35873,173,18171,300000,0.5065369497951105,0.06057,16,330,0.7,1,1,0.4,2,0,0
USR5547,42,5,28360,254,53643,300000,1.8915021156558534,0.17881,4,169,0.96,0,0,0.76,0,0,1
USR3638,42,4,20515,57,28252,300000,1.3771386790153546,0.09417333333333333,4,131,0.22,1,1,0.32,1,0,0
USR8438,64,2,32236,227,21457,500000,0.6656222856433801,0.042914,5,186,0.89,0,0,0.0,0,0,0
USR8983,22,3,7176,185,1388,300000,0.19342251950947603,0.004626666666666667,6,303,0.75,1,0,0.92,2,0,0
USR5888,30,4,15195,36,1000,200000,0.06581112207963145,0.005,18,392,0.85,0,1,0.9,0,0,0
USR4507,25,2,17602,65,13303,300000,0.7557663901829338,0.04434333333333333,11,635,0.95,1,1,0.58,1,0,0
USR1185,66,2,15521,218,13828,500000,0.8909219766767605,0.027656,7,197,0.43,0,1,0.9,0,0,0
USR5213,48,5,40948,344,10178,200000,0.2485591481879457,0.05089,8,681,0.33,2,0,0.86,2,0,0
USR4193,31,1,36555,123,51407,300000,1.4062918889344822,0.17135666666666666,3,259,0.46,1,0,0.1,2,0,0
USR7290,35,1,20523,27,33292,200000,1.6221799931783851,0.16646,11,390,0.65,2,0,0.15,2,0,0
USR4663,56,2,54430,150,48969,100000,0.8996693000183722,0.48969,11,493,0.55,1,0,0.53,0,0,0
USR9008,67,1,43213,12,24246,200000,0.5610811561335709,0.12123,2,53,0.3,2,0,0.23,2,1,0
USR1727,68,0,27318,157,17585,100000,0.6437147668204114,0.17585,1,330,0.73,1,0,0.64,0,1,0
USR8593,36,5,21589,263,16943,500000,0.784797813701422,0.033886,0,497,1.0,1,0,0.41,2,0,0
USR6582,29,2,23375,233,14982,200000,0.6409411764705882,0.07491,7,57,0.54,1,0,0.71,1,0,0
USR1968,68,1,13712,178,20090,300000,1.465140023337223,0.06696666666666666,5,70,0.48,0,1,0.36,1,0,0
USR8006,21,2,16108,128,16430,200000,1.0199900670474298,0.08215,1,528,0.51,2,0,0.37,2,0,0
USR6647,59,6,37934,176,28425,100000,0.7493277798281225,0.28425,13,603,0.03,1,0,0.05,2,0,0
USR2248,51,1,6363,195,10403,200000,1.6349206349206349,0.052015,13,57,0.56,0,1,0.95,2,1,0
USR3408,18,2,55719,44,82268,200000,1.4764801952655289,0.41134,4,22,0.02,3,0,0.78,1,0,0
USR5874,51,0,9173,65,1000,500000,0.10901558922925979,0.002,3,11,0.7,3,0,0.82,2,0,0
USR7258,62,2,23624,240,21061,100000,0.8915086352861497,0.21061,9,613,0.12,0,0,0.96,0,0,0
USR8741,21,4,21835,189,2325,100000,0.1064804213418823,0.02325,14,265,0.82,0,0,0.5,0,0,0
USR8058,40,0,57429,98,95731,500000,1.6669452715526998,0.191462,21,243,0.83,0,0,0.91,1,1,0
USR7211,52,0,42327,17,32363,500000,0.7645947031445649,0.064726,2,302,0.02,0,1,0.39,0,1,0
USR2020,56,1,57101,79,98821,100000,1.7306351902768777,0.98821,0,100,0.4,0,0,0.07,0,1,0
USR8789,56,2,21402,280,14848,300000,0.6937669376693767,0.049493333333333334,7,602,0.21,0,0,0.38,2,0,0
USR1252,69,3,27742,291,53048,300000,1.9121909018816234,0.17682666666666666,2,28,0.1,0,0,0.28,2,0,0
USR5108,67,1,34240,98,33679,100000,0.9836156542056075,0.33679,3,510,0.98,0,0,0.1,0,1,0
USR7347,26,3,19256,242,6451,200000,0.3350124636476942,0.032255,7,115,0.26,3,0,0.21,0,1,0
USR8007,57,1,10755,317,22833,500000,2.123012552301255,0.045666,9,601,0.14,0,1,0.6,0,1,0
USR4909,51,2,7600,351,8499,200000,1.1182894736842106,0.042495,0,323,0.62,0,1,0.65,0,0,0
USR9160,63,1,21194,65,34007,100000,1.6045578937435123,0.34007,10,268,0.45,0,0,0.67,0,0,0
USR8618,36,2,23689,280,20634,200000,0.8710371902570814,0.10317,8,289,0.59,0,0,0.7,0,0,0
USR2733,38,2,47051,162,49014,300000,1.0417206860640582,0.16338,11,32,0.94,2,0,0.22,0,1,0
USR3905,56,3,10285,315,4950,500000,0.48128342245989303,0.0099,4,528,0.75,0,0,0.91,1,1,0
USR5041,66,1,8676,316,1000,200000,0.11526048870447211,0.005,10,32,1.0,2,0,0.23,0,0,0
USR8918,35,3,15278,298,17975,300000,1.176528341405943,0.05991666666666667,4,243,0.74,0,0,0.01,0,0,0
USR7093,20,1,41932,245,17449,200000,0.416126108938281,0.087245,9,346,0.22,1,0,0.6,2,0,0
USR6423,49,2,6361,210,8268,500000,1.2997956296179847,0.016536,9,359,0.93,0,0,0.54,2,1,0
USR9977,44,1,36552,20,57991,100000,1.5865342525716788,0.57991,0,447,0.43,2,0,0.21,2,1,0
USR4150,18,5,24642,144,56302,500000,2.2847983118253388,0.112604,0,68,0.25,3,1,0.71,0,0,0
USR1607,43,2,10668,129,8130,300000,0.7620922384701913,0.0271,17,101,0.5,0,1,0.79,0,1,0
USR5854,22,1,36957,141,21648,300000,0.585761831317477,0.07216,6,549,0.49,1,0,0.93,1,1,0
USR4617,42,0,30398,344,43845,200000,1.4423646292519245,0.219225,4,639,0.11,3,0,0.52,2,1,0
USR9024,24,6,37963,288,35591,500000,0.9375181097384295,0.071182,12,358,0.55,3,1,0.25,2,0,0
USR8904,18,1,8927,160,5348,500000,0.5990814383331466,0.010696,14,512,0.91,3,0,0.95,1,0,0
USR2029,50,1,20721,289,9523,200000,0.45958206650258193,0.047615,0,495,0.32,0,0,0.9,0,1,0
USR2628,70,0,23978,222,28412,500000,1.1849195095504212,0.056824,11,539,0.79,2,0,0.88,2,0,0
USR8925,52,2,32518,7,10997,100000,0.33818193000799557,0.10997,8,671,0.67,3,1,0.18,1,0,0
USR4042,27,2,10520,338,14430,100000,1.3716730038022813,0.1443,9,84,0.53,1,0,0.79,0,0,0
USR4622,57,2,9733,170,5589,500000,0.5742319942463783,0.011178,4,109,0.11,0,0,0.22,0,0,0
USR5688,56,2,40062,157,20463,500000,0.5107832859068444,0.040926,1,337,0.34,2,0,0.75,1,0,0
USR6817,48,5,42865,70,42876,300000,1.0002566196197364,0.14292,4,320,0.41,0,0,0.87,1,1,0
USR3790,56,2,10552,44,15348,500000,1.454510993176649,0.030696,5,471,0.44,1,1,0.98,0,0,0
USR3265,40,1,20810,165,21287,100000,1.0229216722729457,0.21287,5,282,0.42,3,0,0.02,1,0,0
USR7907,29,1,55940,122,87402,300000,1.5624240257418662,0.29134,4,194,0.22,0,0,0.71,0,0,0
USR6672,53,6,30963,37,51332,100000,1.6578496915673546,0.51332,0,72,0.45,0,1,0.18,2,1,0
USR6776,65,3,42405,238,19581,300000,0.46176158471878315,0.06527,0,360,0.04,0,1,0.48,0,0,0
USR5758,44,1,57558,309,64172,200000,1.1149101775600263,0.32086,1,216,0.07,0,0,0.38,1,1,0
USR7512,53,4,19162,63,20898,200000,1.090595971192986,0.10449,3,653,0.61,3,1,0.71,0,0,0
USR7694,25,2,48626,117,43281,200000,0.8900793814008966,0.216405,11,506,0.83,3,0,0.84,1,1,0
USR7318,25,2,49535,233,27714,100000,0.5594831937014232,0.27714,6,277,0.77,0,1,0.58,0,0,0
USR5105,63,4,59482,196,109567,200000,1.842019434450758,0.547835,11,374,0.17,1,1,0.19,1,0,0
USR2836,29,7,31069,200,16284,100000,0.5241237246129583,0.16284,14,624,0.41,3,1,0.71,1,0,0
USR3143,20,2,45172,185,35130,300000,0.7776941468166121,0.1171,5,670,0.91,0,0,0.51,1,1,0
USR3887,43,1,23945,163,21563,500000,0.9005220296512841,0.043126,2,403,0.45,1,0,0.96,0,1,0
USR2348,51,2,58442,306,64467,300000,1.1030936655145271,0.21489,10,61,0.32,3,0,0.27,0,1,0
USR3910,24,1,53908,10,87527,500000,1.6236365660013357,0.175054,9,423,0.06,3,1,0.78,0,0,0
USR2880,37,6,34063,224,41209,200000,1.2097877462349176,0.206045,6,275,0.04,0,0,0.67,2,0,0
USR2161,51,3,29476,232,63020,200000,2.1380105848826165,0.3151,0,119,0.09,1,0,0.75,1,0,0
USR8912,19,8,28386,351,11070,100000,0.38998097653772984,0.1107,4,500,0.02,1,0,0.36,0,0,0
USR2631,57,3,40618,323,46456,500000,1.143729381062583,0.092912,9,617,0.31,0,0,0.13,2,0,0
USR4382,67,1,51287,310,1000,200000,0.019498118431571353,0.005,6,315,0.39,2,0,0.07,2,1,0
USR1164,18,3,43163,248,70474,500000,1.632741005027454,0.140948,7,550,0.38,1,0,0.37,0,1,0
USR5408,53,3,35257,314,58917,200000,1.6710724111523954,0.294585,10,583,0.72,0,0,0.59,1,0,0
USR5855,66,0,33554,228,24743,100000,0.7374083566787865,0.24743,14,694,0.86,1,0,0.11,2,0,0
USR3279,57,2,5570,364,8950,200000,1.606822262118492,0.04475,16,380,0.28,0,1,0.16,0,1,0
USR7161,59,2,14941,312,3100,200000,0.20748276554447492,0.0155,23,216,0.95,0,0,0.06,0,0,0
USR2880,41,1,12226,225,18435,300000,1.5078521184361198,0.06145,9,690,0.8,3,0,0.96,1,0,0
USR4494,54,2,24404,57,41743,500000,1.7104982789706606,0.083486,8,242,0.64,0,0,0.08,0,1,0
USR4100,36,1,58034,355,29918,200000,0.5155253816728125,0.14959,4,45,0.61,3,0,0.88,0,1,0
USR2661,67,2,28596,290,49405,200000,1.7276891872989228,0.247025,1,683,0.88,1,1,0.13,0,0,0
USR5437,26,1,21848,240,25631,500000,1.1731508604906629,0.051262,6,548,0.47,0,0,0.85,1,0,0
USR2266,27,0,19715,261,23773,300000,1.2058331219883338,0.07924333333333333,8,379,0.94,3,0,0.09,2,0,0
USR4001,65,1,40179,155,37864,200000,0.9423828368052963,0.18932,4,168,0.06,1,0,0.94,0,0,0
USR4103,31,0,50838,100,1000,200000,0.01967032534718124,0.005,2,323,0.8,1,0,0.33,2,1,0
USR1513,57,1,47043,30,34377,200000,0.7307569670301639,0.171885,14,82,0.35,0,0,0.3,0,0,0
USR4336,53,3,17453,135,17123,100000,0.9810920758608835,0.17123,0,614,0.3,3,0,0.56,2,0,0
USR7612,38,1,50541,6,29145,300000,0.5766605330325874,0.09715,14,178,0.31,1,0,0.0,1,0,0
USR1714,18,2,56934,235,88204,500000,1.5492324445849581,0.176408,1,376,0.06,2,0,0.42,0,0,0
USR2665,52,3,50991,164,17977,300000,0.35255241120982134,0.059923333333333335,10,521,0.04,0,0,0.13,0,0,0
USR1817,57,3,44892,85,90754,100000,2.02160741334759,0.90754,5,589,0.49,0,0,0.48,0,1,0
USR1801,64,3,10558,323,6035,500000,0.5716044705436636,0.01207,19,212,0.51,2,0,0.9,1,1,0
USR8240,30,5,25789,271,30363,500000,1.1773624413509636,0.060726,6,173,0.37,1,1,0.66,1,0,0
USR6863,27,1,21436,241,9749,100000,0.4547956708341108,0.09749,0,206,0.18,0,1,0.83,0,0,0
USR4898,20,4,30805,299,25171,300000,0.8171076124005843,0.08390333333333333,11,324,0.73,2,0,0.57,1,0,0
USR4958,67,2,31910,8,39733,300000,1.2451582575994986,0.13244333333333333,3,76,0.25,0,0,0.26,1,0,0
USR7096,69,0,15878,365,10344,300000,0.6514674392240837,0.03448,7,358,0.38,0,0,0.23,0,0,0
USR9518,57,2,21279,175,31864,200000,1.497438789416796,0.15932,5,201,0.04,3,0,0.29,0,0,0
USR6296,27,1,15938,61,23035,500000,1.4452879909649894,0.04607,13,79,0.62,0,1,0.76,0,0,0
USR3706,40,3,35957,292,27650,300000,0.7689740523402954,0.09216666666666666,9,175,0.03,1,0,0.2,0,0,0
USR5598,35,2,34896,248,67021,500000,1.9205926180651078,0.134042,4,77,0.12,1,0,0.63,0,1,0
USR6608,58,5,8791,4,5785,500000,0.6580593789102491,0.01157,8,287,0.61,3,0,0.28,0,0,0
USR9451,19,1,41071,66,88197,500000,2.147427625331743,0.176394,12,144,0.21,0,0,0.56,0,0,0
USR2616,50,4,30068,163,31837,300000,1.0588333111613675,0.10612333333333333,16,248,0.78,0,1,0.23,2,1,0
USR3565,24,1,28666,65,49450,200000,1.7250401172120282,0.24725,19,76,0.65,2,1,0.19,2,0,0
USR9795,50,2,37323,88,52486,300000,1.4062642338504407,0.17495333333333332,4,462,0.34,1,0,0.46,1,1,0
USR6528,51,2,32323,197,20609,300000,0.6375955202178015,0.06869666666666667,4,529,0.44,0,0,0.26,1,0,0
USR5242,56,3,53847,192,8990,500000,0.1669545192861255,0.01798,4,505,0.16,3,0,0.24,2,1,0
USR6102,43,2,15988,233,16805,300000,1.0511008256192145,0.056016666666666666,17,426,0.25,3,0,0.47,0,1,0
USR6515,33,6,15703,304,13859,200000,0.8825702095141056,0.069295,17,96,0.86,0,1,0.25,2,0,0
USR9351,27,4,7230,100,6603,500000,0.9132780082987552,0.013206,1,695,0.73,0,1,0.94,0,0,0
USR9240,67,3,39812,125,1000,500000,0.02511805485783181,0.002,8,507,0.49,1,0,0.3,2,1,0
USR2607,36,2,30464,348,1169,100000,0.038373161764705885,0.01169,3,87,0.05,0,1,0.22,1,0,0
USR2610,66,0,54242,86,116384,500000,2.145643597212492,0.232768,12,294,0.9,1,0,0.4,0,1,1
USR1418,61,1,9298,348,8613,300000,0.9263282426328243,0.02871,6,66,0.58,0,1,0.46,0,0,0
USR6438,58,0,39028,108,5668,300000,0.1452290663113662,0.018893333333333335,9,489,0.9,2,0,0.78,0,0,0
USR2732,33,3,9006,166,10398,300000,1.1545636242504997,0.03466,3,309,0.3,1,1,0.94,0,1,0
USR4650,24,4,34345,173,25821,500000,0.7518124909011501,0.051642,21,465,0.23,2,0,0.61,1,0,0
USR8178,37,2,25884,345,21949,200000,0.8479755833719672,0.109745,7,244,0.9,3,0,0.79,2,1,0
USR8820,35,1,13848,241,10187,100000,0.735629693818602,0.10187,14,383,0.91,3,0,0.57,0,0,0
USR3918,61,1,50710,288,38191,300000,0.7531256162492606,0.12730333333333332,15,242,0.46,0,1,0.3,0,0,0
USR8249,56,1,18269,301,16712,500000,0.914773660298867,0.033424,0,174,0.6,2,0,0.94,0,1,0
USR8147,61,1,7618,123,8351,300000,1.0962194801785246,0.027836666666666666,6,274,0.56,1,0,0.71,1,1,0
USR9810,54,0,19719,333,20617,300000,1.045539834677215,0.06872333333333333,6,91,0.77,2,0,0.04,1,0,0
USR7525,57,2,14890,354,25245,300000,1.6954331766286097,0.08415,3,224,0.81,2,0,0.61,0,0,0
USR4650,20,1,42952,326,84084,100000,1.9576271186440677,0.84084,3,178,0.53,0,1,0.54,0,0,0
USR6416,49,1,52101,166,40314,200000,0.773766338457995,0.20157,3,673,0.83,1,1,0.04,1,0,0
USR5700,34,1,56436,334,38114,500000,0.6753490679707987,0.076228,8,25,0.32,0,0,0.97,1,0,0
USR2360,27,1,55113,177,62561,200000,1.1351405294576598,0.312805,11,460,0.63,0,1,0.4,2,0,0
USR6358,62,3,28099,79,44081,200000,1.5687746894907293,0.220405,4,32,0.66,2,0,0.01,1,1,0
USR6041,23,2,8164,217,7253,500000,0.8884125428711416,0.014506,8,148,0.84,0,0,0.48,0,0,0
USR7481,22,2,7671,318,8375,100000,1.091774214574371,0.08375,13,329,0.83,0,0,0.71,0,1,0
USR2696,50,2,46938,137,83775,200000,1.7848012271507094,0.418875,3,36,0.81,1,1,0.95,0,0,0
USR4582,58,2,32386,280,28922,200000,0.8930402025566603,0.14461,4,581,0.43,0,0,0.3,0,0,0
USR9230,54,1,21508,357,12280,100000,0.5709503440580249,0.1228,2,173,0.55,0,0,0.42,1,0,0
USR2228,31,1,40183,26,73708,100000,1.8343080407137347,0.73708,3,228,0.72,2,1,0.69,0,0,0
USR9093,44,2,16618,241,5324,200000,0.3203754964496329,0.02662,8,569,0.23,0,1,0.02,0,0,0
USR1373,39,2,7941,230,5111,300000,0.6436217101120766,0.017036666666666665,5,41,0.04,0,1,0.57,0,0,0
USR5648,61,1,6881,68,2343,100000,0.3405028338904229,0.02343,0,643,0.7,0,1,0.36,0,0,0
USR8543,26,1,53601,334,84203,100000,1.5709221842876067,0.84203,2,439,0.27,0,0,0.9,0,1,0
USR7957,28,2,23443,341,7099,200000,0.30281960499936017,0.035495,3,335,0.22,2,0,0.32,0,1,0
USR5922,29,1,54241,181,50639,100000,0.9335926697516639,0.50639,1,336,0.34,0,1,0.87,2,0,0
USR6782,28,0,27927,231,48251,300000,1.7277545028108998,0.16083666666666666,4,548,0.87,1,1,0.76,0,0,0
USR7260,44,3,17748,287,31896,500000,1.7971602434077079,0.063792,8,657,0.76,3,0,0.15,0,0,0
USR8470,53,1,30763,91,12496,500000,0.40620225595683124,0.024992,4,468,0.17,1,1,0.83,0,0,0
USR2680,66,3,23293,61,30607,500000,1.3139999141372944,0.061214,3,491,0.9,1,1,0.3,0,0,0
USR7473,29,1,36301,347,42408,100000,1.1682322801024765,0.42408,8,520,0.14,1,0,0.55,0,1,0
USR2249,25,0,33164,107,42750,100000,1.2890483656977445,0.4275,0,314,0.36,3,0,0.67,0,0,0
USR7944,60,1,44560,255,68434,500000,1.5357719928186715,0.136868,20,45,0.87,1,1,0.29,0,1,0
USR6813,32,2,54281,159,104428,500000,1.9238407545918461,0.208856,14,263,0.5,0,0,0.64,2,0,0
USR7387,32,0,55078,146,85746,200000,1.5568103416972294,0.42873,10,557,0.56,0,0,0.78,0,1,0
USR8055,61,0,29881,81,26366,500000,0.8823667213279341,0.052732,7,177,0.49,0,0,0.2,0,1,0
USR6636,22,4,15770,234,24289,200000,1.5402029169308815,0.121445,9,113,0.32,1,1,0.68,2,1,0
USR9964,65,4,41635,84,23266,200000,0.5588086946079021,0.11633,11,136,0.69,3,0,0.23,2,0,0
USR7333,66,2,34092,42,10265,200000,0.3010970315616567,0.051325,10,180,0.12,0,1,0.7,1,0,0
USR5636,46,0,34007,287,28167,500000,0.8282706501602611,0.056334,10,660,0.93,0,0,0.33,0,0,0
USR7904,56,1,47847,173,60280,500000,1.2598491023470646,0.12056,9,150,0.48,0,0,0.78,2,0,0
USR9486,21,4,53321,237,105219,100000,1.973312578533786,1.05219,21,535,0.5,1,0,0.07,0,0,0
USR6300,25,0,29209,36,33828,200000,1.1581361909000651,0.16914,3,122,0.86,2,0,0.15,0,1,0
USR8476,26,6,32564,138,39746,500000,1.2205503009458298,0.079492,7,80,0.3,2,0,0.0,0,1,0
USR5549,68,1,15900,15,27468,200000,1.7275471698113207,0.13734,19,418,0.02,1,0,0.73,2,0,0
USR3357,56,2,19022,48,21330,500000,1.1213331931447796,0.04266,4,620,0.92,0,0,0.46,0,0,0
USR6599,38,3,27394,160,37853,100000,1.3817989340731547,0.37853,3,544,0.01,0,0,0.32,0,0,0
USR3011,23,1,56389,343,95980,300000,1.7021050204827182,0.31993333333333335,7,140,0.96,0,1,0.57,2,0,0
USR2622,40,1,45542,84,84295,500000,1.8509288129638575,0.16859,6,587,0.39,0,0,0.24,0,1,0
USR1775,69,0,37467,284,19579,200000,0.5225665252088505,0.097895,4,441,0.07,0,1,0.89,0,0,0
USR3187,54,2,29704,309,59581,100000,2.0058241314301104,0.59581,1,163,0.68,0,0,0.32,0,1,0
USR9308,47,0,52234,351,78648,200000,1.5056859516789831,0.39324,15,509,0.12,0,0,0.57,0,1,0
USR7280,25,2,45722,96,66160,500000,1.4470058177682517,0.13232,17,410,0.19,0,0,0.03,0,0,0
USR2395,20,1,47932,66,29663,200000,0.6188558791621463,0.148315,11,215,0.23,1,0,0.55,1,1,0
USR3527,35,2,38691,146,54305,200000,1.4035563826212814,0.271525,15,151,0.83,1,0,0.98,2,0,0
USR9752,67,1,55954,263,93013,500000,1.6623118990599421,0.186026,9,364,0.04,2,0,0.5,1,1,0
USR1523,29,2,29489,315,9961,200000,0.3377869714130693,0.049805,7,486,0.89,0,0,0.07,1,0,0
USR5888,64,6,58044,361,45012,100000,0.7754806698366756,0.45012,4,108,0.77,1,1,0.7,2,0,0
USR6253,33,2,19342,283,1000,500000,0.05170096163788646,0.002,3,65,0.93,0,0,0.25,1,0,0
USR1522,38,0,45475,200,1000,300000,0.02199010445299615,0.0033333333333333335,13,695,0.82,0,0,0.47,2,0,0
USR2329,40,0,32405,9,41313,300000,1.274895849405956,0.13771,1,194,1.0,0,0,0.45,2,0,0
USR7379,25,2,19327,188,36876,100000,1.9080043462513583,0.36876,17,674,0.46,0,0,0.4,0,0,0
USR5520,24,3,36728,47,35021,500000,0.9535231975604443,0.070042,3,488,0.6,3,0,0.58,1,1,0
USR7007,42,2,20284,21,17820,100000,0.8785249457700651,0.1782,6,241,0.62,2,1,0.7,0,0,0
USR6337,22,1,50512,204,24582,500000,0.48665663604688,0.049164,2,511,0.53,0,0,0.68,0,1,0
USR9926,64,1,59427,339,31945,200000,0.5375502717619937,0.159725,2,590,0.15,1,1,0.43,1,0,0
USR5957,63,1,42167,175,33851,300000,0.8027841677140892,0.11283666666666667,9,215,0.5,2,0,0.2,0,0,0
USR9485,23,3,53217,328,59458,500000,1.117274555123363,0.118916,5,433,0.12,0,0,0.88,2,1,0
USR5088,28,2,14927,15,13653,500000,0.9146513030079721,0.027306,17,191,0.42,0,0,1.0,0,1,0
USR3206,61,0,7080,65,8773,500000,1.2391242937853106,0.017546,2,516,0.62,3,0,0.34,0,0,0
USR5287,43,1,31140,273,18529,100000,0.5950224791265254,0.18529,2,430,0.44,0,0,0.64,0,0,0
USR3597,37,1,23690,255,21168,500000,0.8935415787252005,0.042336,4,104,0.75,1,0,0.91,1,0,0
USR9791,59,2,46850,69,1000,500000,0.021344717182497332,0.002,14,438,0.8,1,0,0.55,2,0,0
USR6312,60,4,27366,181,64678,300000,2.3634436892494337,0.21559333333333333,13,664,0.22,1,0,0.63,0,1,0
USR2125,21,1,11559,51,15020,300000,1.2994203650834848,0.05006666666666667,10,361,0.28,0,1,0.84,1,0,0
USR6776,48,2,56322,187,43220,100000,0.7673733177088882,0.4322,2,208,0.2,2,1,0.39,1,0,0
USR8841,53,0,56822,171,45097,300000,0.7936538664601739,0.15032333333333334,10,525,0.19,3,0,0.47,2,1,0
USR5044,42,0,34122,90,36712,100000,1.0759041087861203,0.36712,0,166,0.57,1,0,0.88,0,1,0
USR5045,42,2,7062,85,9639,500000,1.364910790144435,0.019278,10,440,0.9,0,0,0.52,2,0,0
USR3656,56,2,43599,2,31708,100000,0.7272643867978623,0.31708,4,189,0.17,1,0,0.13,0,0,0
USR6524,27,0,35063,334,15638,300000,0.4459972050309443,0.05212666666666667,9,674,0.06,1,1,0.69,0,1,0
USR2002,42,1,57413,304,91096,300000,1.5866789751450021,0.30365333333333333,10,362,0.08,1,0,0.0,1,0,0
USR5604,40,3,35951,2,56500,500000,1.5715835442685877,0.113,20,77,0.02,0,0,0.99,0,0,0
USR7602,39,0,46863,8,61737,100000,1.3173932526726841,0.61737,6,597,0.11,0,0,0.49,0,1,0
USR7347,58,1,30425,328,41756,100000,1.3724239934264586,0.41756,14,513,0.55,1,0,0.48,0,0,0
USR1894,22,1,34809,302,65436,200000,1.8798586572438163,0.32718,16,92,0.84,1,0,0.32,2,1,1
USR5146,27,5,11869,186,15431,500000,1.3001095290251916,0.030862,1,146,0.33,1,0,0.73,0,1,0
USR2827,29,5,19745,324,23371,100000,1.1836414282096734,0.23371,12,588,0.46,3,1,0.68,0,1,0
USR2336,18,2,28067,143,11805,100000,0.4206007054548046,0.11805,19,491,0.13,0,0,0.16,0,0,0
USR6059,19,5,36658,204,52835,100000,1.4412952152326914,0.52835,19,538,0.94,0,0,0.35,0,0,0
USR1290,25,2,39650,177,6416,500000,0.1618158890290038,0.012832,8,125,0.74,2,0,0.03,0,0,0
USR2765,21,3,34320,37,23095,100000,0.6729312354312355,0.23095,18,563,0.2,0,1,0.51,0,0,0
USR6271,29,0,16440,329,12512,100000,0.7610705596107056,0.12512,1,499,0.42,0,0,0.6,0,0,0
USR1172,18,2,39949,40,35111,200000,0.8788955918796465,0.175555,8,88,0.09,0,0,0.32,1,0,0
USR1302,54,0,50826,69,47376,200000,0.9321213552118994,0.23688,4,334,0.09,3,0,0.63,2,0,0
USR1326,48,2,56200,237,63924,100000,1.1374377224199288,0.63924,14,173,0.89,1,0,0.6,0,1,0
USR7235,64,5,23255,270,14473,200000,0.6223607826273919,0.072365,0,86,0.31,3,1,0.56,0,0,0
USR1017,29,3,23982,2,37162,100000,1.5495788508047703,0.37162,11,90,0.71,3,0,0.58,0,0,0
USR6677,39,0,42244,39,76130,300000,1.8021494176687813,0.25376666666666664,15,442,0.8,0,0,0.93,0,0,1
USR3203,69,0,29162,316,60156,200000,2.06282148000823,0.30078,9,475,0.66,0,0,0.81,2,0,0
USR9823,26,2,12788,75,5319,500000,0.4159368157647795,0.010638,14,219,0.88,2,0,0.05,0,0,0
USR9332,32,2,43498,173,33246,100000,0.7643110028047266,0.33246,4,276,0.36,0,0,0.91,0,0,0
USR6155,40,0,37966,166,19588,500000,0.5159353105410104,0.039176,7,333,0.21,1,0,0.98,0,1,0
USR9388,27,4,27616,365,20244,500000,0.733053302433372,0.040488,1,382,0.05,0,0,0.18,0,0,0
USR3436,47,4,49130,148,105072,500000,2.1386525544473844,0.210144,1,363,0.75,1,0,0.23,0,1,1
USR3739,24,1,39158,265,50535,100000,1.2905408856427805,0.50535,10,386,0.32,0,0,0.77,0,0,0
USR8807,48,1,59883,68,5694,500000,0.09508541656229648,0.011388,3,100,0.06,0,0,0.49,2,0,0
USR2192,36,0,25039,268,27768,500000,1.1089899756380046,0.055536,0,100,0.49,2,0,0.55,0,0,0
USR2455,66,5,56333,164,17990,200000,0.31935100207693534,0.08995,15,29,0.5,2,1,0.65,0,0,0
USR5399,58,1,33129,18,32843,200000,0.991367080201636,0.164215,4,419,0.08,1,1,0.68,0,1,0
USR9896,41,3,57949,71,93742,100000,1.617663807831024,0.93742,12,339,0.68,0,0,0.25,1,0,0
USR6687,68,2,56482,10,74753,300000,1.323483587691654,0.24917666666666666,13,574,0.64,1,0,0.4,2,0,0
USR5441,58,2,16695,141,20489,300000,1.2272536687631028,0.06829666666666667,9,660,0.71,0,0,0.11,1,1,0
USR1853,37,4,49659,107,43075,100000,0.8674157755895205,0.43075,1,12,0.89,3,0,0.05,0,0,0
USR6795,57,3,58634,78,92362,500000,1.5752293890916533,0.184724,8,114,0.13,0,1,0.98,0,0,0
USR9144,63,3,46505,67,6438,500000,0.1384367272336308,0.012876,4,521,0.34,0,0,0.52,0,0,0
USR1055,65,3,26029,361,23670,100000,0.9093703177225403,0.2367,0,21,0.47,3,1,0.45,2,0,0
USR1260,45,3,55197,333,72094,500000,1.3061217095131983,0.144188,2,21,0.65,3,1,0.42,0,1,0
USR2698,28,1,41993,275,47090,200000,1.1213773724192126,0.23545,10,553,0.75,1,0,0.31,0,0,0
USR4946,19,2,52922,199,8178,200000,0.15452930728241562,0.04089,2,573,0.0,0,0,0.92,0,0,0
USR1499,67,2,14637,165,19860,200000,1.3568354170936667,0.0993,8,599,0.72,0,1,0.23,2,0,0
USR7744,42,2,28834,212,53553,100000,1.8572865367274745,0.53553,5,546,0.72,1,1,0.11,1,0,0
USR6796,18,0,33229,29,28085,500000,0.8451954617954197,0.05617,2,8,0.75,3,0,0.27,0,0,0
USR6207,48,1,40509,308,23683,100000,0.5846355130958553,0.23683,9,692,0.68,0,1,0.51,0,0,0
USR5479,53,2,7809,149,5240,200000,0.671020617236522,0.0262,6,536,0.81,2,0,0.32,1,0,0
USR9927,52,2,59339,51,69607,100000,1.1730396535162373,0.69607,1,110,0.35,0,0,0.01,0,0,0
USR7494,37,1,32314,149,6349,500000,0.1964783066163273,0.012698,7,494,0.43,1,0,0.06,0,0,0
USR5366,48,1,18276,268,1000,100000,0.05471656817684395,0.01,5,629,0.11,2,0,0.95,2,1,0
USR1663,60,0,57982,299,89603,500000,1.5453589044875995,0.179206,9,149,0.92,1,1,0.72,2,0,0
USR3788,61,1,31081,274,34457,500000,1.1086194137897751,0.068914,16,126,0.08,1,0,0.96,1,0,0
USR5935,54,2,5060,72,1000,100000,0.1976284584980237,0.01,5,686,0.12,1,0,0.84,0,0,0
USR2282,22,1,16962,165,15289,200000,0.9013677632354675,0.076445,7,215,0.28,1,1,0.29,2,0,0
USR3089,25,2,58855,210,27327,100000,0.4643105938322997,0.27327,10,286,0.31,1,0,0.5,2,0,0
USR9525,21,3,15740,362,28150,200000,1.7884371029224904,0.14075,2,363,0.22,0,0,0.19,0,0,0
USR9803,55,2,54178,17,41733,100000,0.77029421536417,0.41733,5,65,0.18,1,1,0.39,1,0,0
USR5799,34,1,55742,186,56811,100000,1.0191776398406946,0.56811,16,108,0.62,0,0,0.48,0,1,0
USR9303,30,4,56880,265,97215,200000,1.7091244725738397,0.486075,9,493,0.07,1,0,0.33,0,0,0
USR8275,54,2,40398,319,53422,200000,1.3223921976335462,0.26711,13,690,0.55,3,0,0.24,2,0,0
USR7539,44,5,27559,276,45596,100000,1.6544867375449037,0.45596,2,283,0.2,3,1,0.47,0,0,0
USR8423,50,2,12366,295,2607,500000,0.21081999029597284,0.005214,2,329,0.41,0,0,0.07,0,0,0
USR6949,58,3,24572,232,13898,200000,0.5656031255087091,0.06949,4,40,0.15,0,0,0.3,0,0,0
USR1909,55,0,9920,65,9878,200000,0.995766129032258,0.04939,4,465,0.12,1,0,0.31,1,0,0
USR9808,29,3,23122,291,18456,500000,0.7982008476775365,0.036912,6,10,0.28,2,0,0.08,1,0,0
USR4981,34,3,6552,27,11764,200000,1.7954822954822955,0.05882,0,360,0.34,1,1,0.95,0,0,0
USR5437,28,3,37922,163,3048,500000,0.08037550762090608,0.006096,4,457,0.74,0,0,0.92,1,0,0
USR4111,61,3,23100,337,1000,200000,0.04329004329004329,0.005,9,627,0.43,3,0,0.31,0,0,0
USR9484,46,6,44779,105,56314,200000,1.257598427834476,0.28157,9,610,0.4,0,0,0.05,0,0,0
USR6723,58,2,8228,25,19379,100000,2.3552503646086533,0.19379,0,476,0.48,0,0,0.66,1,1,0
USR6994,68,1,50254,275,36156,100000,0.7194651172046006,0.36156,5,73,0.38,1,0,0.11,1,0,0
USR3521,62,2,16549,263,39031,200000,2.35851108828328,0.195155,11,517,0.68,3,0,0.67,0,0,0
USR1963,35,2,32369,92,51019,100000,1.5761685563347647,0.51019,9,596,0.55,2,0,0.15,2,0,0
USR4841,66,6,55684,197,34276,500000,0.6155448602830257,0.068552,35,76,0.18,1,0,0.11,0,1,0
USR2736,32,3,9575,253,7206,200000,0.7525848563968668,0.03603,13,393,0.87,2,0,0.09,1,0,0
USR1504,49,2,17479,249,23129,500000,1.3232450369014246,0.046258,11,557,0.79,0,0,0.12,0,0,0
USR1136,36,1,51233,107,48375,500000,0.9442156422618234,0.09675,4,613,0.56,0,0,0.86,1,0,0
USR1080,57,5,41077,75,73469,300000,1.7885678116707646,0.24489666666666668,7,468,0.1,1,0,0.79,0,1,0
USR7573,41,2,51476,10,83383,200000,1.6198422565855932,0.416915,14,445,0.9,1,0,0.58,2,1,0
USR9574,70,0,8083,40,10538,100000,1.3037238649016454,0.10538,17,105,0.19,1,0,0.67,0,0,0
USR2988,30,3,6674,153,8336,300000,1.2490260713215462,0.027786666666666668,0,155,0.81,2,0,0.26,0,0,0
USR4143,51,3,28508,321,22493,300000,0.789006594640101,0.07497666666666666,8,688,0.07,1,1,0.89,0,0,0
USR6101,36,1,50465,359,1000,500000,0.019815713861091846,0.002,3,210,0.92,0,0,0.01,0,1,0
USR7876,20,3,20047,314,7720,200000,0.3850950266872849,0.0386,1,476,0.28,0,0,0.46,0,0,0
USR3587,23,3,47955,322,27380,100000,0.57095193410489,0.2738,1,363,0.5,1,0,0.77,1,0,0
USR2289,38,0,49825,132,93123,500000,1.8690015052684394,0.186246,4,628,0.4,3,0,0.42,2,0,0
USR1758,18,4,36406,227,25097,300000,0.6893643904850849,0.08365666666666667,5,234,0.45,1,1,0.58,0,1,0
USR9597,24,2,49924,176,41291,100000,0.8270771572790642,0.41291,9,680,0.4,0,1,0.99,0,0,0
USR1462,61,3,59872,62,90845,500000,1.517320283270978,0.18169,5,649,0.46,2,0,0.48,0,0,0
USR1827,21,2,26271,240,11294,100000,0.42990369609074647,0.11294,4,322,0.17,0,0,0.55,1,0,0
USR1833,37,1,30938,30,48246,100000,1.559441463572306,0.48246,2,622,0.56,0,0,0.51,0,0,0
USR2735,61,0,32594,71,37000,300000,1.1351782536663189,0.12333333333333334,19,613,0.86,3,0,0.69,1,0,0
USR7037,35,0,11022,320,11843,300000,1.0744873888586464,0.03947666666666667,11,245,0.13,2,0,0.58,0,0,0
USR8631,31,5,10812,159,16493,500000,1.52543470218276,0.032986,2,105,0.48,0,0,0.67,0,0,0
USR1785,57,1,26646,315,35791,100000,1.3432034826990917,0.35791,0,668,0.47,1,0,0.23,2,0,0
USR6594,63,1,27356,59,8098,200000,0.2960228103523907,0.04049,5,578,0.98,2,1,0.21,1,1,0
USR1809,31,0,38757,125,29283,500000,0.7555538354361793,0.058566,17,333,0.57,3,0,0.02,2,0,0
USR7428,54,0,45843,299,4246,200000,0.09262046550182143,0.02123,1,611,0.04,0,0,0.51,1,0,0
USR7183,70,3,32105,205,35322,200000,1.100202460675907,0.17661,9,475,0.36,2,0,0.94,1,1,0
USR3830,70,1,16831,90,23595,100000,1.4018774879686293,0.23595,7,139,1.0,0,0,0.03,0,1,0
USR2736,37,1,13412,139,1339,300000,0.09983596779003877,0.004463333333333333,0,258,0.3,0,0,0.98,2,0,0
USR3378,31,5,54724,127,69686,500000,1.2734083765806594,0.139372,11,569,0.54,0,0,0.65,2,0,0
USR1461,43,2,42292,80,21802,200000,0.5155112077934361,0.10901,1,656,0.92,0,0,0.23,0,0,0
USR8807,55,1,7911,234,2413,100000,0.3050183289091139,0.02413,7,263,0.06,1,0,0.58,1,1,0
USR5291,70,1,10565,327,4981,300000,0.47146237576904876,0.016603333333333335,20,185,0.7,0,0,0.41,1,1,0
USR5587,67,1,42335,52,49720,100000,1.1744419511042872,0.4972,3,107,0.51,2,0,0.75,2,0,0
USR3475,36,3,44385,103,80017,300000,1.802793736622733,0.2667233333333333,8,397,0.86,1,0,0.46,1,0,0
USR9756,59,3,11997,104,5152,300000,0.42944069350671,0.017173333333333332,4,172,0.03,0,0,0.73,0,1,0
USR4845,62,2,49115,347,1000,500000,0.020360378703043875,0.002,6,592,0.47,0,0,0.86,0,0,0
USR6673,67,1,58309,242,122330,500000,2.0979608636745612,0.24466,6,277,0.97,1,1,0.2,0,1,1
USR7716,28,0,54731,72,92220,500000,1.6849682995011968,0.18444,2,100,0.01,3,0,0.46,0,0,0
USR7686,49,1,49921,316,104237,100000,2.0880391017808138,1.04237,3,561,0.98,0,0,0.05,0,0,0
USR4224,63,0,22264,271,10957,500000,0.4921397772188286,0.021914,1,466,0.04,0,0,0.02,1,0,0
USR2430,69,1,40294,71,56622,100000,1.405221621085025,0.56622,4,67,0.46,3,1,0.29,0,0,0
USR8079,57,1,42879,282,38764,300000,0.9040322768721285,0.12921333333333335,13,247,0.54,0,0,0.48,1,0,0
USR8234,31,3,18844,333,29842,200000,1.5836340479728295,0.14921,6,376,0.26,1,1,0.47,0,0,0
USR9170,31,4,24881,83,13030,100000,0.5236927776214783,0.1303,7,215,0.15,0,0,0.44,0,0,0
USR8767,39,1,26939,102,56412,100000,2.094064367645421,0.56412,4,548,0.39,1,0,0.26,2,0,0
USR6672,18,4,32765,328,26465,300000,0.8077216542041813,0.08821666666666667,6,368,0.26,0,1,0.45,0,1,0
USR6726,35,4,10670,31,3141,500000,0.2943767572633552,0.006282,3,366,0.98,0,1,0.85,2,0,0
USR2359,48,2,46266,138,37650,500000,0.8137725327454286,0.0753,1,70,0.09,1,0,0.67,1,0,0
USR3665,34,0,42661,233,27025,500000,0.633482571904081,0.05405,10,355,0.38,1,0,0.35,2,0,0
USR3732,36,3,55901,69,35780,300000,0.6400601062592798,0.11926666666666667,14,545,0.71,1,0,0.19,2,0,0
USR1989,51,2,59205,305,61135,300000,1.0325985980913774,0.20378333333333334,4,456,0.84,2,1,0.08,0,0,0
USR4540,69,3,31183,57,61709,200000,1.9789308276945772,0.308545,10,670,0.37,1,0,0.09,0,0,0
USR5511,25,3,18490,120,26916,300000,1.4557057869118442,0.08972,3,32,0.97,0,0,0.44,0,1,0
USR1079,49,2,32926,144,26895,300000,0.8168316831683168,0.08965,2,170,0.11,1,0,0.82,1,0,0
USR6826,54,1,10470,51,1000,500000,0.09551098376313276,0.002,5,251,0.19,0,1,0.31,1,1,0
USR7531,70,3,19457,100,14235,300000,0.7316133011255589,0.04745,16,21,0.0,1,0,0.85,0,1,0
USR5972,56,2,53625,29,102181,200000,1.9054731934731934,0.510905,10,377,0.21,3,0,0.84,1,0,0
USR3781,33,0,12857,254,1000,100000,0.07777864198491094,0.01,0,657,0.94,3,0,0.68,1,0,0
USR5777,42,0,21892,338,14450,500000,0.6600584688470674,0.0289,2,617,0.62,0,1,0.54,0,0,0
USR1973,19,0,45166,29,18268,500000,0.40446353451711464,0.036536,13,518,0.76,0,0,0.72,0,1,0
USR4453,57,0,50772,18,10945,500000,0.21557157488379422,0.02189,6,180,0.98,0,0,0.95,0,0,0
USR4575,66,2,46269,99,9244,300000,0.19978819511984267,0.030813333333333335,0,135,0.43,3,0,0.09,1,1,0
USR3986,63,1,43672,258,29078,200000,0.6658270745557795,0.14539,0,302,0.64,3,0,0.99,1,0,0
USR1574,24,2,33666,207,18263,500000,0.5424760886354185,0.036526,14,249,0.81,1,0,0.29,0,0,0
USR7088,60,4,48700,132,82019,100000,1.6841683778234087,0.82019,25,108,0.46,1,0,0.4,2,0,0
USR6771,56,2,58111,141,88121,200000,1.5164254616165613,0.440605,8,441,0.89,0,0,0.57,2,1,0
USR1118,69,2,45522,55,1000,500000,0.021967400377839286,0.002,2,63,0.93,1,0,0.12,0,0,0
USR1669,60,1,19799,220,6735,200000,0.340168695388656,0.033675,5,615,0.93,3,0,0.87,0,0,0
USR6310,36,1,55341,86,74979,100000,1.3548544478777036,0.74979,11,251,0.11,1,1,0.64,0,0,0
USR2903,40,4,7833,252,4672,100000,0.5964509128048002,0.04672,7,603,0.44,0,0,0.29,2,0,0
USR3465,69,1,40503,278,45156,500000,1.1148803792311681,0.090312,1,413,0.49,0,0,0.52,0,0,0
USR4476,26,3,56942,224,71482,200000,1.2553475466263917,0.35741,14,496,0.08,2,1,0.11,1,0,0
USR4941,35,0,15367,314,23840,200000,1.5513763258931477,0.1192,4,359,0.13,1,0,0.39,0,1,0
USR5093,59,4,29127,88,43801,100000,1.503793730902599,0.43801,4,232,0.34,2,0,1.0,0,0,0
USR4722,25,1,40187,115,1000,100000,0.02488366884813497,0.01,2,595,0.02,0,0,0.09,2,0,0
USR4397,52,4,40712,335,37654,200000,0.9248870112006288,0.18827,12,376,0.04,0,0,0.36,0,1,0
USR8091,20,3,6211,21,3623,500000,0.5833199162775721,0.007246,6,556,0.93,0,0,0.34,0,0,0
USR2783,59,6,53153,340,28869,200000,0.5431302090192464,0.144345,3,522,0.66,1,0,0.04,2,0,0
USR3794,44,4,21532,240,26573,200000,1.2341166635704997,0.132865,10,412,0.5,1,0,0.57,2,0,0
USR9330,52,1,9551,314,11332,500000,1.186472620667993,0.022664,6,692,0.19,0,0,0.1,0,0,0
USR3457,33,3,44993,97,88856,200000,1.9748849821083279,0.44428,16,51,0.53,0,0,0.58,0,0,0
USR7212,30,4,46508,279,49969,200000,1.074417304549755,0.249845,0,297,0.84,2,0,0.02,2,0,0
USR4660,24,0,9773,35,1000,100000,0.10232272587741738,0.01,8,359,0.99,0,0,0.97,0,1,0
USR9359,48,1,28515,167,55160,200000,1.9344204804488865,0.2758,10,486,0.68,0,1,0.21,2,0,0
USR8894,51,1,25269,104,41260,500000,1.6328307412244252,0.08252,0,8,0.62,0,0,0.08,1,0,0
USR4865,53,2,35725,158,75748,300000,2.1203079076277116,0.25249333333333335,15,67,0.78,3,0,0.7,0,1,1
USR4971,57,1,38572,114,53545,200000,1.3881831380275849,0.267725,5,399,0.3,0,0,0.02,0,0,0
USR1331,55,1,18036,45,5109,100000,0.2832667997338656,0.05109,8,362,0.71,1,1,0.18,1,0,0
USR2503,26,1,45857,256,36465,200000,0.7951893931133742,0.182325,5,232,0.92,1,0,0.98,0,0,0
USR4468,28,1,57794,296,14915,300000,0.2580717721562792,0.049716666666666666,11,399,0.16,1,0,0.68,0,0,0
USR8820,46,3,23825,120,21556,500000,0.9047639034627493,0.043112,16,242,0.26,3,0,0.88,2,0,0
USR6139,20,2,27398,161,38210,500000,1.3946273450616833,0.07642,5,537,0.68,2,0,0.3,1,0,0
USR1971,55,1,23467,65,42596,100000,1.8151446712404653,0.42596,3,278,0.14,2,0,0.13,0,0,0
USR1287,28,1,43563,101,39550,100000,0.9078805408259303,0.3955,4,521,0.16,0,0,0.12,2,0,0
USR3150,56,1,51691,203,83756,300000,1.620320752161885,0.2791866666666667,17,43,0.27,1,0,0.04,0,1,0
USR6110,53,5,27259,194,27024,100000,0.9913789940936938,0.27024,4,207,0.69,0,0,0.23,0,0,0
USR9980,41,0,20282,82,18068,100000,0.8908391677349374,0.18068,7,191,0.78,2,0,0.91,0,0,0
USR7159,54,2,29310,74,31688,200000,1.0811327192084612,0.15844,0,364,0.1,1,1,0.45,2,1,0
USR9478,35,3,9067,231,8373,500000,0.9234586963714569,0.016746,4,328,0.91,0,0,0.63,1,0,0
USR6212,45,2,19670,164,36781,200000,1.8699034062023385,0.183905,5,154,0.15,0,0,0.82,2,1,1
USR6372,47,2,25541,95,38088,300000,1.4912493637680593,0.12696,7,120,0.18,1,0,0.01,1,0,0
USR3362,18,1,46846,106,53092,500000,1.1333304871280365,0.106184,6,598,0.92,1,0,0.5,0,0,0
USR1706,46,1,30502,136,21220,200000,0.6956920857648679,0.1061,4,663,0.73,2,0,0.52,0,0,0
USR8591,32,2,52356,163,44373,100000,0.8475246390098556,0.44373,0,156,0.98,1,0,0.63,1,0,0
USR6123,38,1,10419,165,18312,300000,1.7575583069392455,0.06104,13,345,0.79,1,0,0.24,0,0,0
USR3872,44,2,55505,148,29876,500000,0.5382578146112963,0.059752,10,271,0.36,2,1,0.64,2,0,0
USR4849,19,0,38653,333,41965,200000,1.085685457791116,0.209825,6,532,0.47,1,0,0.82,0,0,0
USR2545,20,4,50505,6,60672,300000,1.2013068013068013,0.20224,4,427,0.15,3,1,0.63,0,1,0
USR6063,27,0,58803,131,46624,300000,0.7928847167661514,0.15541333333333332,9,110,0.21,0,0,0.74,0,0,0
USR9097,22,2,45050,76,84025,100000,1.865149833518313,0.84025,1,603,0.14,1,0,0.01,0,0,0
USR5691,54,0,39841,90,64180,200000,1.610903340779599,0.3209,14,19,0.2,0,0,0.75,0,1,0
USR6527,30,1,17516,286,8190,100000,0.4675725051381594,0.0819,12,677,0.81,0,0,0.59,0,0,0
USR7696,40,1,44643,256,48133,500000,1.0781757498376006,0.096266,0,264,0.6,0,0,0.74,1,0,0
USR5467,58,0,43506,11,25775,500000,0.5924470188020043,0.05155,17,279,0.2,0,0,0.63,0,1,0
USR3665,18,3,48429,57,68954,100000,1.42381630841025,0.68954,2,426,0.9,3,0,0.0,1,0,0
USR8125,25,3,58693,175,68620,100000,1.1691343090317414,0.6862,4,493,0.34,3,0,0.95,1,0,0
USR5384,58,3,58702,335,12203,500000,0.20788048107389867,0.024406,4,661,0.3,1,1,0.05,0,0,0
USR3103,50,4,23562,270,6104,500000,0.2590612002376708,0.012208,13,458,0.59,2,0,0.11,2,0,0
USR5453,22,2,11794,129,10529,500000,0.8927420722401221,0.021058,8,181,0.97,0,0,0.0,0,0,0
USR9551,27,1,16560,177,4894,200000,0.2955314009661836,0.02447,0,204,0.99,0,0,0.39,1,0,0
USR6954,46,2,52599,179,32015,300000,0.6086617616304493,0.10671666666666667,6,506,0.23,1,1,0.02,1,0,0
USR8680,46,3,55390,155,65123,100000,1.1757176385629176,0.65123,5,450,0.65,2,0,0.74,0,0,0
USR5450,56,0,39228,82,4016,200000,0.1023758539818497,0.02008,13,399,0.37,0,1,0.77,1,1,0
USR8537,58,3,8071,333,13930,200000,1.7259323503902861,0.06965,14,43,0.34,1,0,0.22,0,0,0
USR1591,30,2,40030,346,28903,300000,0.7220334748938296,0.09634333333333334,12,115,0.95,0,1,0.05,1,0,0
USR7598,61,1,13864,207,8215,100000,0.5925418349682632,0.08215,6,180,0.98,2,0,0.54,0,0,0
USR1396,57,1,41839,232,59984,500000,1.4336862735725042,0.119968,6,368,0.67,0,0,0.82,0,0,0
USR1013,22,0,38708,287,45284,300000,1.1698873617856773,0.15094666666666667,10,402,0.82,1,1,0.67,2,1,0
USR7161,29,0,47616,4,45098,200000,0.9471186155913979,0.22549,18,230,0.15,0,0,0.65,0,1,0
USR2098,52,2,38688,283,44078,100000,1.1393196856906533,0.44078,0,66,0.76,0,0,0.58,0,0,0
USR9269,57,1,18237,227,1000,300000,0.054833580084443716,0.0033333333333333335,7,148,0.75,1,0,0.13,2,1,0
USR6133,26,2,5331,42,4922,200000,0.9232789345338586,0.02461,6,283,0.45,1,0,0.1,2,0,0
USR8836,20,0,15929,164,1619,100000,0.10163852093665642,0.01619,16,154,0.79,2,1,0.23,1,0,0
USR4647,42,2,28831,239,20714,500000,0.7184627657729528,0.041428,15,579,0.42,0,0,0.04,2,0,0
USR4929,35,1,44385,98,71799,500000,1.617641094964515,0.143598,12,334,0.11,2,1,0.51,1,0,0
USR6253,29,5,12860,96,1000,300000,0.07776049766718507,0.0033333333333333335,0,414,0.49,0,0,0.85,0,1,0
USR4781,35,2,15165,231,1468,300000,0.0968018463567425,0.004893333333333334,9,378,0.79,3,0,0.49,2,0,0
USR6901,44,1,25823,294,24046,300000,0.9311853773767571,0.08015333333333333,8,275,0.17,0,0,0.46,1,0,0
USR4937,48,1,47255,72,36694,300000,0.7765104221775474,0.12231333333333333,11,462,0.08,1,1,0.3,1,0,0
USR9910,43,2,14503,193,12216,500000,0.8423084878990553,0.024432,6,32,0.76,0,0,0.21,0,0,0
USR1609,53,1,17546,93,1000,100000,0.05699304684828451,0.01,5,148,0.72,1,0,0.95,1,0,0
USR9619,40,5,54918,48,23954,100000,0.4361775738373575,0.23954,15,95,0.91,0,1,0.13,1,0,0
USR5075,65,1,8513,276,8193,500000,0.9624104311053683,0.016386,7,394,0.92,1,0,0.54,0,0,0
USR3817,68,2,25799,364,3714,300000,0.14395906818093723,0.01238,7,199,0.11,0,0,0.38,2,0,0
USR9796,37,4,33174,258,16559,500000,0.4991559655151625,0.033118,5,129,0.76,1,1,0.54,0,0,0
USR4070,30,0,40969,332,78077,100000,1.9057580121555322,0.78077,16,581,0.7,0,0,0.11,0,0,0
USR9540,65,5,41113,201,42278,300000,1.0283365358888916,0.14092666666666667,4,603,0.49,3,1,0.63,1,0,0
USR3866,29,3,51157,305,113170,300000,2.2122094727994215,0.3772333333333333,6,76,0.2,0,1,0.75,0,1,1
USR2208,38,4,22558,35,4081,300000,0.1809114283181133,0.013603333333333334,0,640,0.49,2,0,0.41,0,0,0
USR2377,22,1,51737,133,56298,200000,1.0881574115236679,0.28149,1,500,0.05,1,0,0.84,1,0,0
USR3156,27,3,59508,175,102983,500000,1.7305740404651475,0.205966,1,438,0.51,3,0,0.5,0,0,0
USR1589,28,0,26133,23,15449,500000,0.5911682546971262,0.030898,13,675,0.14,0,0,0.15,1,0,0
USR4284,69,5,21704,363,23280,100000,1.0726133431625506,0.2328,9,213,0.0,0,1,0.89,0,0,0
USR8601,19,2,58019,289,1000,500000,0.01723573312190834,0.002,4,39,0.79,1,0,0.68,1,0,0
USR7937,19,4,9381,125,24537,200000,2.6156060121522224,0.122685,12,603,0.02,3,0,0.78,1,0,0
USR4922,70,2,51950,303,60298,500000,1.1606929740134746,0.120596,0,371,0.12,1,0,0.99,0,0,0
USR1425,19,4,51057,1,20013,300000,0.3919736764792291,0.06671,8,445,0.39,1,1,0.67,0,0,0
USR8023,41,1,42266,4,64208,500000,1.519140680452373,0.128416,12,45,0.61,2,1,0.17,2,0,0
USR6957,47,2,20762,177,16739,200000,0.8062325402177054,0.083695,10,458,0.33,1,0,0.12,1,0,0
USR1813,70,1,37980,289,36330,200000,0.9565560821484992,0.18165,14,652,0.52,0,0,0.19,2,0,0
USR8833,70,2,8845,276,7302,300000,0.8255511588468061,0.02434,1,650,0.64,0,0,0.35,2,0,0
USR4198,37,1,21608,20,29096,200000,1.346538319141059,0.14548,16,652,0.61,0,0,0.85,2,0,0
USR3830,43,3,28027,37,33523,500000,1.196096621115353,0.067046,5,418,0.87,3,0,0.43,1,1,0
USR8889,44,2,6777,312,6275,200000,0.9259259259259259,0.031375,8,391,0.87,2,0,0.88,2,0,0
USR9361,36,1,46111,25,43782,100000,0.9494914445576977,0.43782,5,114,0.7,1,0,0.02,0,1,0
USR3436,51,1,30735,172,1000,300000,0.03253619651862697,0.0033333333333333335,1,550,0.37,1,0,0.53,0,0,0
USR7732,29,3,15972,76,18720,300000,1.1720510894064613,0.0624,4,593,0.72,1,0,0.58,1,1,0
USR8633,24,1,25594,303,71889,200000,2.80882238024537,0.359445,11,581,0.36,0,1,0.08,1,1,0
USR5075,25,2,40851,18,32151,100000,0.7870309172358082,0.32151,10,282,0.98,0,1,0.39,2,0,0
USR7992,53,1,33365,220,19213,300000,0.5758429491982616,0.06404333333333333,10,61,0.19,0,0,0.46,0,1,0
USR8034,53,1,24276,304,40651,100000,1.674534519690229,0.40651,17,18,0.81,2,1,0.83,1,1,0
USR9115,56,3,37959,176,38159,100000,1.0052688426987013,0.38159,4,516,0.04,3,1,0.57,0,0,0
USR4474,39,6,56863,144,59996,300000,1.055097339218824,0.19998666666666667,13,405,0.63,1,1,0.26,0,0,0
USR9321,61,3,51761,11,13370,500000,0.25830258302583026,0.02674,16,171,0.94,1,1,0.91,2,0,0
USR8627,24,1,31708,220,43188,100000,1.3620537403809765,0.43188,6,466,0.05,0,0,0.11,1,1,0
USR8556,49,1,55546,289,46974,500000,0.8456774565225219,0.093948,6,666,0.63,2,0,0.56,0,0,0
USR8943,50,2,37125,354,66244,300000,1.7843501683501684,0.22081333333333333,12,433,0.63,0,1,0.14,0,1,0
USR4327,35,3,6531,141,8212,100000,1.2573878425968459,0.08212,12,152,0.88,2,0,0.2,1,0,0
USR3348,18,1,20890,284,15450,300000,0.739588319770225,0.0515,6,402,0.41,1,0,0.3,0,0,0
USR1020,69,2,25982,322,6177,500000,0.2377415133553999,0.012354,2,469,0.42,0,0,0.39,1,0,0
USR1231,47,5,31853,333,14857,200000,0.4664238847204345,0.074285,7,33,0.73,3,0,0.39,0,1,0
USR2357,35,2,27942,16,53822,100000,1.9262042802948967,0.53822,6,700,0.56,3,0,0.55,0,0,0
USR1960,70,0,41538,204,51080,500000,1.2297173672300064,0.10216,11,692,0.71,1,1,0.25,0,0,0
USR8673,58,1,30892,350,40009,500000,1.2951249514437395,0.080018,6,679,0.48,1,1,0.06,2,0,0
USR3013,58,4,33205,73,20459,200000,0.6161421472669779,0.102295,7,289,0.72,0,0,0.23,0,0,0
USR4883,53,6,48052,216,25942,300000,0.539873470407059,0.08647333333333333,6,448,0.93,2,0,0.77,2,0,0
USR3175,26,6,46831,312,16661,100000,0.3557686148064316,0.16661,6,674,0.59,2,1,0.48,0,1,0
USR3443,37,1,9357,344,7517,200000,0.8033557764240675,0.037585,1,138,0.49,0,1,0.84,0,0,0
USR7811,52,1,14964,311,8366,300000,0.5590751136059877,0.027886666666666667,7,65,0.22,0,0,0.97,0,0,0
USR5380,47,0,50591,59,17649,500000,0.34885651598110334,0.035298,3,84,0.52,1,0,0.96,2,0,0
USR8897,61,3,42310,44,54648,300000,1.291609548570078,0.18216,7,344,0.28,0,0,0.35,0,1,0
USR6824,51,3,49874,333,2526,500000,0.05064763203272246,0.005052,6,678,0.85,0,1,0.73,1,0,0
USR7560,48,2,31442,138,42223,200000,1.3428853126391451,0.211115,5,340,0.68,0,1,0.91,1,0,0
USR8025,30,2,12244,278,9306,200000,0.7600457366873571,0.04653,10,648,0.12,2,0,0.33,0,0,0
USR7607,46,3,20210,182,47806,100000,2.365462642256309,0.47806,0,543,0.19,0,0,0.8,0,0,0
USR4056,65,2,51232,264,83887,500000,1.6373945971267958,0.167774,15,298,0.24,1,0,0.74,1,1,0
USR8794,67,2,13128,275,6185,100000,0.4711304082876295,0.06185,17,20,0.05,0,0,0.75,0,1,0
USR1734,28,2,28704,353,57529,100000,2.0042154403567447,0.57529,1,501,0.19,1,0,0.82,2,0,0
USR5592,19,0,51197,350,11214,100000,0.21903627165654238,0.11214,8,113,0.56,1,1,0.01,1,0,0
USR2297,27,0,13419,101,15106,300000,1.125717266562337,0.05035333333333333,6,699,0.83,0,0,0.06,0,0,0
USR9025,38,3,12233,13,9525,200000,0.7786315703425162,0.047625,7,546,0.67,2,1,0.41,0,0,0
USR8085,33,1,34401,205,19145,200000,0.5565245196360571,0.095725,4,449,0.18,0,1,0.7,0,0,0
USR6984,64,2,26182,356,20985,300000,0.8015048506607593,0.06995,1,370,0.92,3,1,0.58,0,0,0
USR3912,35,2,42066,156,1000,100000,0.023772167546236865,0.01,22,614,0.26,0,1,0.82,0,0,0
USR8729,36,3,31872,105,37436,200000,1.1745732931726907,0.18718,1,655,0.2,0,0,0.37,0,0,0
USR6207,20,2,46212,95,78981,100000,1.7091015320695924,0.78981,11,332,0.77,0,0,0.97,0,0,0
USR8116,37,1,41009,165,30939,300000,0.7544441464068863,0.10313,18,519,0.82,0,0,0.55,2,0,0
USR4503,18,2,38480,347,42633,100000,1.1079261954261954,0.42633,12,201,0.09,0,0,0.45,0,0,0
USR3035,43,4,18932,100,28239,500000,1.4916015212338898,0.056478,9,37,0.09,0,1,0.86,0,1,0
USR1397,64,1,27375,87,37771,300000,1.3797625570776255,0.12590333333333334,26,106,0.15,1,0,0.07,0,0,0
USR1715,51,3,57436,278,73330,500000,1.2767253987046452,0.14666,8,301,0.76,0,1,0.33,2,0,0
USR2268,24,1,39077,342,59720,500000,1.5282647081403382,0.11944,4,46,0.87,1,0,0.04,0,0,0
USR4341,19,4,34377,177,77989,200000,2.2686389155540043,0.389945,9,650,0.23,0,1,0.86,2,0,0
USR9687,56,2,34990,294,56854,200000,1.6248642469276937,0.28427,3,329,0.21,1,0,0.8,2,0,0
USR5575,62,2,20775,360,40953,200000,1.9712635379061372,0.204765,9,695,0.66,0,0,0.36,1,0,0
USR3901,18,3,21691,119,15424,200000,0.711078327416901,0.07712,5,190,0.85,0,0,0.8,0,0,0
USR7261,41,1,56067,323,81784,100000,1.458683360978829,0.81784,1,544,0.82,3,0,0.86,2,1,0
USR3555,21,1,34309,230,30241,500000,0.8814305284327727,0.060482,6,171,0.59,0,0,0.89,1,0,0
USR7373,32,2,58439,68,49316,500000,0.8438884991187392,0.098632,0,614,0.09,3,0,0.96,0,0,0
USR7553,35,2,48209,24,19733,500000,0.4093219108465224,0.039466,2,19,0.56,1,0,0.94,2,0,0
USR8734,64,0,54146,69,17675,300000,0.32643223876186606,0.058916666666666666,4,186,0.76,3,0,0.79,2,0,0
USR5171,61,5,52074,78,1785,100000,0.03427814264316165,0.01785,0,420,0.56,0,1,0.3,2,1,0
USR2807,58,0,44830,226,25350,200000,0.5654695516395271,0.12675,5,331,0.6,3,1,0.6,2,0,0
USR4303,41,0,20329,335,16094,300000,0.7916769147523243,0.05364666666666667,12,326,0.11,0,0,0.87,0,0,0
USR4840,41,1,32599,149,24204,200000,0.7424767630908924,0.12102,9,586,0.02,1,1,0.31,0,0,0
USR6005,50,1,28296,241,38824,300000,1.3720667232117614,0.12941333333333332,22,234,0.32,0,0,0.73,0,1,0
USR5680,44,6,51144,130,60934,100000,1.191420303456906,0.60934,0,678,0.26,2,0,0.25,2,0,0
USR2567,50,2,33513,8,29687,500000,0.8858353474770985,0.059374,5,430,0.43,1,0,0.8,2,0,0
USR6460,44,2,11458,222,12534,100000,1.0939081864199687,0.12534,2,334,0.81,3,0,0.51,0,0,0
USR1028,66,0,44267,196,40096,100000,0.905776311925362,0.40096,20,483,0.52,0,0,0.98,2,0,0
USR2333,32,3,30705,19,44746,100000,1.4572870867936818,0.44746,2,25,0.39,0,0,0.32,2,0,0
USR4951,55,2,59437,236,20985,300000,0.35306290694348635,0.06995,9,505,0.97,3,0,0.91,2,1,0
USR4289,41,1,26657,341,1000,200000,0.03751359867952132,0.005,7,391,0.84,1,0,0.31,2,1,0
USR2561,33,3,30958,106,32868,100000,1.0616964920214484,0.32868,7,372,0.02,0,1,0.33,1,1,0
USR5868,67,3,36385,282,46197,200000,1.269671567953827,0.230985,3,151,0.81,0,1,0.23,2,0,0
USR3433,42,2,14921,198,19704,500000,1.3205549225923197,0.039408,6,261,0.5,3,0,0.08,0,1,0
USR1521,51,3,18541,205,25068,200000,1.3520306348093414,0.12534,0,59,0.27,3,0,0.77,2,0,0
USR2682,24,1,15082,223,14524,500000,0.9630022543429253,0.029048,15,362,0.66,1,1,0.51,1,0,0
USR9623,42,4,8175,267,1029,500000,0.1258715596330275,0.002058,2,179,0.2,0,1,0.04,1,0,0
USR7656,55,2,35160,83,53138,500000,1.5113196814562002,0.106276,0,308,0.38,0,0,0.9,1,0,0
USR1088,21,0,27495,121,17564,100000,0.6388070558283324,0.17564,0,353,0.29,0,0,0.17,1,0,0
USR1136,58,3,40755,116,36450,100000,0.8943687891056312,0.3645,7,24,0.85,1,0,0.88,0,0,0
USR5445,62,3,13959,241,17173,300000,1.2302457196074217,0.057243333333333334,13,557,0.51,0,0,0.16,1,0,0
USR8775,52,0,57300,42,60475,200000,1.0554101221640488,0.302375,1,452,0.38,1,0,0.76,2,0,0
USR7571,56,2,59639,77,62714,500000,1.0515602206609769,0.125428,1,560,0.76,0,1,0.14,1,0,0
USR9654,31,2,52553,104,62616,100000,1.191482883945731,0.62616,4,180,0.09,1,1,0.47,0,0,0
USR6127,56,3,38725,188,39679,100000,1.02463524854745,0.39679,10,476,0.4,2,0,0.95,2,0,0
USR6211,18,2,47701,358,20852,300000,0.43713968260623465,0.06950666666666666,4,72,0.08,1,0,0.58,2,0,0
USR7602,32,3,39493,5,51620,500000,1.3070670751778797,0.10324,10,408,0.04,1,0,0.19,1,1,0
USR5721,58,4,24510,266,39098,200000,1.595185638514892,0.19549,3,514,0.8,0,0,0.35,0,0,0
USR3381,48,1,51371,165,106828,500000,2.079539039535925,0.213656,12,67,0.91,0,0,0.35,0,1,1
USR8006,70,1,26274,17,1000,200000,0.038060439978686154,0.005,4,552,0.69,0,0,0.39,2,0,0
USR8168,37,2,24613,230,14746,500000,0.5991142891967659,0.029492,0,70,0.81,0,0,0.28,0,0,0
USR9212,46,1,16663,157,14870,200000,0.8923963271919823,0.07435,5,649,0.36,0,0,0.75,0,0,0
USR3398,64,5,20659,105,20305,300000,0.9828646110653952,0.06768333333333333,6,517,0.15,0,1,0.67,2,0,0
USR6901,44,2,27891,288,20949,100000,0.7511025061847908,0.20949,11,33,0.59,0,0,0.51,2,1,0
USR5760,46,0,11449,321,10263,500000,0.8964101668267971,0.020526,11,292,0.73,1,0,0.02,2,0,0
USR3544,45,1,15055,267,10285,500000,0.6831617402856194,0.02057,13,320,0.47,0,1,0.27,2,0,0
USR2436,22,3,55873,274,44802,500000,0.8018542050722174,0.089604,5,455,0.28,3,0,0.44,2,1,0
USR2260,33,2,33743,62,9094,300000,0.26950774975550484,0.030313333333333334,5,217,0.18,0,0,0.37,1,0,0
USR3420,70,2,27620,121,32542,500000,1.1782041998551773,0.065084,4,439,0.64,1,0,0.56,0,1,0
USR2730,62,3,38787,143,54398,100000,1.4024802124423132,0.54398,26,159,0.28,1,0,0.04,1,0,0
USR4314,20,4,53356,144,66463,500000,1.245651847964615,0.132926,3,89,0.01,0,1,0.2,0,1,0
USR5046,40,3,40897,71,49567,100000,1.2119959899259114,0.49567,22,33,0.97,3,0,0.72,1,0,0
USR8814,49,1,9394,319,9826,200000,1.0459868000851607,0.04913,5,247,0.91,2,1,0.8,0,0,0
USR4294,47,0,34545,293,20915,100000,0.6054421768707483,0.20915,8,489,0.77,2,0,0.49,0,0,0
USR2848,68,2,56872,122,51126,500000,0.8989660993107329,0.102252,3,649,0.32,0,1,0.95,0,0,0
USR5061,68,1,44749,47,87266,200000,1.950121790431071,0.43633,7,691,0.01,1,0,0.92,0,0,0
USR7385,47,3,29544,103,74630,300000,2.5260628215542917,0.24876666666666666,2,634,0.05,2,0,0.62,0,0,0
USR7170,30,3,26586,16,21489,300000,0.8082825547280523,0.07163,10,693,0.82,0,0,0.52,0,0,0
USR5862,67,2,5865,143,1000,300000,0.17050298380221654,0.0033333333333333335,5,453,0.61,1,0,0.62,2,0,0
USR9307,30,0,39381,217,18686,100000,0.4744927757040197,0.18686,0,180,0.48,1,1,0.89,0,0,0
USR1964,60,2,25140,179,25251,100000,1.0044152744630073,0.25251,5,574,0.23,1,1,0.41,1,0,0
USR5187,59,3,40950,355,33773,200000,0.8247374847374848,0.168865,3,434,0.25,1,1,0.91,0,0,0
USR9726,20,0,45081,296,9404,500000,0.2086022936492092,0.018808,6,135,0.81,0,1,0.54,0,1,0
USR5157,31,0,29846,33,12812,100000,0.42927025397038127,0.12812,3,138,0.52,1,0,0.11,2,0,0
USR6245,43,2,26702,223,19390,500000,0.7261628342446259,0.03878,17,290,0.94,1,1,0.9,1,0,0
USR3115,36,1,48013,4,57567,300000,1.1989877741445025,0.19189,2,263,0.57,1,0,0.71,1,1,0
USR3764,26,4,5364,59,5834,100000,1.087621178225205,0.05834,15,317,0.57,0,0,0.34,1,0,0
USR5282,47,1,49646,161,51384,100000,1.0350078556177738,0.51384,1,359,0.34,3,1,0.47,0,1,0
USR6165,38,4,20167,186,20942,200000,1.0384291168741013,0.10471,3,51,0.7,3,0,0.83,0,0,0
USR9319,28,0,27694,99,25475,500000,0.9198743410124937,0.05095,7,10,0.81,3,1,0.85,2,0,0
USR8207,20,3,6597,37,3984,300000,0.6039108685766258,0.01328,14,489,0.82,0,0,0.41,0,0,0
USR6194,61,2,44770,53,36171,500000,0.8079294170203261,0.072342,13,389,0.35,0,0,0.32,1,0,0
USR6938,20,2,5559,81,6257,100000,1.125562151466091,0.06257,1,183,0.43,1,0,0.76,0,0,0
USR9165,44,2,46420,243,55843,300000,1.202994398965963,0.18614333333333333,1,280,0.21,0,0,0.5,0,0,0
USR9302,49,3,35788,181,36981,500000,1.0333351961551358,0.073962,10,311,0.06,3,0,0.64,2,0,0
USR1231,56,3,42297,36,19388,200000,0.4583776627183961,0.09694,8,523,0.43,0,1,0.27,2,0,0
USR3599,38,1,7963,82,12119,300000,1.5219138515634811,0.040396666666666664,1,80,0.48,0,0,0.4,1,1,0
USR3994,64,1,9512,37,3911,200000,0.41116484440706474,0.019555,5,590,0.07,2,0,0.99,0,0,0
USR3563,62,0,18025,335,24799,300000,1.3758113730929264,0.08266333333333334,5,474,0.25,0,0,0.53,0,0,0
USR6765,59,2,15778,166,23478,100000,1.4880212954747116,0.23478,15,569,0.24,0,0,0.1,0,0,0
USR8947,37,2,17002,288,1000,200000,0.058816609810610515,0.005,8,671,0.23,0,0,0.05,1,0,0
USR5836,54,2,50167,98,88983,300000,1.773735722686228,0.29661,6,6,0.35,0,0,0.42,2,1,0
USR8936,70,0,57962,66,1430,300000,0.024671336392809082,0.0047666666666666664,14,62,0.71,0,0,0.94,0,0,0
USR7215,35,1,17931,17,20340,500000,1.1343483352852601,0.04068,1,512,0.18,3,0,0.72,0,0,0
USR2351,25,2,8499,134,14501,100000,1.706200729497588,0.14501,7,317,0.48,1,0,0.37,1,0,0
USR3434,33,2,52482,212,87221,100000,1.6619221828436417,0.87221,17,316,0.1,2,0,0.6,0,0,0
USR8390,41,0,39790,77,29597,500000,0.7438301080673536,0.059194,2,236,0.25,2,0,0.68,1,0,0
USR2659,38,4,40057,55,24451,200000,0.6104051726290036,0.122255,3,585,0.98,0,1,0.29,0,0,0
USR9891,21,2,14341,278,26238,100000,1.8295795272296214,0.26238,22,310,0.74,0,0,0.81,0,0,1
USR8564,43,0,45409,52,15352,500000,0.3380827589244423,0.030704,12,334,0.07,2,0,0.69,2,0,0
USR4957,40,2,14187,69,4161,100000,0.2932966800592091,0.04161,34,606,0.33,0,0,0.07,2,0,0
USR7598,43,0,11083,172,1000,500000,0.09022827754218173,0.002,3,8,0.83,0,0,0.49,2,0,0
USR9756,36,2,19635,53,22842,500000,1.1633307868601985,0.045684,1,469,0.44,1,0,0.19,1,1,0
USR9239,53,1,47676,309,25110,200000,0.5266800906116285,0.12555,3,590,0.31,3,0,0.66,0,0,0
USR5532,49,2,54652,319,96757,200000,1.770420112713167,0.483785,3,72,0.84,3,0,0.52,0,0,0
USR1591,59,1,18411,342,22110,200000,1.2009124979631742,0.11055,1,565,0.08,0,0,0.13,0,0,0
USR3113,18,3,44574,118,53928,100000,1.2098532776955175,0.53928,3,313,0.2,2,0,0.89,0,1,0
USR8995,50,3,55934,266,6305,300000,0.11272213680409053,0.021016666666666666,19,227,0.23,0,1,0.26,0,0,0
USR8951,67,3,9239,144,15170,200000,1.641952592271891,0.07585,7,674,0.83,1,0,0.83,2,1,0
USR9701,69,2,59942,11,61292,100000,1.0225217710453438,0.61292,14,100,0.4,0,0,0.5,1,0,0
USR6233,60,1,6502,61,6605,200000,1.015841279606275,0.033025,5,293,0.08,3,1,0.72,2,0,0
USR5875,18,6,36212,336,53547,300000,1.4787087153429803,0.17849,8,331,0.86,1,0,0.08,1,0,0
USR4139,55,0,32588,350,35940,300000,1.1028599484472812,0.1198,14,403,0.97,0,0,0.28,0,1,0
USR9708,47,2,36285,270,39742,300000,1.0952735290064766,0.13247333333333333,13,399,0.19,2,0,0.22,0,0,0
USR6560,48,4,42696,32,45332,300000,1.0617388045718568,0.15110666666666667,12,137,0.56,2,1,0.73,1,0,0
USR1722,48,2,42271,189,36144,300000,0.8550542925409855,0.12048,15,218,0.27,1,1,0.38,0,0,0
USR4019,39,1,58664,273,76012,300000,1.2957179871812354,0.25337333333333334,12,529,0.79,0,0,0.35,0,1,0
USR2794,66,2,42138,351,45591,300000,1.0819450377331625,0.15197,6,29,0.17,0,1,0.05,0,0,0
USR1848,40,3,48314,130,48957,200000,1.013308771784576,0.244785,28,124,0.86,3,0,0.53,1,0,0
USR5501,61,2,58251,70,106066,500000,1.8208442773514617,0.212132,7,469,0.74,0,0,0.66,0,0,0
USR3426,62,0,25256,229,13090,300000,0.5182926829268293,0.043633333333333336,6,548,0.34,1,0,0.83,0,1,0
USR9056,64,2,51707,356,15570,200000,0.3011197710174638,0.07785,7,432,0.75,0,1,0.01,0,1,0
USR8950,55,1,11780,216,28072,200000,2.3830220713073005,0.14036,4,541,0.73,1,1,0.37,1,0,0
USR2120,65,4,29783,357,32740,300000,1.0992848269146829,0.10913333333333333,19,418,0.07,1,0,0.19,0,1,0
USR6656,54,3,19674,110,14065,100000,0.7149029175561655,0.14065,15,37,0.23,0,1,0.73,0,1,0
USR1217,30,1,54841,301,83255,200000,1.5181160080961325,0.416275,7,580,0.32,1,1,0.67,1,0,0
USR1195,69,1,44973,62,56334,300000,1.2526182376092323,0.18778,16,388,0.3,1,0,0.89,0,0,0
USR5332,57,2,44452,355,74858,500000,1.6840187168181409,0.149716,0,570,0.97,1,1,0.44,0,0,0
USR3866,57,2,47722,319,85559,300000,1.7928628305603285,0.28519666666666665,2,91,0.37,2,1,0.15,2,0,0
USR2704,47,1,45794,247,114270,300000,2.495305061798489,0.3809,3,119,0.33,1,0,0.98,0,0,0
USR2325,59,1,37349,336,58527,300000,1.5670299070925593,0.19509,7,624,0.97,3,0,0.05,0,0,0
USR4623,65,1,50823,76,24578,100000,0.4835999449068335,0.24578,8,528,0.48,0,0,0.69,2,1,0
USR3201,57,1,58370,217,87096,300000,1.4921363714236766,0.29032,12,209,0.72,0,0,0.67,0,1,0
USR7934,50,2,24159,275,17083,200000,0.7071070822467818,0.085415,12,348,0.32,3,0,0.67,2,0,0
USR3627,19,0,50268,99,72909,500000,1.4504058247791836,0.145818,9,506,0.34,0,0,0.77,1,0,0
USR8586,43,4,13606,166,1000,200000,0.07349698662354844,0.005,7,12,0.27,0,0,0.93,1,0,0
USR5824,56,1,12399,346,12358,100000,0.9966932817162675,0.12358,19,427,0.27,0,0,0.17,0,0,0
USR5624,54,4,42122,228,58867,500000,1.3975357295475048,0.117734,7,41,0.68,0,0,0.41,0,0,0
USR5355,65,2,46632,184,97242,300000,2.085306227483273,0.32414,10,659,0.8,0,1,0.34,1,0,0
USR6186,27,0,55653,124,96434,500000,1.732772716654987,0.192868,7,567,0.03,1,0,0.37,0,0,0
USR4003,69,1,22007,250,11532,500000,0.5240150861089653,0.023064,9,430,0.64,3,0,0.05,1,0,0
USR8597,23,1,13095,316,16225,500000,1.2390225276823215,0.03245,7,295,0.14,0,0,0.1,2,0,0
USR4587,27,3,53583,359,3156,500000,0.0588992777560047,0.006312,3,88,0.87,2,1,0.56,1,0,0
USR6824,55,3,19123,75,24974,200000,1.3059666370339382,0.12487,0,583,0.3,0,1,0.46,2,1,0
USR5881,69,1,6212,290,10091,200000,1.624436574372183,0.050455,4,172,0.16,0,1,0.69,1,1,0
USR1701,43,0,15715,274,41253,500000,2.6250715876551065,0.082506,12,434,0.67,0,1,0.96,1,0,0
USR4214,67,2,12855,312,11287,500000,0.8780241151302995,0.022574,0,5,0.71,2,1,0.66,0,1,0
USR2346,27,2,49472,245,9725,300000,0.19657584087968952,0.03241666666666667,15,338,0.47,0,1,0.86,2,0,0
USR7297,48,2,25169,60,41628,300000,1.6539393698597482,0.13876,1,47,0.9,2,0,0.52,0,0,0
USR8552,25,1,40096,328,6907,200000,0.17226157222665603,0.034535,13,392,0.29,0,0,0.4,1,1,0
USR2020,24,3,47364,306,37046,200000,0.782155223376404,0.18523,5,138,0.65,1,0,0.73,1,0,0
USR4572,48,0,46029,299,57909,200000,1.2580981555106563,0.289545,12,17,0.19,3,0,0.27,0,0,0
USR8788,66,3,23756,323,28261,100000,1.1896363024078127,0.28261,1,664,0.85,1,0,0.26,0,0,0
USR2378,29,0,33024,7,68725,300000,2.081062257751938,0.22908333333333333,4,403,0.48,0,0,0.46,0,0,0
USR5349,63,2,47218,210,1000,300000,0.021178364183150493,0.0033333333333333335,13,556,0.38,1,0,0.41,0,0,0
USR9435,55,4,49152,251,5585,300000,0.11362711588541667,0.018616666666666667,7,212,0.13,1,0,0.81,1,0,0
USR4505,57,0,34374,53,11477,500000,0.33388607668586723,0.022954,10,492,0.91,0,0,0.84,0,0,0
USR7597,67,2,59796,15,57603,100000,0.9633253060405378,0.57603,0,54,0.82,0,1,0.61,2,0,0
USR4901,45,2,57189,274,13341,300000,0.23327912710486282,0.04447,11,136,0.84,3,0,0.51,1,0,0
USR7846,58,0,38001,214,5377,500000,0.14149627641377857,0.010754,2,550,0.14,1,1,0.2,0,0,0
USR4130,23,0,50647,149,51879,200000,1.0243252315043339,0.259395,3,514,0.4,0,0,0.37,0,0,0
USR6276,67,1,30411,144,72230,100000,2.3751274209989806,0.7223,20,139,0.65,1,0,0.39,0,1,0
USR8859,64,1,9261,2,7119,200000,0.7687074829931972,0.035595,7,244,0.51,3,0,0.56,0,0,0
USR6366,30,3,35820,356,12481,100000,0.3484366275823562,0.12481,3,426,0.5,0,1,0.8,2,0,0
USR3382,60,3,32528,264,3562,200000,0.10950565666502705,0.01781,8,538,0.41,2,0,0.32,0,0,0
USR1470,40,3,23268,124,27333,200000,1.174703455389376,0.136665,3,451,0.39,3,1,0.49,2,0,0
USR6559,66,3,26040,363,38408,500000,1.4749615975422428,0.076816,2,304,0.12,2,0,0.11,0,1,0
USR3320,51,3,49918,200,31800,100000,0.6370447533955688,0.318,9,320,0.82,0,0,0.77,2,0,0
USR8936,29,2,13630,149,11088,200000,0.8134996331621424,0.05544,0,544,1.0,0,0,0.89,0,1,0
USR6936,50,0,40055,176,58294,300000,1.455348895269005,0.19431333333333334,8,228,0.16,1,0,0.38,1,0,0
USR5428,55,1,21877,126,30110,100000,1.376331306851945,0.3011,14,115,0.35,2,1,0.17,2,1,0
USR2324,43,0,21375,48,28696,200000,1.3425029239766082,0.14348,9,38,0.91,3,0,0.88,0,0,0
USR4442,43,3,54907,195,84179,500000,1.5331196386617372,0.168358,18,621,0.94,0,0,0.23,0,0,0
USR4242,22,0,10789,54,9240,200000,0.8564278431736028,0.0462,11,211,0.41,1,0,0.02,2,0,0
USR7303,18,2,55146,159,20728,500000,0.3758749501323759,0.041456,11,347,0.44,1,1,0.78,1,0,0
USR3084,70,5,46675,152,78604,100000,1.6840707016604177,0.78604,22,686,0.96,1,1,0.63,2,0,0
USR4291,39,1,19547,233,9038,300000,0.46237274262035094,0.030126666666666666,14,435,0.35,2,0,0.99,2,1,0
USR2124,52,0,58526,206,104232,100000,1.7809520554967022,1.04232,0,522,0.26,0,1,0.69,0,0,0
USR8028,40,0,34176,246,52980,500000,1.5502106741573034,0.10596,9,202,0.4,1,0,0.52,0,0,0
USR3511,57,1,48909,337,24913,500000,0.5093745527408043,0.049826,23,355,0.89,0,0,0.5,2,0,0
USR7042,48,3,27689,132,19102,200000,0.6898768464010979,0.09551,10,142,0.52,0,0,0.81,0,1,0
USR3229,49,2,53348,9,29941,200000,0.5612394091624803,0.149705,13,99,0.81,0,1,0.53,0,0,0
USR2295,38,0,53319,104,62108,500000,1.1648380502259983,0.124216,2,508,0.81,0,0,0.27,1,1,0
USR5266,37,3,51648,196,52632,500000,1.0190520446096654,0.105264,6,258,0.8,0,0,0.4,0,0,0
USR3939,30,1,54112,126,81915,200000,1.513804701360142,0.409575,2,387,0.12,1,1,0.43,0,1,0
USR3449,69,2,26057,284,1000,300000,0.03837740338488698,0.0033333333333333335,4,352,0.45,0,0,0.57,0,0,0
USR2048,64,2,43524,221,11651,100000,0.2676913886591306,0.11651,1,556,0.56,0,0,0.73,0,0,0
USR6200,67,4,10745,103,12772,500000,1.188645881805491,0.025544,0,267,0.66,0,1,0.95,2,0,0
USR9217,54,1,42621,332,38230,500000,0.8969756692710167,0.07646,14,694,0.59,1,0,0.98,2,1,0
USR9667,24,2,55812,45,39408,300000,0.7060847129649538,0.13136,8,111,0.25,0,0,0.81,0,0,0
USR6339,48,5,46187,166,69534,200000,1.5054885573862775,0.34767,12,248,0.5,2,0,0.31,1,1,0
USR7685,22,3,42030,359,65323,500000,1.5541993813942423,0.130646,1,354,0.59,0,0,0.79,0,0,0
USR1896,31,3,27462,304,39616,100000,1.442575194814653,0.39616,0,433,0.61,1,0,0.97,0,0,0
USR4864,45,2,35531,17,68270,300000,1.9214207311924798,0.22756666666666667,13,212,0.4,0,0,0.88,2,0,0
USR9086,32,2,44229,71,57270,200000,1.2948517940717628,0.28635,4,230,0.32,2,0,0.25,2,0,0
USR3422,40,2,57783,91,68741,500000,1.1896405517193638,0.137482,1,43,0.5,3,0,0.87,1,0,0
USR6274,21,0,39157,55,34079,200000,0.8703169292846745,0.170395,2,574,0.48,0,0,0.38,0,0,0
USR7971,39,1,35098,114,67381,300000,1.9197959997720668,0.22460333333333332,15,254,0.2,1,0,0.24,2,0,0
USR7927,51,3,48498,355,26207,100000,0.5403727988783043,0.26207,2,514,0.24,0,1,0.94,2,0,0
USR3358,41,3,12972,196,10565,200000,0.8144465001541782,0.052825,2,367,0.35,1,1,0.76,0,0,0
USR3788,61,4,27304,28,24546,300000,0.8989891590975682,0.08182,10,341,0.66,1,1,0.26,1,0,0
USR9475,53,0,21702,42,35531,100000,1.637222375817897,0.35531,5,483,0.81,1,0,0.98,0,0,0
USR3160,36,4,7770,66,2475,500000,0.3185328185328185,0.00495,2,309,0.73,0,0,0.87,0,0,0
USR2645,54,1,38038,88,53859,100000,1.4159261790840738,0.53859,10,381,0.36,1,0,0.13,2,0,0
USR4110,33,2,50204,20,1000,500000,0.019918731575173293,0.002,8,82,0.11,0,0,0.44,2,0,0
USR2238,37,2,22493,81,28870,200000,1.2835104254657004,0.14435,0,290,0.68,0,0,0.02,0,0,0
USR2616,55,2,49324,203,41067,500000,0.8325967074851999,0.082134,6,506,0.39,3,1,0.79,1,1,0
USR4997,22,2,59691,230,97847,500000,1.6392253438541824,0.195694,3,347,0.25,1,1,0.98,0,0,0
USR8877,58,2,11302,221,17617,100000,1.5587506635993629,0.17617,5,370,0.03,1,1,0.32,2,0,0
USR5125,60,4,57857,315,78338,500000,1.3539934666505349,0.156676,26,692,0.74,1,0,0.51,1,1,0
USR9467,64,2,10036,134,15107,200000,1.5052809884416103,0.075535,10,514,0.8,0,0,0.13,2,0,0
USR1168,38,4,30251,18,40758,200000,1.3473273610789727,0.20379,9,458,0.62,3,1,0.64,1,1,0
USR8456,35,0,41648,41,41216,300000,0.9896273530541683,0.13738666666666666,2,207,0.51,0,0,0.24,1,0,0
USR2892,67,0,53384,278,36442,100000,0.6826389929566912,0.36442,2,595,0.34,3,0,0.42,0,0,0
USR6153,20,2,52756,183,47059,300000,0.8920122829630753,0.15686333333333333,11,571,0.08,0,0,0.17,0,1,0
USR3222,55,0,24251,288,30033,200000,1.2384231578079254,0.150165,0,292,0.21,1,1,0.44,0,0,0
USR8885,45,0,31962,321,55144,500000,1.7252987923158751,0.110288,14,186,0.56,0,0,0.9,2,0,0
USR7035,39,0,59525,214,103023,200000,1.7307517849643008,0.515115,9,347,0.43,1,0,0.79,1,0,0
USR4124,21,3,35776,95,10244,500000,0.2863372093023256,0.020488,8,642,0.12,0,0,0.03,0,1,0
USR9676,22,0,21800,340,31332,300000,1.4372477064220184,0.10444,10,141,0.03,0,0,0.47,1,0,0
USR6607,39,2,33488,81,65694,500000,1.961717630195891,0.131388,5,534,0.83,3,0,0.35,1,0,0
USR9950,58,5,5591,195,9104,100000,1.628331246646396,0.09104,16,329,0.76,3,1,0.45,1,1,0
USR5519,70,2,27080,156,58727,100000,2.168648449039882,0.58727,4,678,0.61,1,0,0.54,0,1,0
USR7425,66,2,16159,108,1000,100000,0.061885017637230026,0.01,19,589,0.51,3,0,0.17,2,0,0
USR1788,63,3,15411,186,5666,500000,0.36765946401920707,0.011332,14,540,0.47,0,0,0.96,0,1,0
USR2505,62,3,32759,315,46976,200000,1.4339876064592936,0.23488,19,271,0.45,3,1,0.86,1,0,0
USR7841,55,5,45581,11,1000,200000,0.02193896579715232,0.005,7,433,0.45,0,0,0.98,0,0,0
USR5949,40,2,20611,17,9246,200000,0.4485954102178448,0.04623,1,636,0.75,2,0,0.38,0,0,0
USR2864,32,3,34881,181,20102,200000,0.5763022849115564,0.10051,3,334,0.99,0,1,0.31,1,0,0
USR5146,36,0,8838,86,8727,300000,0.9874405974202308,0.02909,7,652,0.42,1,0,0.19,1,0,0
USR2322,23,3,10914,265,14823,200000,1.3581638262781748,0.074115,3,590,0.42,0,0,0.18,0,0,0
USR1813,25,3,34263,89,45392,200000,1.3248110206345036,0.22696,3,490,0.64,2,0,0.73,0,0,0
USR2676,43,3,25567,54,23859,500000,0.9331951343528767,0.047718,8,530,0.96,0,0,0.9,0,1,0
USR6334,32,3,46190,277,71384,200000,1.545442736523057,0.35692,6,343,0.96,3,0,0.1,1,0,0
USR7250,41,0,44695,224,11079,100000,0.2478800760711489,0.11079,4,447,0.87,1,0,0.7,0,0,0
USR9352,32,0,35048,16,23945,100000,0.6832058890664232,0.23945,9,414,0.39,0,0,0.49,0,0,0
USR9429,35,0,21407,352,23432,100000,1.0945952258606997,0.23432,8,374,0.77,2,0,0.09,1,0,0
USR8708,23,1,25043,243,18956,200000,0.756938066525576,0.09478,11,66,0.33,0,1,0.43,1,0,0
USR2969,53,1,54410,327,1000,200000,0.01837897445322551,0.005,0,189,0.28,2,1,0.97,1,1,0
USR9268,25,1,5784,246,8472,200000,1.4647302904564314,0.04236,7,518,0.29,0,0,0.19,0,0,0
USR1491,36,3,27063,265,18939,500000,0.6998115508258508,0.037878,14,669,0.26,0,0,0.36,0,0,0
USR6136,60,1,25598,273,21767,300000,0.8503398703023674,0.07255666666666667,3,139,0.54,2,0,0.02,2,0,0
USR2462,70,5,48952,121,93448,100000,1.9089720542572315,0.93448,8,497,0.15,2,1,0.18,0,0,0
USR8274,30,3,14107,46,22859,500000,1.6204012192528532,0.045718,10,79,0.66,0,0,0.4,0,0,0
USR6239,39,3,14643,340,9630,300000,0.6576521204671174,0.0321,4,197,0.17,1,0,0.99,0,0,0
USR9638,33,2,18782,203,14483,300000,0.771110637844745,0.04827666666666667,9,115,0.9,0,0,0.66,0,0,0
USR9729,55,5,28259,270,1673,100000,0.05920237800346792,0.01673,5,253,0.29,2,1,0.27,0,0,0
USR2565,20,1,28284,50,20013,100000,0.7075731862537123,0.20013,2,513,0.06,3,0,0.27,1,1,0
USR5818,18,3,15302,291,18708,200000,1.2225852829695465,0.09354,2,596,0.8,0,0,0.54,1,0,0
USR4419,21,1,21997,356,32816,300000,1.491839796335864,0.10938666666666666,4,149,0.74,1,0,0.54,0,0,0
USR3307,67,2,17674,313,17667,100000,0.999603937988005,0.17667,5,661,0.75,3,0,0.82,2,0,0
USR3682,24,3,9791,302,14914,300000,1.523235624553161,0.04971333333333333,8,141,0.42,0,0,0.91,0,0,0
USR4924,63,1,29509,143,33742,100000,1.1434477616998204,0.33742,5,635,0.76,1,0,0.51,0,0,0
USR6661,37,1,41923,306,42190,200000,1.006368819025356,0.21095,4,9,0.85,2,0,0.02,1,1,0
USR7968,61,3,19610,229,1000,500000,0.05099439061703213,0.002,4,641,0.89,3,0,0.54,0,1,0
USR6270,45,6,51359,42,1000,500000,0.019470784088475242,0.002,1,540,0.27,2,0,0.54,2,0,0
USR8798,42,2,32195,217,65791,300000,2.0435160739245224,0.21930333333333332,2,530,0.77,0,0,0.96,0,1,1
USR9315,66,1,6816,322,13736,200000,2.0152582159624415,0.06868,12,129,0.2,3,0,0.16,1,0,0
USR5520,65,3,29563,253,27921,300000,0.9444575990258093,0.09307,6,354,0.06,1,0,0.22,2,0,0
USR8664,48,2,17342,197,8353,200000,0.4816630146465229,0.041765,2,561,0.71,0,1,0.53,0,0,0
USR7759,68,1,29908,211,58677,300000,1.9619165440684767,0.19559,1,584,0.42,1,0,0.65,0,0,0
USR3625,19,2,27185,342,6824,300000,0.2510207835203237,0.022746666666666665,12,393,0.01,2,0,0.52,2,1,0
USR6716,41,4,56432,352,39041,100000,0.6918237879217465,0.39041,13,145,0.24,0,0,0.26,0,0,0
USR9430,36,3,43311,22,45914,500000,1.060100205490522,0.091828,24,64,0.72,0,0,0.83,1,0,0
USR4345,59,2,21427,90,30461,100000,1.4216175852895878,0.30461,8,696,0.5,0,0,0.31,2,0,0
USR8237,54,2,24659,38,30704,200000,1.2451437608986577,0.15352,14,567,0.67,3,0,0.21,1,0,0
USR6719,33,2,32209,147,26395,300000,0.8194914464901114,0.08798333333333333,7,134,0.39,3,0,0.98,1,1,0
USR4556,29,1,58767,221,1000,500000,0.017016352714959077,0.002,1,248,0.16,3,0,0.28,2,1,0
USR9083,40,2,7552,28,1912,500000,0.2531779661016949,0.003824,9,30,0.25,3,0,0.17,2,0,0
USR3773,34,3,40224,290,78114,300000,1.9419749403341289,0.26038,1,240,0.11,3,1,0.81,2,0,0
USR1493,68,1,18546,16,24912,500000,1.3432546101585248,0.049824,10,170,0.13,3,0,0.4,2,0,0
USR1675,46,1,11630,68,7763,200000,0.6674978503869303,0.038815,5,64,0.54,3,0,0.7,2,0,0
USR4123,38,1,20021,270,11773,200000,0.5880325658059038,0.058865,15,460,0.14,1,0,0.86,0,0,0
USR8619,49,2,6415,202,6097,500000,0.9504286827747467,0.012194,5,37,0.34,0,0,0.96,0,0,0
USR5519,35,2,11163,331,4239,200000,0.3797366299381887,0.021195,3,144,0.51,0,0,0.13,0,1,0
USR8893,18,2,57587,21,63450,100000,1.1018111726604962,0.6345,3,124,0.75,0,1,0.28,1,0,0
USR2591,29,1,42921,204,36476,300000,0.8498404044640153,0.12158666666666666,3,576,0.4,3,0,0.85,0,0,0
USR6531,69,3,18731,158,14040,500000,0.7495595536810635,0.02808,9,524,0.24,1,1,0.63,0,0,0
USR1071,60,3,38615,121,7743,500000,0.20051793344555224,0.015486,15,27,0.39,0,1,0.26,0,0,0
USR5179,20,2,7365,252,10323,300000,1.4016293279022403,0.03441,14,100,0.31,1,0,0.29,1,0,0
USR8019,63,3,49387,16,64170,100000,1.2993297831413124,0.6417,3,690,0.02,3,1,0.73,0,0,0
USR8629,38,3,42924,329,31391,100000,0.7313158139968317,0.31391,33,527,0.14,0,0,0.92,0,1,1
USR6765,40,3,52021,81,55504,500000,1.0669537302243324,0.111008,24,478,0.82,0,0,0.86,0,0,0
USR8265,41,1,42389,356,31051,500000,0.7325249475099672,0.062102,9,287,0.45,0,0,0.69,1,0,0
USR2502,42,2,6137,194,1990,100000,0.3242626690565423,0.0199,5,323,0.21,3,1,0.59,2,0,0
USR7085,40,1,52037,82,1000,100000,0.01921709552818187,0.01,11,403,0.01,3,1,0.06,1,0,0
USR4998,28,2,16741,352,13935,200000,0.8323875515202198,0.069675,5,694,0.14,0,1,0.32,0,0,0
USR5974,60,1,13120,320,9565,300000,0.7290396341463414,0.03188333333333333,1,57,0.02,2,0,0.36,0,0,0
USR3304,59,3,51053,44,64464,300000,1.2626877950365307,0.21488,8,534,0.22,0,0,0.08,1,1,0
USR6357,33,3,32794,7,41588,100000,1.2681588095383303,0.41588,13,324,0.5,1,1,0.72,0,0,0
USR2365,37,0,17941,232,17338,100000,0.9663898333426231,0.17338,8,142,0.23,0,0,0.17,1,0,0
USR1208,57,3,49732,17,19077,300000,0.3835960749617952,0.06359,17,75,0.76,1,1,0.96,0,1,0
USR6412,56,0,40245,338,35429,500000,0.8803329606162256,0.070858,9,75,0.86,3,0,0.78,2,0,0
USR3141,68,2,41303,342,12457,200000,0.3016003680120088,0.062285,3,227,0.76,1,0,0.77,2,1,0
USR2885,60,1,5597,123,6699,500000,1.1968911917098446,0.013398,14,398,0.85,3,1,0.26,2,0,0
USR9249,59,2,20768,208,29006,300000,1.3966679506933743,0.09668666666666667,10,552,0.53,0,0,0.19,2,1,0
USR4755,55,3,52925,134,48733,200000,0.9207935758148323,0.243665,0,545,0.55,0,0,0.33,1,0,0
USR8461,54,3,54527,7,80722,300000,1.4804042034221578,0.26907333333333333,22,186,0.01,0,0,0.7,2,0,0
USR3347,48,4,58938,101,80587,100000,1.3673181987851641,0.80587,20,28,0.62,0,0,0.1,0,0,0
USR1387,34,4,6614,117,9902,300000,1.4971273057151497,0.03300666666666666,2,349,0.85,0,0,0.56,0,1,0
USR7492,49,2,34764,129,1000,100000,0.028765389483373604,0.01,10,128,0.37,2,0,0.08,0,0,0
USR1636,62,0,42132,54,45866,500000,1.0886262223488086,0.091732,4,665,0.62,0,1,0.6,1,0,0
USR3010,58,3,21979,338,40328,100000,1.8348423495154467,0.40328,6,577,0.37,0,0,0.13,0,0,0
USR8897,54,0,5947,344,2721,300000,0.4575416176223306,0.00907,17,374,0.83,1,0,0.45,1,0,0
USR3406,45,1,22488,275,35154,100000,1.5632337246531482,0.35154,17,604,0.98,0,1,0.14,2,1,0
USR7576,57,2,50320,362,47786,300000,0.9496422893481717,0.15928666666666666,2,404,0.57,0,0,0.95,2,0,0
USR4611,41,3,30037,105,39420,300000,1.3123813962779238,0.1314,4,699,0.71,0,0,0.3,1,1,0
USR9079,29,5,25293,142,25813,200000,1.020559047957933,0.129065,7,379,0.03,0,0,0.13,2,0,0
USR9252,37,4,54094,254,60326,200000,1.1152068621288866,0.30163,20,126,0.05,0,0,0.93,1,0,0
USR7521,26,5,54528,263,63434,200000,1.1633289319248827,0.31717,5,571,0.23,0,0,0.61,2,0,0
USR4779,22,1,36541,92,57924,200000,1.5851782928764948,0.28962,8,82,0.12,2,0,0.45,0,0,0
USR6921,39,5,51246,89,29744,300000,0.580416032470827,0.09914666666666666,9,496,0.29,1,0,0.14,0,0,0
USR6207,22,2,5246,115,8169,500000,1.5571864277544796,0.016338,11,121,0.24,2,0,0.04,2,0,0
USR3110,42,3,8691,91,5581,300000,0.6421585548268324,0.018603333333333333,5,356,0.43,0,0,0.88,1,1,0
USR1040,58,6,48075,334,52157,500000,1.0849089963598544,0.104314,19,511,0.27,0,0,0.78,2,1,0
USR1846,41,2,55460,314,73625,300000,1.3275333573746844,0.24541666666666667,4,315,0.53,0,0,0.6,2,0,0
USR1854,62,0,54684,333,35280,100000,0.6451612903225806,0.3528,18,647,0.36,0,0,0.41,2,0,0
USR8507,67,2,35955,118,60122,300000,1.6721457377277151,0.20040666666666668,9,607,0.64,0,0,0.31,0,0,0
USR1024,48,2,18435,144,27379,200000,1.485164090046108,0.136895,4,169,0.64,1,0,0.77,1,0,0
USR5177,19,4,13556,233,5447,100000,0.40181469460017705,0.05447,1,19,0.86,0,0,0.03,1,0,0
USR5236,62,0,23660,52,38053,200000,1.60832628909552,0.190265,23,197,0.59,0,0,0.93,0,0,0
USR6002,27,0,44426,242,1000,300000,0.022509341376671318,0.0033333333333333335,5,500,0.11,1,0,0.68,2,0,0
USR1716,34,3,15060,240,37873,500000,2.5148074369189906,0.075746,5,222,0.84,1,0,0.48,1,1,1
USR2949,49,2,57399,216,82166,200000,1.431488353455635,0.41083,20,539,0.95,0,1,0.44,1,1,0
USR1975,50,3,29945,212,37794,200000,1.2621138754383037,0.18897,7,434,0.38,0,0,0.24,1,0,0
USR9956,54,2,31911,351,1000,300000,0.03133715646642224,0.0033333333333333335,13,373,0.45,1,0,0.25,0,1,0
USR7646,36,3,15956,195,20554,100000,1.2881674605164202,0.20554,3,152,0.93,2,0,0.4,0,0,0
USR6977,41,3,44938,211,24045,300000,0.5350705416351418,0.08015,11,27,0.06,1,0,0.8,1,0,0
USR3275,41,1,26343,39,57431,100000,2.1801237520403904,0.57431,5,161,0.33,0,1,0.7,1,1,0
USR1747,47,4,42997,247,49606,200000,1.1537083982603438,0.24803,7,294,0.83,0,1,0.4,2,0,0
USR4127,27,3,12257,205,7395,100000,0.6033287101248266,0.07395,1,457,0.77,2,0,0.13,1,0,0
USR2524,66,3,30551,349,43929,100000,1.4378907400739747,0.43929,11,248,0.57,0,0,0.96,2,1,0
USR2976,25,1,35279,261,79442,300000,2.2518211967459396,0.2648066666666667,8,245,0.38,1,0,0.72,0,0,0
USR4271,32,1,24703,100,25196,500000,1.0199570902319557,0.050392,13,404,0.83,0,0,0.82,2,0,0
USR1821,55,5,25593,288,70785,500000,2.7657953346618216,0.14157,11,117,0.54,3,1,0.57,0,0,0
USR2580,66,5,12715,65,7570,200000,0.5953598112465592,0.03785,12,617,0.34,2,0,0.06,2,0,0
USR2573,69,2,37021,317,26996,300000,0.7292077469544312,0.08998666666666667,2,84,0.26,0,0,0.35,0,0,0
USR8040,58,3,46911,223,10764,500000,0.22945577796252478,0.021528,0,315,0.62,0,0,0.5,0,0,0
USR6790,58,2,14797,343,11815,100000,0.7984726633777117,0.11815,8,292,0.9,0,0,0.34,0,0,0
USR7888,42,3,35436,169,47390,500000,1.3373405576250141,0.09478,3,92,0.98,1,1,0.31,0,0,0
USR3071,58,4,42081,63,57402,500000,1.3640835531475013,0.114804,5,571,0.88,2,0,0.32,0,0,0
USR4716,43,2,5615,182,4776,300000,0.8505788067675868,0.01592,8,316,0.08,0,1,0.79,1,0,0
USR6817,63,2,5944,208,5468,200000,0.9199192462987887,0.02734,5,585,0.55,1,0,0.71,0,1,0
USR1568,19,0,33114,162,43919,300000,1.326297034486924,0.14639666666666667,10,84,0.25,3,0,0.62,2,1,0
USR6867,50,3,40335,342,109194,100000,2.707177389364076,1.09194,3,77,0.65,2,0,0.92,0,1,1
USR2034,43,0,54982,210,1000,500000,0.018187770543086828,0.002,15,379,0.53,2,0,0.88,0,1,0
USR7230,40,2,51022,241,55142,100000,1.0807494806162048,0.55142,0,506,0.72,0,0,0.09,0,0,0
USR4359,61,3,41355,344,30727,300000,0.7430056825051384,0.10242333333333334,5,272,0.69,3,0,0.29,2,0,0
USR9793,21,2,40285,142,33398,100000,0.829043068139506,0.33398,1,347,0.05,0,1,0.6,0,0,0
USR3485,65,0,38077,82,64624,100000,1.69719253092418,0.64624,12,426,0.11,1,0,0.47,0,0,0
USR9241,34,0,36746,193,25176,200000,0.6851357970935612,0.12588,9,463,0.83,1,1,0.01,1,0,0
USR6956,67,1,14759,242,19772,200000,1.3396571583440613,0.09886,5,545,0.78,1,0,0.29,0,1,0
USR9479,61,4,11840,302,4578,200000,0.3866554054054054,0.02289,2,193,0.3,0,0,0.73,1,0,0
USR4423,68,1,54967,296,1000,300000,0.018192733822111447,0.0033333333333333335,0,500,0.71,1,0,0.07,1,0,0
USR7118,23,1,37360,83,13180,100000,0.35278372591006424,0.1318,7,572,0.15,0,1,0.79,0,0,0
USR9555,19,2,33924,31,19895,300000,0.5864579648626341,0.06631666666666666,5,18,0.87,2,0,0.66,0,1,0
USR1817,22,2,10056,152,1000,200000,0.09944311853619729,0.005,11,96,0.26,0,1,0.72,0,0,0
USR9996,58,3,51052,238,72642,300000,1.4229021389955339,0.24214,8,366,0.21,0,0,0.92,2,0,0
USR2482,38,4,59446,28,26128,100000,0.4395249470107324,0.26128,9,288,0.01,0,1,0.75,2,0,0
USR5039,60,0,59638,206,50178,100000,0.8413763036989839,0.50178,0,7,0.5,0,1,0.04,2,0,0
USR8968,30,1,30594,285,64858,200000,2.1199581617310583,0.32429,18,430,0.21,3,0,0.07,2,0,0
USR9578,62,2,19901,158,28897,200000,1.4520375860509522,0.144485,6,142,0.38,3,0,0.46,2,0,0
USR3383,38,0,28985,231,30632,300000,1.056822494393652,0.10210666666666667,2,419,0.06,1,0,0.96,2,0,0
USR5299,63,1,39512,194,11603,500000,0.29365762300060744,0.023206,9,419,0.47,0,0,0.72,0,0,0
USR1942,53,2,55603,176,26281,500000,0.47265435318238225,0.052562,5,19,0.46,1,0,0.98,2,0,0
USR3575,69,1,48809,13,78561,200000,1.6095597123481324,0.392805,2,98,0.42,0,0,0.44,1,0,0
USR5269,63,2,9674,231,15154,300000,1.5664668182757908,0.050513333333333334,0,317,0.16,0,1,0.04,2,0,0
USR5114,49,2,49839,253,58550,200000,1.17478280061799,0.29275,1,684,0.34,0,0,0.31,2,1,0
USR1878,63,3,16881,213,24375,100000,1.4439310467389372,0.24375,19,174,0.83,0,1,0.07,2,0,0
USR1096,36,3,11553,291,11485,500000,0.9941140829221847,0.02297,13,547,0.82,0,0,0.4,0,0,0
USR7596,19,0,43976,116,40274,300000,0.915817718755685,0.13424666666666665,1,85,0.34,3,0,0.72,0,0,0
USR2895,61,1,40001,361,37267,200000,0.9316517087072823,0.186335,10,380,0.34,1,0,0.01,1,1,0
USR7278,38,1,31171,351,24467,500000,0.7849282987392128,0.048934,3,618,0.36,3,0,0.79,0,0,0
USR8036,26,1,43255,286,67688,500000,1.5648595538088081,0.135376,14,516,0.15,1,0,0.91,1,0,0
USR7281,28,0,40191,280,75854,500000,1.8873379612351024,0.151708,6,532,0.23,1,0,0.49,2,0,0
USR9976,25,2,36283,147,50706,100000,1.3975139872667641,0.50706,0,541,0.7,0,0,0.25,1,0,0
USR3533,52,1,34888,188,44555,100000,1.2770866773675762,0.44555,12,327,0.29,1,1,0.17,2,1,0
USR3992,70,2,22522,126,42074,300000,1.8681289405914216,0.14024666666666666,0,656,0.39,2,0,0.33,1,0,0
USR4299,46,2,17460,322,5654,300000,0.32382588774341353,0.018846666666666668,14,80,0.91,0,0,0.28,2,1,0
USR4853,41,5,11439,76,5895,200000,0.5153422501966956,0.029475,2,672,0.38,1,0,0.67,2,0,0
USR7544,39,3,36510,214,50032,300000,1.3703642837578744,0.16677333333333333,6,404,0.48,0,1,0.7,0,0,0
USR1148,26,5,51152,81,24741,300000,0.48367610259618393,0.08247,1,501,0.04,0,0,0.31,0,0,0
USR9922,21,1,53218,350,1000,500000,0.018790634747641775,0.002,16,506,0.58,1,0,0.52,0,1,0
USR5119,67,3,8201,80,1000,200000,0.12193634922570418,0.005,6,296,0.51,1,0,0.02,1,0,0
USR6692,51,3,16217,359,1348,300000,0.08312264907196153,0.0044933333333333336,1,30,0.01,2,0,0.27,0,1,0
USR9171,27,0,6218,245,10260,300000,1.6500482470247668,0.0342,3,164,0.43,0,0,0.55,1,0,0
USR8712,59,2,21878,216,13044,500000,0.5962153761769814,0.026088,11,53,0.72,3,0,0.8,1,1,0
USR1079,59,1,37813,283,11706,300000,0.30957607172136564,0.03902,5,444,0.22,2,0,0.65,0,1,0
USR3316,37,1,27705,357,2772,500000,0.10005414185165133,0.005544,5,651,0.27,0,1,0.17,1,0,0
USR2259,23,4,6645,66,4777,200000,0.7188863807373965,0.023885,1,510,0.55,1,0,0.58,0,0,0
USR1841,47,0,20203,43,25169,200000,1.245805078453695,0.125845,1,140,0.47,0,0,0.78,2,0,0
USR3881,43,3,48262,24,88347,100000,1.8305706352824167,0.88347,1,261,0.43,3,0,0.46,0,1,0
USR3287,36,3,9429,106,8323,500000,0.882702301410542,0.016646,10,517,0.11,0,0,0.49,1,0,0
USR5904,65,2,42321,33,56102,300000,1.3256303017414521,0.18700666666666665,7,85,0.0,1,0,0.73,1,0,0
USR4794,42,4,26395,51,23664,200000,0.8965334343625687,0.11832,7,207,0.82,1,0,0.27,0,0,0
USR3640,33,1,42190,82,97916,300000,2.32083432092913,0.32638666666666666,10,417,1.0,0,0,0.4,0,0,0
USR2445,26,2,38593,129,24199,300000,0.6270308086958775,0.08066333333333334,5,500,0.1,1,0,0.66,0,0,0
USR4999,23,1,14984,206,11885,100000,0.7931793913507742,0.11885,6,127,0.26,2,0,0.51,2,0,0
USR6343,25,4,10965,140,1000,200000,0.09119927040583675,0.005,3,626,0.43,3,0,0.3,1,0,0
USR9637,59,2,6080,55,9034,100000,1.4858552631578947,0.09034,0,213,0.96,0,0,0.7,0,0,0
USR2273,60,2,39019,209,69834,200000,1.78974345831518,0.34917,13,593,0.86,2,0,0.48,1,0,0
USR1365,22,5,44809,111,68773,200000,1.5348032761275636,0.343865,4,197,0.16,1,0,1.0,0,0,0
USR9451,43,0,54901,302,68646,300000,1.2503597384382799,0.22882,2,520,0.36,0,0,0.12,1,1,0
USR2026,69,6,56048,36,96680,500000,1.7249500428204396,0.19336,8,177,0.5,2,0,0.65,1,1,0
USR5068,29,1,14286,319,13860,100000,0.9701805963880722,0.1386,14,584,0.34,1,0,0.15,1,1,0
USR4369,65,2,59021,45,80510,200000,1.3640907473611088,0.40255,13,499,0.01,0,1,0.43,0,0,0
USR9732,31,2,20195,345,28201,200000,1.3964347610794752,0.141005,1,679,0.58,1,0,0.17,0,0,0
USR3512,42,1,44643,90,82689,200000,1.8522276728714469,0.413445,0,365,0.55,1,0,0.42,2,0,0
USR2664,57,3,30167,130,4673,100000,0.1549043656976166,0.04673,0,474,0.18,0,0,0.55,1,0,0
USR9258,51,1,37695,14,51242,500000,1.3593845337577928,0.102484,12,116,0.73,0,0,0.1,1,1,0
USR8527,56,3,43051,218,23090,200000,0.5363406192655222,0.11545,14,570,0.41,3,0,0.93,1,0,0
USR9153,51,4,16231,102,22482,300000,1.3851272256792557,0.07494,3,568,0.1,3,1,0.61,2,0,0
USR7850,55,2,34968,96,50606,300000,1.4472088766872568,0.16868666666666668,4,421,0.3,2,0,0.54,0,0,0
USR8744,21,0,44776,237,62143,100000,1.3878640343040916,0.62143,24,483,0.09,0,0,0.45,0,0,0
USR6487,69,4,8199,70,14549,300000,1.7744846932552751,0.04849666666666667,1,247,0.62,0,1,0.08,0,0,0
USR6648,63,2,53927,149,21550,100000,0.3996142933966288,0.2155,0,255,0.33,1,0,0.27,2,0,0
USR9048,45,2,26682,7,4008,300000,0.15021362716438047,0.01336,0,232,0.17,3,0,0.35,2,1,0
USR3481,39,3,58740,153,82357,100000,1.402059925093633,0.82357,11,224,0.86,0,1,0.0,0,0,0
USR3985,30,3,34613,265,32766,200000,0.9466385462109612,0.16383,0,391,0.19,0,0,0.49,0,1,0
USR9219,22,4,25827,49,35007,300000,1.3554419793239634,0.11669,5,133,0.61,0,0,0.22,2,1,0
USR3823,27,2,30702,59,1000,300000,0.03257116800208455,0.0033333333333333335,1,128,0.47,3,0,0.82,1,0,0
USR7274,61,0,27480,179,34973,300000,1.2726710334788938,0.11657666666666666,0,133,0.44,0,0,0.25,1,0,0
USR4559,60,2,8055,139,5520,100000,0.6852886405959032,0.0552,25,604,0.87,1,0,0.03,0,0,0
USR1712,64,6,26770,209,7190,200000,0.26858423608516996,0.03595,20,26,0.56,3,1,0.43,2,0,0
USR2807,55,5,27266,159,32186,500000,1.1804445096457126,0.064372,12,124,0.67,0,1,0.01,0,0,0
USR5331,24,6,21108,342,16240,100000,0.7693765397005875,0.1624,1,30,0.56,0,0,0.76,0,0,0
USR8892,64,2,45667,151,67482,500000,1.4776972430858168,0.134964,8,24,0.88,2,0,0.7,1,1,0
USR8242,55,2,36340,186,46703,500000,1.2851678591084206,0.093406,2,34,0.91,0,1,0.54,0,1,0
USR7904,41,1,54223,20,40408,300000,0.7452188185825204,0.13469333333333333,20,436,0.24,3,0,0.88,1,1,0
USR2472,29,4,11661,68,5640,100000,0.4836634936969385,0.0564,0,664,0.44,0,0,0.06,0,1,0
USR9157,32,4,25621,285,21385,200000,0.8346668748292416,0.106925,5,437,0.62,0,0,0.06,2,1,0
USR9429,23,0,59479,63,39523,100000,0.6644866255317002,0.39523,2,16,0.37,1,0,0.85,2,0,0
USR7684,37,3,52664,117,60281,200000,1.1446339055142032,0.301405,7,661,0.61,0,1,0.49,1,0,0
USR8768,29,1,36891,237,20760,500000,0.56273887940148,0.04152,0,627,0.51,1,0,0.32,1,1,0
USR5063,49,1,57882,182,10271,300000,0.1774472202066273,0.034236666666666665,11,552,0.67,1,0,0.75,0,1,0
USR1838,43,2,15753,332,20093,200000,1.2755030787786454,0.100465,3,306,0.72,0,0,0.07,0,0,0
USR6550,30,6,18686,260,12426,300000,0.6649898319597559,0.04142,5,514,0.01,0,0,0.12,2,1,0
USR8702,46,3,20797,293,12887,200000,0.6196566812521037,0.064435,4,687,0.89,0,0,0.89,1,1,0
USR3022,63,3,48060,42,44785,100000,0.9318560133166874,0.44785,5,317,0.8,2,1,0.42,2,0,0
USR2557,47,1,14616,41,13468,300000,0.921455938697318,0.044893333333333334,2,585,0.81,1,0,0.83,0,0,0
USR6043,56,2,45112,362,1000,500000,0.022167050895548854,0.002,1,121,0.5,1,1,0.46,0,0,0
USR1145,44,1,20816,73,1000,500000,0.048039969254419675,0.002,0,667,0.86,2,1,0.54,2,0,0
USR8819,67,3,15223,300,1000,500000,0.06569007422978387,0.002,1,672,0.38,0,0,0.64,0,0,0
USR4325,40,3,18672,65,41114,500000,2.2019065981148245,0.082228,7,143,0.09,1,1,0.46,0,0,0
USR7207,30,3,8889,151,1992,200000,0.2240971987850152,0.00996,6,595,0.31,0,1,0.32,0,0,0
USR4954,58,1,39954,311,71727,300000,1.7952395254542723,0.23909,12,531,0.48,3,1,0.51,0,0,0
USR3047,66,7,58788,62,68332,500000,1.1623460570184392,0.136664,1,96,0.73,1,0,0.97,2,0,0
USR1518,47,1,23433,338,36754,200000,1.5684718132548117,0.18377,11,189,0.19,1,0,0.26,2,0,0
USR3441,70,3,17165,11,7242,300000,0.42190503932420625,0.02414,8,218,0.02,0,0,0.36,0,0,0
USR9616,35,2,9754,76,12331,500000,1.2641993028501128,0.024662,1,349,0.98,3,0,0.02,2,0,0
USR1834,42,2,55537,69,63121,100000,1.1365576102418207,0.63121,10,422,0.24,1,0,0.89,0,1,0
USR4296,29,1,30168,318,51047,100000,1.6920909573057545,0.51047,15,218,0.67,1,1,0.94,0,0,0
USR5516,53,1,58860,128,1790,300000,0.030411145090044174,0.005966666666666667,0,667,0.45,3,0,0.38,0,0,0
USR3066,70,2,26146,151,27639,500000,1.0571024248451006,0.055278,1,379,0.05,2,0,0.6,0,0,0
USR1528,55,5,35624,88,31937,300000,0.8965023579609253,0.10645666666666667,1,401,0.1,2,0,0.62,2,1,0
USR1414,69,1,15885,124,17750,200000,1.1174063581995592,0.08875,13,511,0.35,0,0,0.82,1,0,0
USR2450,48,2,47597,202,41813,500000,0.8784797361178226,0.083626,7,254,1.0,0,0,0.26,2,1,0
USR2386,30,4,19219,251,25222,500000,1.3123471564597533,0.050444,3,543,0.19,0,0,0.39,2,0,0
USR4898,63,3,27560,57,31364,100000,1.1380261248185777,0.31364,4,145,0.25,1,0,0.96,1,0,0
USR3761,34,0,30721,120,19871,500000,0.6468213925327951,0.039742,13,305,0.55,0,0,0.29,2,0,0
USR8655,21,2,26330,199,33711,100000,1.2803266236232433,0.33711,1,143,0.25,0,0,0.42,0,0,0
USR6086,42,2,11749,122,11420,500000,0.9719976168184526,0.02284,9,170,0.83,0,0,0.98,2,1,0
USR3980,38,2,9382,288,24471,500000,2.608292474952036,0.048942,2,623,0.69,0,0,0.11,0,0,0
USR3204,59,2,22509,108,38771,500000,1.7224665689279843,0.077542,11,321,0.16,0,0,0.74,1,1,0
USR7223,69,1,49322,349,83685,300000,1.6967073516889015,0.27895,2,17,0.37,0,0,0.6,0,1,0
USR8800,52,3,11414,24,13142,500000,1.151393026108288,0.026284,2,329,0.63,0,0,0.05,0,0,0
USR1790,52,2,10922,268,4285,300000,0.39232741256180187,0.014283333333333334,12,49,0.86,1,1,0.89,1,0,0
USR7827,46,1,21212,307,29463,300000,1.388977937016783,0.09821,8,89,0.25,1,0,0.5,0,0,0
USR8824,49,4,22175,270,47290,500000,2.1325817361894024,0.09458,3,141,0.29,3,0,0.97,0,0,0
USR3863,29,3,8793,351,12023,300000,1.3673376549528033,0.04007666666666666,6,115,0.61,1,0,0.15,0,0,0
USR6854,33,3,8811,328,11672,100000,1.3247077516740438,0.11672,13,71,0.08,2,0,0.42,0,0,0
USR7682,61,1,24362,264,1000,300000,0.0410475330432641,0.0033333333333333335,13,93,0.78,0,1,0.84,2,0,0
USR6881,34,2,32140,78,44433,100000,1.382482887367766,0.44433,3,123,1.0,3,0,0.67,0,0,0
USR6693,36,4,9899,167,17644,100000,1.7824022628548337,0.17644,2,555,0.76,1,0,0.85,2,1,0
USR1642,44,3,20991,133,28993,300000,1.3812109951884142,0.09664333333333333,3,328,0.33,0,1,0.29,0,0,0
USR6414,58,1,16877,102,17079,500000,1.0119689518279316,0.034158,2,241,0.51,2,1,0.53,0,0,0
USR6752,30,3,30710,42,29063,300000,0.9463692608270922,0.09687666666666667,0,458,0.62,1,1,0.84,2,0,0
USR2800,28,2,35041,216,31063,100000,0.8864758425844012,0.31063,5,420,0.49,2,0,0.36,0,0,0
USR5058,29,2,39474,88,43984,300000,1.114252419313979,0.14661333333333335,0,577,0.1,0,0,0.84,0,1,0
USR8895,57,2,27578,347,32724,500000,1.1865980129088405,0.065448,2,648,0.17,0,0,0.53,1,0,0
USR1573,29,2,35832,244,20366,100000,0.5683746371958026,0.20366,6,698,0.77,3,0,0.72,0,1,0
USR5049,18,2,42886,110,46788,100000,1.090985403161871,0.46788,2,685,0.33,0,0,0.44,0,0,0
USR5874,69,3,24355,34,27506,300000,1.1293779511393964,0.09168666666666667,7,575,0.45,1,1,0.71,0,0,0
USR4110,40,1,32195,210,34676,500000,1.077061655536574,0.069352,1,73,0.43,0,0,0.33,0,0,0
USR8681,52,0,11584,42,20114,500000,1.736360497237569,0.040228,8,552,0.83,1,1,0.07,2,0,0
USR1208,42,1,27841,219,37048,500000,1.3306993283287238,0.074096,5,190,0.87,2,1,0.3,2,0,0
USR7414,55,1,59643,264,21232,200000,0.3559847760843687,0.10616,5,599,0.65,0,0,0.07,2,0,0
USR1907,65,2,30822,7,45393,200000,1.4727467393420284,0.226965,9,176,0.43,1,0,0.93,2,0,0
USR7175,43,3,15375,121,8551,500000,0.5561626016260163,0.017102,1,403,0.45,0,1,0.65,2,0,0
USR3759,65,2,14643,284,14513,100000,0.9911220378337773,0.14513,8,325,0.55,1,0,0.53,0,0,0
USR3606,53,1,31149,219,39002,200000,1.252110822177277,0.19501,3,372,0.48,0,0,0.56,2,0,0
USR9486,67,3,30301,330,70179,500000,2.316062176165803,0.140358,13,208,0.09,0,0,0.47,0,0,0
USR2317,43,1,19205,79,4825,200000,0.25123665712054155,0.024125,3,346,0.92,2,0,0.42,2,0,0
USR2631,67,1,44181,319,47043,300000,1.0647789773884702,0.15681,14,71,0.75,1,0,0.14,0,0,0
USR1440,26,2,34723,358,25068,300000,0.7219422284940817,0.08356,2,194,0.29,1,1,0.61,0,0,0
USR4212,70,5,59583,11,117859,200000,1.978064212946646,0.589295,8,40,0.22,2,0,0.37,1,1,0
USR7917,36,3,16432,187,10198,300000,0.6206183057448881,0.033993333333333334,10,89,0.42,2,0,0.49,1,1,0
USR4911,23,2,13981,277,15942,300000,1.1402617838495102,0.05314,15,248,0.38,0,0,0.93,1,0,0
USR1603,54,2,42869,71,26739,500000,0.6237374326436352,0.053478,5,145,0.88,3,0,0.44,0,0,0
USR2325,50,1,6711,117,5884,200000,0.8767694829384592,0.02942,5,560,0.41,0,0,0.46,1,0,0
USR2599,29,2,7246,4,8494,100000,1.172232956113718,0.08494,13,266,0.19,0,0,0.29,2,0,0
USR9942,60,2,14557,242,2855,300000,0.1961255753245861,0.009516666666666666,1,571,0.85,0,0,0.31,2,0,0
USR5358,53,1,53897,302,58994,300000,1.0945692710169397,0.19664666666666666,7,511,0.97,1,1,0.48,1,0,0
USR5394,23,2,32825,173,29306,500000,0.8927951256664128,0.058612,1,473,0.83,2,0,0.33,2,1,0
USR5741,58,1,58233,143,1000,200000,0.01717239365995226,0.005,9,363,0.94,0,0,0.76,1,0,0
USR5120,20,1,36949,247,39233,300000,1.0618149340983518,0.13077666666666668,10,688,0.37,1,1,0.95,0,0,0
USR9128,52,1,37019,14,44517,500000,1.2025446392393095,0.089034,11,443,0.39,3,0,0.37,1,1,0
USR7661,48,1,24014,263,38258,300000,1.5931539935037895,0.12752666666666668,2,546,0.76,0,1,0.61,0,0,0
USR8199,68,1,18207,262,1364,300000,0.0749162410062064,0.004546666666666667,5,173,0.2,0,0,0.17,1,0,0
USR7729,61,2,40548,192,31335,500000,0.772787807043504,0.06267,9,304,0.52,0,0,0.26,0,0,0
USR6974,49,3,10008,89,3484,200000,0.3481215027977618,0.01742,10,183,0.75,3,0,0.34,0,0,0
USR1891,29,1,38716,298,19019,200000,0.49124393015807416,0.095095,1,586,0.65,2,1,0.12,0,1,0
USR3978,24,3,33548,121,5923,200000,0.1765529986884464,0.029615,3,110,0.21,2,0,0.01,2,0,0
USR3163,46,3,9001,24,13603,200000,1.5112765248305744,0.068015,6,534,0.71,0,0,0.72,0,0,0
USR9818,20,0,27189,271,32761,300000,1.2049358196329398,0.10920333333333333,4,106,0.86,0,1,0.51,0,1,0
USR1990,56,2,25096,161,17643,200000,0.7030204016576347,0.088215,2,589,0.41,1,0,0.35,1,0,0
USR3461,63,1,28513,116,40800,300000,1.4309262441693262,0.136,13,206,0.95,1,0,0.6,2,1,0
USR9873,64,1,45178,365,79849,500000,1.7674310505113109,0.159698,1,258,0.6,3,0,0.64,2,0,0
USR9305,65,1,19101,77,7387,300000,0.3867336788649809,0.024623333333333334,9,542,0.72,1,0,0.72,1,1,0
USR8556,60,1,13498,156,13990,200000,1.0364498444213959,0.06995,21,214,0.03,1,0,0.92,0,0,0
USR7502,46,2,49436,170,91178,100000,1.8443644307791893,0.91178,7,551,0.04,1,1,0.57,0,0,0
USR3347,50,2,17647,74,29245,500000,1.6572221907406357,0.05849,5,25,0.29,2,0,0.13,0,1,0
USR3389,36,4,39353,190,66712,500000,1.695220186516911,0.133424,5,321,0.1,3,0,0.45,2,1,0
USR2676,59,1,9959,17,27205,100000,2.7316999698764937,0.27205,10,367,0.41,1,0,0.46,1,0,0
USR5868,22,0,27455,122,13165,500000,0.47951192861045344,0.02633,6,283,0.97,1,0,0.04,0,1,0
USR6755,41,3,26711,54,40530,300000,1.5173524016322864,0.1351,13,646,0.25,0,0,0.83,2,1,0
USR3723,26,2,20377,318,17990,500000,0.8828581243558914,0.03598,0,181,0.6,2,1,0.51,1,1,0
USR7476,62,1,47819,157,70131,300000,1.4665927769296723,0.23377,1,651,0.26,0,0,0.18,0,1,0
USR4602,60,4,23761,98,17948,500000,0.7553554143344136,0.035896,3,505,0.31,2,0,0.51,0,1,0
USR6977,58,4,38387,315,51908,100000,1.3522286190637456,0.51908,7,598,0.15,0,0,0.18,0,1,0
USR4920,62,2,33669,302,33426,500000,0.9927826784282278,0.066852,1,592,0.61,2,0,0.27,0,0,0
USR7608,58,3,22043,253,29265,300000,1.3276323549426121,0.09755,2,480,0.42,0,0,0.58,0,1,0
USR1441,50,3,30727,241,6247,200000,0.20330653822371206,0.031235,3,488,0.9,2,0,0.2,0,1,0
USR4220,24,0,9511,173,10151,300000,1.0672905057302071,0.03383666666666667,5,351,0.91,1,0,0.95,1,0,0
USR1955,32,4,57157,315,32460,300000,0.5679094424130028,0.1082,11,321,0.08,1,0,0.87,2,0,0
USR3485,19,4,38297,301,71838,200000,1.8758127268454448,0.35919,0,650,0.9,0,0,0.93,0,0,1
USR7937,26,1,57913,279,121850,100000,2.104018096109682,1.2185,13,498,0.19,1,1,0.39,1,0,0
USR8399,66,3,41855,6,70840,500000,1.6925098554533509,0.14168,2,659,0.25,1,0,0.76,1,0,0
USR7362,55,2,40934,79,69084,300000,1.687692382860214,0.23028,16,686,0.61,2,0,0.85,0,0,0
USR2722,23,4,28634,350,32193,100000,1.124292798770692,0.32193,13,414,0.92,0,0,0.55,1,0,0
USR1550,51,1,14034,257,15284,300000,1.0890694028787231,0.05094666666666667,9,684,0.88,0,1,0.68,0,1,0
USR6268,45,2,11321,330,6202,300000,0.5478314636516208,0.020673333333333332,12,612,0.86,0,0,0.52,1,0,0
USR5920,19,2,50206,164,49164,300000,0.9792455085049596,0.16388,13,177,0.46,3,0,0.57,2,0,0
USR9496,54,1,54349,32,51182,300000,0.9417284586652929,0.17060666666666666,21,555,0.19,2,0,0.02,0,0,0
USR8822,33,1,38100,330,41297,500000,1.0839107611548557,0.082594,10,14,0.25,0,1,0.92,0,1,0
USR2351,50,5,6064,345,5698,200000,0.9396437994722955,0.02849,9,27,0.77,0,0,0.17,0,0,0
USR2114,48,4,25473,260,42118,500000,1.653436972480666,0.084236,7,207,0.94,0,0,0.17,0,0,0
USR8248,64,2,50180,100,53733,100000,1.0708051016341171,0.53733,10,127,0.53,2,0,0.27,1,0,0
USR4200,53,2,49813,60,98934,200000,1.9861080440848775,0.49467,8,38,0.22,0,0,0.06,0,0,0
USR7847,39,1,41535,316,78222,200000,1.8832791621524017,0.39111,12,414,0.39,0,1,0.9,1,0,0
USR1138,59,4,24708,171,2944,100000,0.11915169175975393,0.02944,4,442,0.54,1,0,0.96,2,0,0
USR9206,49,1,19002,345,22811,500000,1.2004525839385327,0.045622,9,493,0.36,0,0,0.73,0,0,0
USR2329,36,0,54730,13,48030,200000,0.8775808514525855,0.24015,6,265,0.9,1,0,0.52,0,0,0
USR1994,52,4,26143,51,26965,500000,1.031442451134147,0.05393,12,120,0.75,1,0,0.44,0,1,0
USR5651,27,2,55235,255,100204,100000,1.814139585407803,1.00204,16,609,0.9,3,0,0.51,1,0,0
USR8114,55,5,50460,31,69514,300000,1.37760602457392,0.23171333333333333,3,349,0.69,2,0,0.99,1,0,0
USR3979,69,3,30654,161,23953,200000,0.781398838650747,0.119765,22,316,0.35,2,0,0.86,0,0,0
USR5795,62,1,39579,29,28964,100000,0.7318022183481139,0.28964,18,686,0.24,0,1,0.62,2,1,0
USR5348,56,1,38521,164,67554,300000,1.7536927909451987,0.22518,15,678,0.25,0,0,0.32,0,1,0
USR9849,43,3,23366,193,6456,500000,0.2762988958315501,0.012912,20,625,0.62,0,1,0.21,1,1,0
USR5424,43,2,6532,119,7758,300000,1.1876913655848131,0.02586,6,695,0.64,0,0,0.03,0,0,0
USR1972,40,6,41509,237,47472,500000,1.1436555927630152,0.094944,10,368,0.74,0,0,0.83,1,0,0
USR7667,33,1,5903,59,4547,500000,0.7702862951041843,0.009094,1,513,0.84,1,1,0.33,1,0,0
USR1503,49,2,39764,137,52992,100000,1.3326627099889348,0.52992,11,387,0.99,0,0,0.01,0,0,0
USR8909,49,1,26852,337,25720,300000,0.957842991211083,0.08573333333333333,3,174,0.14,1,1,0.71,0,0,0
USR8923,20,1,5662,266,4730,100000,0.8353938537619215,0.0473,4,471,0.05,0,0,0.43,0,0,0
USR8736,61,2,26881,85,30233,200000,1.124697741899483,0.151165,7,270,0.41,0,0,0.42,0,0,0
USR6761,33,3,48610,53,22771,500000,0.46844270726188025,0.045542,7,488,0.63,0,1,0.19,2,0,0
USR8266,65,3,40298,84,40338,100000,1.0009926050920641,0.40338,2,70,0.59,0,0,0.34,0,0,0
USR5689,70,2,13820,155,3095,200000,0.2239507959479016,0.015475,5,465,0.85,0,1,0.55,1,1,0
USR3740,31,5,24359,86,19157,100000,0.786444435321647,0.19157,15,488,0.03,0,0,0.82,2,0,0
USR6884,56,2,12203,145,14469,100000,1.1856920429402606,0.14469,11,565,0.2,2,0,0.93,0,0,0
USR3987,25,1,11265,110,16214,200000,1.4393253439857967,0.08107,15,560,0.25,0,0,0.87,2,0,0
USR9030,37,1,19306,191,24508,100000,1.2694499119444733,0.24508,0,133,0.89,0,0,0.63,2,1,0
USR7593,41,1,34521,336,37160,200000,1.0764462211407548,0.1858,1,92,0.23,1,0,0.9,1,0,0
USR4761,59,1,52953,180,18393,500000,0.3473457594470568,0.036786,5,155,0.66,1,0,0.21,0,1,0
USR4282,23,1,32521,355,49282,500000,1.515390055656345,0.098564,16,691,0.28,3,0,0.3,0,1,0
USR3189,55,5,55281,173,61018,100000,1.1037788752012445,0.61018,4,469,0.73,1,0,0.66,2,1,0
USR3282,37,0,37602,126,40570,200000,1.0789319717036328,0.20285,10,66,0.58,0,0,0.23,0,0,0
USR2938,45,0,45545,38,29920,200000,0.6569327039192008,0.1496,8,18,0.11,2,0,0.84,0,0,0
USR7002,58,0,32426,353,49490,300000,1.526244371800407,0.16496666666666668,2,686,0.92,3,0,0.34,2,0,0
USR1087,61,2,50073,44,41593,200000,0.8306472550076888,0.207965,14,693,0.4,1,0,0.17,0,0,0
USR6373,51,2,24072,184,21772,100000,0.9044533067464274,0.21772,1,673,0.84,2,0,0.6,0,1,0
USR5388,35,1,35399,299,71709,200000,2.0257351902596117,0.358545,2,478,0.02,0,0,0.13,0,0,0
USR5174,58,3,54385,288,104063,500000,1.9134503999264503,0.208126,2,145,0.37,0,0,0.24,2,1,0
USR8526,63,3,26529,128,32763,200000,1.2349881262015152,0.163815,5,373,0.07,1,0,0.43,0,0,0
USR5914,64,0,15707,82,31111,200000,1.980709237919399,0.155555,3,637,0.47,0,1,0.23,2,0,0
USR6829,66,1,11416,354,10230,500000,0.8961107217939733,0.02046,5,66,0.72,3,0,0.35,0,0,0
USR1884,33,2,41126,345,37923,500000,0.9221173953216943,0.075846,5,464,0.17,1,1,0.65,2,0,0
USR6891,61,2,29974,134,13537,100000,0.4516247414425836,0.13537,13,159,0.45,2,0,0.88,1,0,0
USR1866,20,3,45078,318,10527,200000,0.2335285505124451,0.052635,8,33,0.58,2,0,0.51,1,1,0
USR2510,49,1,32459,200,20574,200000,0.6338457746695831,0.10287,8,457,0.68,0,0,0.58,2,1,0
USR6330,66,2,37852,73,66725,200000,1.762786642713727,0.333625,6,356,0.37,1,0,0.1,2,0,0
USR7438,37,1,57452,309,1000,300000,0.017405834435702847,0.0033333333333333335,1,238,0.81,2,0,0.13,0,0,0
USR4176,26,4,19372,303,29163,300000,1.5054201940945695,0.09721,22,30,0.71,0,1,0.42,1,0,0
USR3425,68,3,24542,43,23497,200000,0.9574199331757803,0.117485,3,603,0.99,3,0,0.1,0,0,0
USR6622,19,1,9830,241,10881,100000,1.1069175991861648,0.10881,2,73,0.32,0,0,0.39,0,0,0
USR5680,21,3,55697,221,70947,500000,1.2738028978221447,0.141894,3,120,0.06,1,0,0.22,0,1,0
USR4528,47,3,28404,94,11909,500000,0.41927193353048864,0.023818,7,625,0.42,0,0,0.26,1,1,0
USR1105,67,0,39142,4,46818,200000,1.196106484083593,0.23409,11,120,0.25,1,1,0.57,0,0,0
USR5653,31,5,45168,324,27511,300000,0.6090816507261778,0.09170333333333333,6,613,0.4,1,0,0.27,1,0,0
USR6751,43,4,9533,58,4952,300000,0.5194587223329487,0.016506666666666666,3,436,0.95,1,0,0.49,0,0,0
USR3925,42,2,45129,359,35893,200000,0.7953422411309801,0.179465,14,616,0.74,0,1,0.63,1,1,0
USR5006,44,1,21246,234,19385,200000,0.9124070413254259,0.096925,11,121,0.71,0,0,0.51,2,0,0
USR8330,36,3,9522,200,10658,300000,1.1193026675068263,0.035526666666666665,15,260,0.69,1,1,0.97,1,0,0
USR3209,23,0,45455,265,28423,200000,0.62529974700253,0.142115,15,432,0.22,0,1,0.35,0,0,0
USR6159,22,3,14496,334,16118,200000,1.11189293598234,0.08059,4,136,0.48,1,1,0.45,0,0,0
USR5158,60,3,34040,84,69151,100000,2.0314629847238543,0.69151,10,46,0.84,0,0,0.46,1,0,0
USR1202,39,2,46598,189,42834,500000,0.9192240010300872,0.085668,6,189,0.85,1,1,0.41,0,0,0
USR6992,54,2,46258,303,20008,300000,0.4325305893034718,0.06669333333333333,5,459,0.75,2,0,0.28,0,1,0
USR5915,51,1,37806,166,1000,300000,0.02645082791091361,0.0033333333333333335,11,376,0.5,2,0,0.5,1,0,0
USR5037,29,0,32302,167,49542,300000,1.533713082781252,0.16514,16,270,0.66,0,1,0.41,0,0,0
USR9038,65,0,15531,177,37737,200000,2.4297855901101024,0.188685,23,96,0.96,1,0,0.32,1,0,0
USR2543,55,3,59512,291,22082,100000,0.37105121656136575,0.22082,12,36,0.92,1,0,0.13,0,0,0
USR1400,36,1,58530,302,102694,500000,1.7545532205706476,0.205388,1,484,0.35,0,1,0.17,0,0,0
USR7540,27,0,26652,329,29804,300000,1.1182650457751764,0.09934666666666667,7,157,0.83,0,0,0.8,0,0,0
USR7398,44,1,11566,158,10378,100000,0.8972851461179319,0.10378,5,289,0.92,3,0,0.14,0,1,0
USR1060,27,2,52198,74,95120,100000,1.8222920418406836,0.9512,21,482,0.46,0,0,0.28,0,1,0
USR1458,20,2,21519,361,24803,300000,1.1526093219945164,0.08267666666666666,9,662,0.88,0,1,0.32,0,0,0
USR5756,70,3,38616,240,41207,100000,1.0670965402941786,0.41207,4,327,0.5,1,1,0.89,1,0,0
USR6821,22,1,34798,318,11395,100000,0.32746134835335367,0.11395,7,150,0.02,3,0,0.81,0,0,0
USR3695,68,2,43785,180,33094,200000,0.7558296220166724,0.16547,18,355,0.05,3,0,0.17,0,1,0
USR4255,53,3,26307,88,45456,100000,1.7279051203101836,0.45456,10,162,0.78,1,1,0.36,1,0,0
USR2416,36,3,27448,184,32786,100000,1.1944768289128533,0.32786,10,351,0.99,1,0,0.4,0,1,0
USR8928,69,1,15426,342,21588,100000,1.3994554647996889,0.21588,24,180,0.22,0,0,0.16,0,0,0
USR6910,27,1,13724,21,13289,300000,0.9683037015447391,0.044296666666666665,11,419,0.06,0,0,0.73,1,1,0
USR2138,31,2,22167,92,31540,100000,1.4228357468308748,0.3154,2,664,0.89,2,0,0.04,2,0,0
USR6258,37,1,29022,269,28786,500000,0.9918682378884984,0.057572,2,87,0.11,0,0,0.35,0,0,0
USR1349,64,1,13699,164,7981,500000,0.5825972698737134,0.015962,7,493,0.26,0,0,0.2,1,1,0
USR4261,32,0,28707,77,14815,100000,0.5160762183439579,0.14815,19,354,0.21,0,0,0.4,0,0,0
USR7509,46,0,18281,136,35525,500000,1.9432744379410316,0.07105,6,585,0.16,1,1,0.75,1,1,1
USR5710,61,1,8251,345,1000,100000,0.12119743061447097,0.01,17,366,0.19,0,0,0.75,0,0,0
USR4833,33,0,35981,109,35768,500000,0.994080208999194,0.071536,2,564,0.41,2,0,0.7,1,0,0
USR5862,18,6,27459,205,1000,200000,0.036417932189810265,0.005,1,324,0.98,1,0,0.81,2,0,0
USR6225,24,1,8046,357,5812,100000,0.722346507581407,0.05812,3,553,0.53,2,0,0.86,0,0,0
USR2236,44,2,28232,100,21749,300000,0.7703669594786058,0.07249666666666667,12,686,0.08,2,0,0.94,2,1,0
USR4403,59,1,11506,323,1000,200000,0.08691117677733357,0.005,9,141,0.43,0,0,0.63,1,0,0
USR4576,55,1,49942,36,50512,300000,1.011413239357655,0.16837333333333335,10,177,0.8,2,0,0.96,2,0,0
USR7734,60,1,31862,34,17707,300000,0.5557403803904337,0.05902333333333333,2,655,0.55,3,0,0.86,0,0,0
USR1272,47,2,57499,293,93637,200000,1.6284978869197726,0.468185,14,600,0.09,1,0,0.73,0,0,0
USR2627,37,2,11472,293,18892,500000,1.646792189679219,0.037784,5,648,0.23,1,1,0.48,2,0,0
USR1440,52,0,52299,300,29842,500000,0.5706036444291478,0.059684,13,418,0.28,3,0,0.67,2,1,0
USR4361,19,3,17279,86,12624,200000,0.730597835522889,0.06312,2,318,0.24,0,0,0.52,2,0,0
USR3492,24,1,7035,341,3412,100000,0.4850035536602701,0.03412,7,342,0.43,1,0,0.59,1,1,0
USR6818,66,3,15215,125,14689,300000,0.965428853105488,0.04896333333333333,1,339,0.8,1,0,0.77,0,1,0
USR7956,38,2,25998,357,42028,100000,1.6165858912224018,0.42028,9,557,0.26,0,0,0.1,2,0,0
USR6857,41,2,42438,108,27887,300000,0.6571233328620576,0.09295666666666667,13,42,0.97,2,0,0.29,0,0,0
USR8016,21,4,24623,117,45256,100000,1.8379563822442433,0.45256,8,575,0.27,3,1,0.63,2,0,0
USR4436,70,5,21087,231,21664,100000,1.0273628301797315,0.21664,4,354,0.63,2,0,0.99,0,0,0
USR6944,69,1,25455,28,15066,100000,0.5918680023571008,0.15066,2,187,0.12,1,1,0.7,2,1,0
USR6886,28,0,31563,36,26007,100000,0.8239711054082312,0.26007,2,17,0.3,1,1,0.56,1,0,0
USR9583,66,2,36423,260,31135,200000,0.8548170112291684,0.155675,6,396,0.48,1,0,0.56,1,1,0
USR3562,66,4,6769,325,10940,500000,1.6161914610725365,0.02188,12,653,0.78,2,0,0.48,0,1,0
USR9118,24,1,24420,57,5563,300000,0.2278050778050778,0.018543333333333332,9,150,0.92,0,0,0.91,1,0,0
USR5226,30,6,18336,8,14509,300000,0.7912849040139616,0.048363333333333335,19,671,0.32,0,0,0.86,0,0,0
USR4317,64,4,21652,275,6089,300000,0.28122113430629964,0.020296666666666668,2,213,0.79,3,0,0.42,1,0,0
USR4465,22,0,58017,35,77465,200000,1.335212093007222,0.387325,2,243,0.92,3,0,0.83,0,0,0
USR1278,35,1,35635,114,25929,100000,0.7276273326785464,0.25929,13,17,0.09,0,0,0.7,0,0,0
USR4921,27,1,27852,353,20090,300000,0.7213126525922734,0.06696666666666666,12,33,0.2,2,0,0.55,0,1,0
USR3573,46,2,21560,198,1135,300000,0.05264378478664193,0.0037833333333333334,3,81,0.68,3,0,0.87,1,0,0
USR6317,49,2,13389,256,17925,200000,1.3387855702442304,0.089625,14,95,0.15,2,1,0.1,1,0,0
USR3647,60,2,54622,26,28396,500000,0.5198637911464246,0.056792,1,41,0.77,0,0,0.95,0,0,0
USR7827,45,0,55300,237,72041,100000,1.3027305605786619,0.72041,12,677,0.41,1,0,0.03,0,0,0
USR7085,54,3,16419,357,10254,500000,0.6245203727389,0.020508,7,483,0.24,1,0,0.77,0,0,0
USR6577,61,4,6010,167,4090,100000,0.6805324459234608,0.0409,10,196,0.87,0,0,0.26,2,0,0
USR7822,40,1,58420,6,108671,200000,1.860167750770284,0.543355,8,99,0.85,0,0,0.97,2,0,1
USR4796,30,1,7555,76,7222,500000,0.9559232296492389,0.014444,3,569,0.7,0,0,0.25,1,0,0
USR3618,66,1,18227,273,29641,200000,1.6262138585614747,0.148205,6,574,0.54,1,1,0.24,1,0,0
USR9222,49,2,18601,189,11666,500000,0.627170582226762,0.023332,22,393,0.79,0,0,0.02,0,0,0
USR3356,68,4,10950,40,4865,500000,0.4442922374429224,0.00973,3,546,0.65,0,0,0.76,0,0,0
USR4518,45,4,22061,126,3582,300000,0.16236797969267033,0.01194,8,302,0.21,3,0,0.13,0,0,0
USR3062,36,1,33330,266,25256,100000,0.7577557755775578,0.25256,12,164,0.46,2,0,0.42,0,0,0
USR9758,55,2,42131,356,64937,300000,1.5413116232702762,0.21645666666666666,15,5,0.44,0,0,0.67,0,0,0
USR7472,66,0,53336,127,36866,300000,0.6912029398530074,0.12288666666666667,7,308,0.21,1,1,0.07,1,1,0
USR1163,21,2,32188,97,1000,200000,0.03106747856343979,0.005,8,587,0.24,1,0,0.14,1,1,0
USR3016,30,2,43936,100,62826,200000,1.4299435542607428,0.31413,3,100,0.05,0,1,0.35,0,0,0
USR4831,46,0,22809,162,34032,300000,1.4920426147573327,0.11344,2,66,0.76,1,0,0.3,2,0,0
USR9657,54,1,33213,293,14121,300000,0.42516484509077773,0.04707,13,145,0.82,0,0,1.0,0,0,0
USR2723,18,0,59391,211,43109,300000,0.7258507181222744,0.14369666666666667,18,594,0.84,0,0,0.88,2,0,0
USR1870,32,2,14047,70,1007,300000,0.07168790489072399,0.0033566666666666667,6,598,0.58,0,0,0.58,0,0,0
USR6795,18,2,54336,239,35603,200000,0.6552377797408716,0.178015,3,459,0.11,1,0,0.35,0,1,0
USR8681,48,2,16330,204,18212,100000,1.115248009797918,0.18212,1,240,0.45,0,1,0.77,0,0,0
USR8078,62,1,45280,211,35065,200000,0.7744037102473498,0.175325,1,211,0.43,1,0,0.49,0,0,0
USR1424,42,1,38050,104,22846,100000,0.6004204993429698,0.22846,2,12,0.52,1,0,0.78,0,0,0
USR4188,69,4,44725,216,75571,100000,1.6896813862493012,0.75571,6,257,0.86,0,0,0.75,2,0,0
USR6343,45,2,37311,221,63740,500000,1.7083433839886362,0.12748,6,281,0.84,0,0,0.18,2,0,0
USR3217,49,2,12296,336,10007,100000,0.8138418998048146,0.10007,1,695,0.89,2,1,0.55,2,1,0
USR5393,26,1,48794,289,54963,300000,1.1264294790343075,0.18321,11,598,0.82,1,0,0.06,0,0,0
USR3941,35,2,7581,14,1000,500000,0.1319087191663369,0.002,12,56,0.45,2,0,0.81,2,0,0
USR4929,30,1,20577,177,20610,200000,1.001603732322496,0.10305,10,53,0.18,3,0,0.66,0,1,0
USR7338,24,7,14145,298,6819,500000,0.48207847295864265,0.013638,22,571,0.49,2,0,0.68,0,1,0
USR4752,20,0,7749,88,7155,200000,0.9233449477351916,0.035775,4,327,0.1,2,0,0.34,2,1,0
USR1702,52,2,12975,320,1000,100000,0.07707129094412331,0.01,8,70,0.61,0,0,0.98,0,0,0
USR9330,67,0,14560,101,18944,100000,1.3010989010989011,0.18944,5,335,0.77,3,0,0.9,0,1,0
USR3328,19,2,46443,358,54258,100000,1.168270783541115,0.54258,0,669,0.13,2,0,0.88,0,0,0
USR6779,55,1,46382,150,77646,300000,1.6740545901427277,0.25882,11,117,0.78,0,0,0.54,1,0,0
USR8802,58,3,6238,25,1326,500000,0.2125681308111574,0.002652,11,28,0.44,0,0,0.74,2,1,0
USR9292,24,1,44945,301,79617,200000,1.7714317499165646,0.398085,6,510,0.12,1,1,0.92,2,0,0
USR8113,66,0,9190,317,3661,200000,0.3983677910772579,0.018305,15,306,0.39,1,0,0.74,1,1,0
USR1582,41,3,24874,7,18940,500000,0.7614376457345019,0.03788,5,361,0.29,2,0,0.77,0,1,0
USR1103,34,2,21482,28,18554,300000,0.8636998417279583,0.06184666666666667,13,433,0.62,1,1,0.89,1,1,0
USR2651,26,3,58106,154,50059,500000,0.8615117199600729,0.100118,0,425,0.94,3,0,0.59,2,0,0
USR3281,19,3,26587,41,13698,200000,0.5152142024297589,0.06849,8,32,0.67,1,0,0.02,1,1,0
USR4762,56,4,37322,177,17033,500000,0.4563796152403408,0.034066,12,89,0.91,2,1,0.89,1,1,0
USR8876,19,2,56030,98,76027,200000,1.356898090308763,0.380135,1,364,0.78,1,0,0.11,0,1,0
USR9382,58,2,36795,66,48881,200000,1.3284685419214568,0.244405,1,467,0.83,3,1,0.41,1,1,0
USR3342,28,2,33695,140,10346,200000,0.30704852351981005,0.05173,4,555,0.66,1,0,0.47,0,0,0
USR1967,36,1,8291,265,9579,500000,1.155349173802919,0.019158,6,313,0.96,2,1,0.5,1,0,0
USR2490,27,3,12389,15,1000,500000,0.08071676487206393,0.002,2,481,0.33,1,0,0.08,0,0,0
USR9469,47,1,40680,115,7947,100000,0.19535398230088497,0.07947,1,317,0.84,1,0,0.05,1,0,0
USR3748,38,2,52951,254,66009,100000,1.2466053521179958,0.66009,12,235,0.62,1,0,0.01,1,0,0
USR4924,37,1,7446,125,1000,300000,0.13430029546065,0.0033333333333333335,0,587,0.21,0,0,0.76,1,1,0
USR9387,35,2,24673,276,15858,300000,0.6427268674259312,0.05286,9,269,0.38,1,1,0.59,0,0,0
USR3462,62,1,40597,7,59051,200000,1.4545656082961795,0.295255,0,489,0.53,2,1,0.41,1,1,0
USR3726,29,2,56954,160,117318,500000,2.0598728798679637,0.234636,11,44,0.12,0,0,0.12,0,1,0
USR9479,57,2,34515,334,38248,100000,1.1081558742575692,0.38248,1,161,0.78,1,0,0.37,2,0,0
USR9466,42,2,44132,154,56989,200000,1.2913305537931659,0.284945,6,406,0.44,0,0,0.56,0,0,0
USR4855,21,3,49179,351,41000,200000,0.8336891762744261,0.205,5,6,0.32,1,1,0.37,0,0,0
USR6866,33,2,43977,238,44833,200000,1.0194647201946472,0.224165,2,483,0.15,0,1,0.62,2,0,0
USR7974,24,1,29942,123,43061,200000,1.438147084363102,0.215305,3,585,0.78,0,0,0.02,2,0,0
USR1798,20,2,58629,117,66567,300000,1.1353937471217315,0.22189,2,379,0.87,2,0,0.97,0,1,0
USR7337,42,5,30600,26,33457,100000,1.0933660130718954,0.33457,2,499,0.61,2,0,0.71,0,0,0
USR2197,45,2,53274,205,1000,500000,0.018770882606900175,0.002,14,46,0.43,0,1,0.06,1,0,0
USR8542,34,3,5129,115,5378,500000,1.048547475141353,0.010756,4,647,0.21,0,0,0.39,2,0,0
USR9771,62,0,57664,174,1000,300000,0.017341842397336292,0.0033333333333333335,12,38,0.52,3,1,0.7,0,1,0
USR5336,44,0,51647,325,68868,100000,1.3334365984471508,0.68868,22,278,0.77,0,0,0.84,0,0,0
USR8082,57,1,47095,224,81975,200000,1.7406306401953497,0.409875,14,311,0.94,1,1,0.22,1,0,0
USR4982,40,1,23866,219,1000,500000,0.04190061174893153,0.002,4,440,0.27,0,0,0.3,0,1,0
USR2217,70,3,35804,61,76537,100000,2.137666182549436,0.76537,4,613,0.05,3,0,0.84,0,0,0
USR3177,18,2,44825,251,14626,300000,0.3262911321807027,0.048753333333333336,0,368,0.33,0,0,0.95,0,1,0
USR8355,52,2,49771,265,103780,100000,2.085149986940186,1.0378,13,306,0.72,1,0,0.26,0,0,0
USR1621,34,0,45118,266,74790,200000,1.6576532647723747,0.37395,18,83,0.63,0,0,0.3,0,0,0
USR1091,61,2,21012,285,32795,300000,1.5607747953550353,0.10931666666666667,8,599,0.49,0,0,0.13,0,0,0
USR2440,21,2,58813,202,97920,200000,1.6649380239062792,0.4896,20,386,0.79,0,0,0.29,1,0,0
USR3429,52,2,17674,213,24603,500000,1.392044811587643,0.049206,14,418,0.9,0,0,0.29,2,0,0
USR1466,40,1,20032,318,15912,500000,0.7943290734824281,0.031824,30,123,0.31,0,0,0.5,2,0,0
USR9243,38,1,14996,335,1000,300000,0.06668444918644972,0.0033333333333333335,12,547,0.1,0,0,0.8,0,0,0
USR9447,21,3,38887,2,72266,300000,1.8583588345719648,0.24088666666666667,14,464,0.53,3,1,0.67,0,0,0
USR4282,57,1,33830,146,8194,500000,0.2422110552763819,0.016388,9,679,0.08,1,0,0.03,2,0,0
USR8446,52,3,11647,144,28918,200000,2.4828711256117457,0.14459,2,583,0.39,3,1,0.13,0,0,0
USR2858,29,2,47771,80,22265,500000,0.4660777459127923,0.04453,1,348,0.91,0,0,0.65,0,0,0
USR9988,21,0,16251,271,26172,300000,1.6104855085840872,0.08724,7,634,0.72,0,0,0.64,0,0,0
USR7417,18,3,39814,297,56261,300000,1.4130958959160094,0.18753666666666666,4,503,0.58,2,0,0.74,2,1,0
USR3038,28,1,12564,55,8798,200000,0.7002546959567016,0.04399,3,181,0.16,3,1,0.17,0,1,0
USR1989,67,3,18865,1,31458,500000,1.6675324675324674,0.062916,12,563,0.99,2,0,0.35,1,0,0
USR9321,52,1,13657,25,18519,300000,1.3560079080325107,0.06173,2,142,0.58,3,0,0.07,2,0,0
USR7959,39,0,54076,81,1000,300000,0.01849249204822842,0.0033333333333333335,2,278,0.23,0,0,0.74,2,0,0
USR7543,29,0,5777,170,3805,100000,0.6586463562402631,0.03805,5,20,0.72,3,0,0.88,1,1,0
USR4558,37,3,47026,102,25149,100000,0.5347892655126951,0.25149,14,572,0.1,1,0,0.07,0,1,0
USR7787,68,0,15680,288,14286,500000,0.9110969387755102,0.028572,2,157,0.75,0,0,0.29,2,1,0
USR4624,38,3,23991,51,38007,200000,1.5842190821558084,0.190035,4,685,0.25,1,0,0.37,2,0,0
USR1487,46,3,33274,71,69364,100000,2.0846306425437278,0.69364,10,104,0.12,0,1,0.25,0,0,0
USR5729,60,1,13411,68,13116,200000,0.9780031317575125,0.06558,3,383,0.26,0,0,0.75,0,0,0
USR3314,65,1,44978,254,58589,500000,1.3026146115878874,0.117178,1,238,0.46,3,1,0.33,2,0,0
USR5717,57,1,48209,83,23133,200000,0.4798481611317389,0.115665,4,157,0.92,1,1,0.78,2,0,0
USR9036,55,0,43379,115,36632,500000,0.8444639111090619,0.073264,6,516,0.56,0,0,0.08,0,0,0
USR4686,31,7,49746,45,83656,300000,1.6816628472641015,0.27885333333333334,10,19,0.68,2,0,0.96,1,0,0
USR1014,63,4,23330,54,35726,300000,1.5313330475782254,0.11908666666666666,20,469,0.49,0,0,0.19,2,0,0
USR8524,19,2,44878,75,33005,100000,0.7354382993894558,0.33005,2,207,0.03,1,0,0.14,0,0,0
USR7312,48,1,48908,92,67297,500000,1.375991657806494,0.134594,14,32,0.67,0,0,0.67,2,0,0
USR8507,38,3,46540,114,84948,200000,1.825268586162441,0.42474,10,181,0.55,2,0,0.63,0,0,0
USR2778,44,2,31694,272,65531,200000,2.067615321511958,0.327655,16,365,0.82,0,0,0.34,1,0,0
USR9775,48,1,34508,110,8276,100000,0.23982844557783703,0.08276,9,526,0.15,0,1,0.12,2,0,0
USR5815,37,1,42780,286,78860,200000,1.8433847592332866,0.3943,7,537,0.04,1,0,0.98,1,0,0
USR1943,29,2,47032,275,56579,100000,1.2029894539887735,0.56579,3,686,0.49,1,0,0.19,0,0,0
USR3821,64,2,13066,287,9799,200000,0.7499617327414664,0.048995,6,435,0.47,1,0,0.74,0,1,0
USR9391,31,1,11359,2,22582,500000,1.9880271150629456,0.045164,4,16,0.61,0,1,0.1,2,0,0
USR7191,42,3,13109,185,12468,200000,0.9511022961324281,0.06234,10,643,0.51,0,0,0.15,0,1,0
USR5075,62,1,40539,166,19613,500000,0.48380571795061544,0.039226,2,686,0.79,3,0,0.6,2,1,0
USR9969,30,0,45363,348,33609,500000,0.7408901527676741,0.067218,2,640,0.42,2,0,0.3,2,0,0
USR7191,41,3,10691,205,1000,500000,0.09353661958656814,0.002,7,110,0.89,0,0,0.97,2,1,0
USR6592,41,3,29734,289,30344,100000,1.020515235084415,0.30344,0,65,0.23,0,1,0.41,2,0,0
USR2982,18,3,10902,174,6645,300000,0.6095211887727022,0.02215,3,583,0.65,0,1,0.85,0,0,0
USR9410,59,3,40159,198,24238,200000,0.6035508852312059,0.12119,15,300,0.18,0,0,0.58,2,0,0
USR7151,64,4,26803,187,68641,500000,2.5609446703727197,0.137282,16,596,0.91,0,0,0.62,2,0,0
USR5386,63,1,35023,213,40043,300000,1.1433343802643976,0.13347666666666666,16,652,0.49,1,0,0.11,0,0,0
USR8748,30,0,52305,253,57077,500000,1.091234107637893,0.114154,3,604,0.14,0,1,0.1,2,0,0
USR5935,45,3,52738,188,52248,200000,0.9907087868330237,0.26124,1,154,0.87,0,0,0.89,2,0,0
USR1369,67,0,23212,112,28392,300000,1.2231604342581424,0.09464,3,350,0.15,1,0,0.91,1,0,0
USR4209,31,3,30287,238,32668,100000,1.0786145871165846,0.32668,13,228,0.97,1,0,1.0,1,1,0
USR2545,70,0,50885,334,70563,200000,1.386715141986833,0.352815,2,123,0.38,0,0,0.53,0,0,0
USR9280,26,5,29619,294,14671,200000,0.4953239474661535,0.073355,10,144,0.52,1,0,0.63,0,0,0
USR9303,40,4,35527,2,16886,300000,0.4753004756945422,0.056286666666666665,5,231,0.62,2,0,0.06,2,0,0
USR2871,34,5,48755,175,57074,100000,1.1706286534714387,0.57074,9,239,0.22,1,0,0.88,2,0,0
USR4139,53,0,7787,105,5198,300000,0.6675227944009247,0.017326666666666667,8,185,0.12,1,0,0.12,0,0,0
USR7495,47,3,52796,27,39458,300000,0.7473672247897568,0.13152666666666665,5,55,0.73,0,0,0.62,2,0,0
USR4836,44,1,29085,331,53449,100000,1.8376826542891525,0.53449,12,67,0.16,1,0,0.63,0,0,0
USR5480,59,0,36856,64,18950,100000,0.5141632298675928,0.1895,10,632,0.51,0,1,0.09,0,0,0
USR4393,64,4,41942,365,68113,500000,1.6239807353011302,0.136226,0,215,0.54,0,1,0.83,0,1,0
USR6276,50,0,33704,11,45657,500000,1.354646332779492,0.091314,4,233,0.69,0,0,0.87,1,0,0
USR6924,63,1,34425,348,46564,200000,1.3526216412490921,0.23282,10,240,0.19,0,0,0.24,2,0,0
USR6376,38,5,48586,279,26413,100000,0.5436339686329396,0.26413,10,207,0.96,0,0,0.64,0,1,0
USR3132,36,4,32977,148,40679,500000,1.2335567213512448,0.081358,18,387,0.63,0,0,0.24,2,0,0
USR7472,68,1,19201,154,12441,100000,0.6479350033852403,0.12441,0,316,0.3,3,0,0.36,1,1,0
USR2585,39,1,20198,287,30775,300000,1.5236657094761858,0.10258333333333333,0,678,0.37,0,0,0.73,0,1,0
USR3944,56,3,57765,172,48866,500000,0.8459447762485934,0.097732,15,259,0.64,2,0,0.18,2,0,0
USR6121,25,4,24322,121,11737,200000,0.4825672230902064,0.058685,2,573,0.37,1,1,0.71,0,0,0
USR9849,52,1,11932,223,18147,300000,1.5208682534361382,0.06049,0,454,0.29,1,0,0.19,0,0,0
USR7504,32,3,17458,104,18874,300000,1.0811089471875357,0.06291333333333333,13,349,0.27,0,0,0.53,0,0,0
USR8118,24,2,50564,14,85486,500000,1.6906494739340243,0.170972,9,278,0.65,1,0,0.84,2,0,0
USR2800,62,2,58595,51,46112,100000,0.7869613448246437,0.46112,11,647,0.82,1,0,0.36,2,0,0
USR4455,24,0,24323,136,12331,100000,0.5069687127410271,0.12331,18,210,0.19,0,0,0.36,0,0,0
USR3539,61,1,22580,301,27497,100000,1.2177590788308237,0.27497,1,152,0.21,0,0,0.98,0,1,0
USR6296,25,0,54004,353,32900,300000,0.6092141322864973,0.10966666666666666,1,539,0.2,1,0,0.77,0,0,0
USR3686,60,5,28360,228,26150,300000,0.9220733427362482,0.08716666666666667,2,332,0.09,3,0,0.48,0,0,0
USR9276,47,2,51729,109,40517,300000,0.7832550406928416,0.13505666666666666,6,37,0.07,1,0,0.55,0,0,0
USR8784,34,0,39022,131,43192,500000,1.106862795346215,0.086384,4,383,0.39,1,0,0.92,0,0,0
USR5759,44,3,36300,159,19436,200000,0.5354269972451791,0.09718,4,224,0.11,0,0,0.73,1,0,0
USR7643,37,4,16075,310,10435,500000,0.649144634525661,0.02087,8,446,0.08,1,0,0.1,0,0,0
USR4104,21,2,31638,332,33886,500000,1.0710537960680195,0.067772,3,42,0.59,0,0,0.54,2,0,0
USR9010,38,0,55420,222,61036,500000,1.1013352580295923,0.122072,17,515,0.91,0,0,0.06,1,0,0
USR5869,49,4,38149,21,19671,500000,0.5156360586122835,0.039342,6,243,0.63,0,1,0.55,1,1,0
USR3567,58,2,10704,310,10297,100000,0.9619768310911808,0.10297,5,641,0.5,1,0,0.85,0,1,0
USR5148,54,5,32071,322,55033,200000,1.715973932836519,0.275165,2,592,0.08,1,0,0.32,0,1,0
USR5358,61,2,44632,200,44727,300000,1.0021285176554937,0.14909,4,252,0.56,2,1,0.82,0,0,0
USR6472,46,4,25236,181,31200,100000,1.2363290537327627,0.312,14,496,0.08,1,1,0.49,0,0,0
USR6988,70,1,13709,272,10233,300000,0.7464439419359545,0.03411,14,243,0.43,1,0,0.98,1,0,0
USR3228,28,3,16447,255,10629,100000,0.6462576761719463,0.10629,8,364,0.27,3,1,0.05,2,1,0
USR7858,38,2,5169,335,11171,200000,2.1611530276649256,0.055855,1,372,0.27,0,0,0.38,1,1,0
USR3055,31,3,41733,306,68147,500000,1.6329283780221886,0.136294,13,647,0.67,3,0,0.34,0,1,0
USR9715,68,1,36578,33,1000,300000,0.02733883755262726,0.0033333333333333335,6,239,0.99,0,0,0.43,1,1,0
USR5758,59,3,39737,232,20202,100000,0.5083926818833833,0.20202,15,70,0.67,1,1,0.72,0,0,0
USR7143,60,2,27300,285,32313,100000,1.1836263736263737,0.32313,6,606,0.43,1,0,0.64,1,0,0
USR4966,63,1,59334,160,23950,100000,0.4036471500320221,0.2395,15,91,0.54,1,0,0.69,2,0,0
USR6150,42,3,9441,61,17540,100000,1.8578540408854993,0.1754,3,518,0.8,0,1,0.72,1,1,1
USR6981,40,0,50134,127,20482,200000,0.40854509913432,0.10241,0,671,0.53,0,0,0.11,0,0,0
USR7890,44,1,58049,266,81639,300000,1.4063808162069975,0.27213,8,601,0.38,0,0,0.84,0,0,0
USR2141,18,2,10413,232,18205,200000,1.7482953999807933,0.091025,7,360,0.62,1,0,0.63,0,0,0
USR7971,70,4,37383,2,26124,300000,0.6988203193965171,0.08708,8,614,0.23,1,0,0.1,1,0,0
USR3374,46,1,46400,215,51007,500000,1.0992887931034483,0.102014,13,94,0.68,2,1,0.34,0,0,0
USR8868,62,3,18562,174,7154,500000,0.3854110548432281,0.014308,3,582,0.96,1,0,0.18,0,0,0
USR7357,46,3,20436,204,15104,100000,0.7390878841260521,0.15104,12,364,0.39,3,0,0.36,0,0,0
USR4132,24,1,49840,308,56320,200000,1.130016051364366,0.2816,16,317,0.3,3,0,0.2,2,0,0
USR2870,66,2,40674,210,49320,100000,1.2125682254019767,0.4932,13,276,0.02,3,0,0.72,0,1,0
USR9760,62,0,29198,142,36575,100000,1.2526542913898213,0.36575,16,219,0.23,0,1,0.48,2,0,0
USR5546,26,2,6663,59,2296,500000,0.34458952423833106,0.004592,9,29,0.85,0,0,0.81,0,0,0
USR7214,64,2,16134,102,27030,100000,1.6753439940498327,0.2703,7,343,0.23,1,0,0.81,0,1,0
USR8356,25,3,46249,106,60106,200000,1.2996172890224653,0.30053,0,20,0.43,1,1,0.45,0,0,0
USR3423,39,2,43362,183,76250,200000,1.7584521009178544,0.38125,12,463,0.37,3,0,0.4,1,0,0
USR2592,50,5,24337,100,1001,200000,0.04113078851132021,0.005005,0,208,0.61,0,0,0.69,1,1,0
USR3163,38,4,31802,305,16407,200000,0.5159109489969185,0.082035,5,186,0.96,1,0,0.88,1,0,0
USR6965,39,3,22219,244,11481,200000,0.5167199243890364,0.057405,17,582,0.77,2,0,0.14,1,1,0
USR7967,20,2,29295,79,26436,100000,0.9024065540194572,0.26436,8,470,0.52,2,0,0.39,0,0,0
USR3036,32,4,15961,297,19148,300000,1.1996742058768248,0.06382666666666667,7,581,0.75,1,0,0.23,0,0,0
USR1283,26,4,48039,352,117046,200000,2.436478694394138,0.58523,5,161,0.07,3,1,0.71,1,1,1
USR1722,41,2,26383,96,46959,100000,1.7798961452450441,0.46959,0,343,0.66,0,1,0.58,1,1,0
USR5118,57,2,55779,330,1000,200000,0.017927894010290612,0.005,21,295,1.0,0,0,0.39,1,0,0
USR5535,61,2,36899,38,21733,100000,0.5889861513862165,0.21733,20,127,0.86,1,0,0.69,2,0,0
USR9911,33,0,32973,353,35456,500000,1.0753040366360356,0.070912,4,427,0.99,0,0,0.53,1,0,0
USR9820,61,2,9166,171,19936,300000,2.1749945450578223,0.06645333333333334,0,214,0.69,0,1,0.87,2,0,0
USR1817,47,0,16440,260,30584,500000,1.8603406326034064,0.061168,1,637,0.23,0,0,0.66,1,0,0
USR5302,34,1,24053,255,25360,500000,1.0543383361742817,0.05072,12,509,0.8,2,0,0.33,1,0,0
USR2532,21,5,14950,12,25875,300000,1.7307692307692308,0.08625,14,180,0.12,2,0,0.87,0,0,0
USR3423,46,0,56730,105,1000,300000,0.017627357659086903,0.0033333333333333335,5,237,0.3,3,1,0.46,1,0,0
USR8242,34,1,26614,18,3873,300000,0.1455249117006087,0.01291,0,517,0.04,0,0,0.27,2,0,0
USR1241,44,0,47354,171,40616,500000,0.8577100139375765,0.081232,8,527,0.68,3,0,0.58,0,0,0
USR2137,66,2,59327,89,71289,200000,1.2016282636910682,0.356445,0,430,0.73,1,0,0.9,2,0,0
USR2745,37,0,51052,216,69067,500000,1.3528754994907153,0.138134,0,94,0.09,0,1,0.51,2,0,0
USR9418,44,0,18140,283,8647,100000,0.4766813671444322,0.08647,15,364,0.48,0,0,0.81,0,0,0
USR3793,21,2,23506,161,45202,200000,1.9229983833914746,0.22601,0,302,0.61,0,0,0.29,2,0,0
USR3356,42,3,43017,240,43692,300000,1.0156914708138642,0.14564,6,23,0.15,2,0,0.13,0,0,0
USR7486,49,2,53448,268,80147,300000,1.4995322556503516,0.26715666666666665,4,47,0.16,1,0,0.03,0,0,0
USR4759,65,3,20552,73,1000,300000,0.04865706500583885,0.0033333333333333335,2,431,0.56,0,0,0.24,2,0,0
USR9534,69,0,38061,286,16053,300000,0.42177031607156934,0.05351,7,233,0.91,3,0,0.2,0,1,0
USR7731,51,3,49200,155,39016,200000,0.7930081300813008,0.19508,11,68,0.75,1,1,0.99,1,0,0
USR6680,34,5,31022,348,1000,300000,0.03223518793114564,0.0033333333333333335,4,188,0.85,0,1,0.6,2,0,0
USR8742,66,2,18079,195,34192,200000,1.8912550472924388,0.17096,10,187,0.02,0,1,0.94,2,0,0
USR4318,18,4,35300,225,38122,500000,1.079943342776204,0.076244,21,262,0.48,0,0,0.65,1,0,0
USR2641,69,4,20437,352,15702,200000,0.7683123746146695,0.07851,11,331,0.59,1,0,0.55,2,0,0
USR7812,32,3,29030,337,16120,500000,0.5552876334826042,0.03224,12,189,0.61,0,0,0.69,0,0,0
USR6058,37,3,22916,101,34568,500000,1.5084657008203874,0.069136,12,151,1.0,0,0,0.9,2,0,0
USR2627,65,3,13077,358,1000,200000,0.07647013841095053,0.005,2,638,0.94,0,0,0.85,1,0,0
USR2121,29,3,53503,214,89749,300000,1.6774573388408127,0.29916333333333334,5,631,0.45,3,0,0.36,2,1,0
USR5044,35,3,38149,151,15858,200000,0.41568586332538204,0.07929,0,332,0.13,2,0,0.95,0,0,0
USR3699,65,3,28102,33,36978,500000,1.3158494057362464,0.073956,3,560,0.98,0,0,0.49,2,0,0
USR9745,58,1,55478,161,43093,100000,0.7767583546631097,0.43093,8,661,0.19,1,0,0.21,2,0,0
USR1232,51,3,29240,263,15052,100000,0.5147742818057456,0.15052,11,676,0.22,3,0,0.95,0,0,0
USR7881,33,4,5087,323,5411,300000,1.0636917633182623,0.018036666666666666,12,92,0.25,0,0,0.21,1,1,0
USR8791,48,1,58450,284,45896,300000,0.7852181351582549,0.15298666666666666,8,695,0.87,0,0,0.27,0,0,0
USR9725,44,0,38188,62,47999,100000,1.2569131664397193,0.47999,7,275,0.64,1,0,0.36,0,1,0
USR3084,46,2,37874,257,33222,200000,0.8771716744996567,0.16611,2,59,0.25,0,1,0.23,0,0,0
USR8347,39,1,43653,185,78727,200000,1.803472842645408,0.393635,5,364,0.77,0,0,0.94,0,1,1
USR3433,35,1,35569,101,16975,300000,0.4772414180887852,0.05658333333333333,5,453,0.59,2,0,0.76,0,0,0
USR8296,64,1,13195,232,10883,100000,0.8247821144372869,0.10883,9,220,0.24,0,1,0.26,1,1,0
USR1685,61,1,48442,323,28109,200000,0.5802609305974155,0.140545,0,118,0.3,0,0,0.77,2,0,0
USR4330,28,5,9318,246,13269,100000,1.4240180296200902,0.13269,4,356,0.76,1,0,0.88,1,0,0
USR7041,49,6,32445,247,34306,500000,1.05735860687317,0.068612,2,627,0.39,3,1,0.89,0,0,0
USR3476,27,1,8749,114,9895,100000,1.1309863984455366,0.09895,3,266,0.01,1,0,0.31,0,0,0
USR1660,48,1,49917,310,44638,500000,0.8942444457799948,0.089276,7,82,0.18,3,1,0.95,0,0,0
USR1947,64,4,25334,305,24423,500000,0.9640404199889476,0.048846,6,140,0.07,1,0,0.03,1,0,0
USR5084,46,2,47427,56,101550,100000,2.1411854007211084,1.0155,11,442,0.43,0,0,0.12,2,1,0
USR8435,62,0,28506,205,23767,500000,0.8337542973409107,0.047534,5,345,0.73,0,0,0.83,0,1,0
USR3466,31,0,32247,52,9687,300000,0.300400037212764,0.03229,6,568,0.14,3,1,0.58,0,0,0
USR5401,49,1,50562,272,37294,300000,0.7375894940864681,0.12431333333333333,1,264,0.28,1,0,0.51,0,0,0
USR4715,32,5,53348,164,32704,300000,0.6130314163605008,0.10901333333333334,12,663,0.62,0,0,0.46,0,0,0
USR6401,20,4,14524,172,6659,100000,0.4584825117047645,0.06659,1,669,0.41,0,0,0.14,2,0,0
USR6052,63,4,58520,8,96908,500000,1.6559808612440192,0.193816,12,495,0.84,0,1,0.29,2,0,0
USR5619,39,4,49735,43,17092,200000,0.3436614054488791,0.08546,3,407,0.1,2,0,0.52,2,0,0
USR4606,29,3,12832,156,17169,300000,1.3379831670822944,0.05723,2,583,0.14,0,1,0.58,0,0,0
USR8917,26,6,26141,312,29005,100000,1.1095596954974944,0.29005,2,162,0.18,3,0,0.04,2,0,0
USR2193,39,0,53411,164,16238,100000,0.3040197712081781,0.16238,10,273,0.7,3,0,0.31,0,0,0
USR7418,70,3,7040,226,4975,200000,0.7066761363636364,0.024875,3,629,0.21,1,0,0.24,1,0,0
USR5258,36,1,10063,234,3539,200000,0.35168438835337373,0.017695,1,540,0.85,0,0,0.7,2,0,0
USR4027,49,0,46504,126,33752,100000,0.7257870290727679,0.33752,7,562,0.4,0,1,0.65,0,0,0
USR8574,43,1,33704,95,6116,200000,0.1814621409921671,0.03058,23,405,0.22,1,0,0.65,1,0,0
USR2429,33,2,42242,167,73130,500000,1.731215378059751,0.14626,0,475,0.76,3,0,0.65,1,0,0
USR7565,45,2,44501,128,38308,300000,0.8608345879867868,0.12769333333333333,4,519,0.84,0,0,0.26,0,0,0
USR9366,57,2,18394,136,27980,300000,1.521148200500163,0.09326666666666666,20,46,0.03,0,1,0.2,1,0,0
USR2523,55,1,32839,139,33820,200000,1.0298730168397332,0.1691,2,19,0.21,1,1,0.29,1,0,0
USR4629,70,2,56761,298,106868,100000,1.8827716213597365,1.06868,5,687,0.92,0,0,0.39,1,0,0
USR1565,38,5,24109,107,13583,200000,0.5633995603301671,0.067915,3,505,0.57,1,0,0.58,2,0,0
USR3250,55,4,39514,157,49441,100000,1.2512274130687857,0.49441,5,313,0.35,0,0,0.66,0,1,0
USR8411,66,0,11107,136,9918,500000,0.8929503916449086,0.019836,1,521,0.81,1,0,0.89,2,0,0
USR6952,29,2,52547,96,49945,100000,0.9504824252573886,0.49945,6,326,0.02,0,1,0.45,1,0,0
USR8015,25,4,25995,54,7636,200000,0.29374879784573954,0.03818,18,205,0.67,2,1,0.59,1,0,0
USR5772,47,2,52229,93,23159,200000,0.44341266346282715,0.115795,9,656,0.84,0,1,0.15,2,0,0
USR6961,58,4,19026,214,30951,100000,1.6267738883632923,0.30951,1,208,0.21,2,0,0.55,2,0,0
USR9358,35,1,37916,230,10159,100000,0.2679343812638464,0.10159,3,123,0.38,0,1,0.63,0,1,0
USR9350,53,2,50778,67,32428,500000,0.6386230257197999,0.064856,1,554,0.45,3,0,0.75,1,1,0
USR2771,54,1,33512,173,1000,300000,0.02984005729291,0.0033333333333333335,10,441,0.13,0,1,0.48,0,1,0
USR5217,25,4,53012,23,24235,500000,0.4571606428733117,0.04847,14,659,0.3,0,1,0.78,0,0,0
USR9812,69,2,58930,334,38369,500000,0.6510945189207534,0.076738,1,241,0.49,0,0,0.42,1,0,0
USR7901,54,0,17453,295,7406,200000,0.4243396550736263,0.03703,3,304,0.35,2,0,0.06,1,0,0
USR6464,27,1,30898,63,28431,500000,0.920156644443006,0.056862,2,337,0.52,3,0,0.13,1,0,0
USR1191,38,2,33942,60,7928,300000,0.23357492192563786,0.026426666666666668,13,622,0.03,2,1,0.41,0,1,0
USR2708,37,3,19671,165,14216,100000,0.7226882212393879,0.14216,0,356,0.15,1,0,0.89,0,1,0
USR9044,44,2,19760,240,46661,100000,2.3613866396761134,0.46661,7,541,0.66,1,0,0.29,2,0,0
USR4111,69,1,12966,33,14776,500000,1.139595866111368,0.029552,3,263,0.32,1,0,0.84,1,1,0
USR2424,55,5,56954,195,56730,200000,0.9960670014397583,0.28365,0,685,0.47,0,0,0.31,0,0,0
USR2168,49,2,11774,61,8477,200000,0.7199762187871581,0.042385,3,625,0.52,1,0,0.83,0,0,0
USR9146,42,0,30654,158,25493,100000,0.8316369804919423,0.25493,1,623,0.88,1,1,0.35,2,0,0
USR5197,40,2,34091,193,52639,300000,1.5440732158047579,0.17546333333333333,5,699,0.42,1,0,0.06,2,1,0
USR6524,65,2,55530,265,97051,500000,1.747721952097965,0.194102,18,467,0.23,3,0,0.54,1,0,0
USR7152,57,1,25221,13,5602,500000,0.22211649022639865,0.011204,0,680,0.27,1,1,0.4,0,1,0
USR5809,34,1,10969,52,9092,500000,0.8288813930166834,0.018184,13,611,0.12,2,0,0.08,0,1,0
USR7984,41,1,40324,290,1000,100000,0.02479912707072711,0.01,15,514,0.84,2,1,0.98,0,0,0
USR7583,33,5,45218,92,95629,300000,2.11484364633553,0.31876333333333334,17,303,0.32,1,0,0.35,0,0,0
USR2986,40,2,29762,228,6306,200000,0.21188092198104966,0.03153,6,8,0.81,3,0,0.89,0,1,0
USR1809,47,3,36545,226,15348,300000,0.4199753728280202,0.05116,10,35,0.51,1,0,0.43,0,1,0
USR3128,46,4,25299,255,28554,100000,1.128661211905609,0.28554,5,356,0.15,3,0,0.08,0,0,0
USR2277,30,4,11486,132,13794,300000,1.2009402751175344,0.04598,3,604,0.36,0,1,0.46,0,1,0
USR9049,69,0,10243,100,2736,300000,0.2671092453382798,0.00912,3,243,0.36,0,0,0.19,2,0,0
USR7797,65,1,20935,287,10126,100000,0.48368760449008835,0.10126,12,271,0.23,0,1,0.95,0,0,0
USR8317,45,0,5552,127,3581,100000,0.644992795389049,0.03581,21,100,0.69,1,0,0.07,2,0,0
USR2933,59,3,40765,158,25358,100000,0.6220532319391635,0.25358,4,385,0.18,0,0,0.07,1,0,0
USR9621,61,1,28618,230,61058,500000,2.1335523097351317,0.122116,6,152,0.16,0,1,0.65,0,0,0
USR9055,70,0,29335,255,27978,100000,0.9537412647008693,0.27978,16,663,0.89,1,0,0.81,0,0,0
USR6629,24,5,33639,48,48487,100000,1.4413924314040252,0.48487,13,513,0.13,1,0,0.05,0,0,0
USR4073,26,1,41476,168,67564,300000,1.6289902594271386,0.22521333333333332,2,20,0.86,0,0,0.12,2,0,0
USR4576,25,3,27612,264,20980,100000,0.7598145733738955,0.2098,19,410,0.89,3,1,0.81,2,0,0
USR8230,41,2,38799,37,1000,300000,0.02577386015103482,0.0033333333333333335,2,98,0.18,2,0,0.14,0,0,0
USR4949,41,2,9403,288,6123,200000,0.6511751568648304,0.030615,19,483,0.85,2,0,0.7,2,0,0
USR3172,19,2,36058,363,32737,200000,0.9078983859337734,0.163685,0,682,0.98,1,0,0.33,0,0,0
USR8393,35,6,9600,269,14549,300000,1.5155208333333334,0.04849666666666667,0,59,0.78,0,0,0.4,0,0,0
USR3513,34,2,49644,200,73646,300000,1.4834823946499074,0.24548666666666666,6,106,0.83,0,0,0.84,2,0,0
USR3984,32,2,11192,244,15438,300000,1.3793781272337384,0.05146,21,570,0.21,2,0,0.34,0,0,0
USR5103,61,4,32431,130,36898,200000,1.1377385834541025,0.18449,0,420,0.5,2,0,0.53,2,0,0
USR7098,20,1,7159,108,10225,200000,1.4282721050426037,0.051125,4,532,0.3,1,0,0.9,0,0,0
USR5733,46,1,6354,51,11030,300000,1.735914384639597,0.03676666666666667,9,609,0.44,0,0,0.55,0,1,0
USR3412,49,2,14327,276,20640,500000,1.4406365603406157,0.04128,17,599,0.97,0,0,0.2,1,0,0
USR2733,20,3,32860,62,28195,500000,0.8580340839926963,0.05639,11,305,0.18,1,0,0.49,0,0,0
USR1807,50,2,22613,45,19537,500000,0.8639720514748154,0.039074,11,609,0.72,0,0,0.44,0,0,0
USR8920,35,2,50836,158,71254,300000,1.4016445038948777,0.23751333333333333,1,585,0.46,0,0,0.27,1,0,0
USR4118,32,4,29752,45,27904,500000,0.9378865286367303,0.055808,4,418,0.97,0,0,0.37,0,1,0
USR1292,26,1,23312,152,17453,300000,0.7486702127659575,0.05817666666666667,6,100,1.0,0,0,0.36,2,0,0
USR6664,40,0,10244,26,12478,100000,1.2180788754392815,0.12478,14,236,0.92,3,0,0.04,1,1,0
USR9936,27,2,39245,13,85160,500000,2.1699579564275706,0.17032,7,321,0.08,2,1,0.81,0,0,0
USR7723,53,1,10972,28,11751,100000,1.0709989063069631,0.11751,0,684,0.01,1,0,0.41,2,1,0
USR5503,23,0,37040,112,22839,300000,0.6166036717062635,0.07613,2,477,0.87,1,1,0.75,1,1,0
USR9746,24,1,30992,349,52414,200000,1.6912106350025813,0.26207,3,572,0.95,1,0,0.64,2,1,0
USR1879,68,3,45832,47,31657,300000,0.69071827544074,0.10552333333333333,6,143,0.47,0,0,0.89,0,0,0
USR9028,45,5,53241,56,85094,500000,1.598279521421461,0.170188,3,683,0.22,1,0,0.15,0,0,0
USR7168,52,2,19965,250,19725,100000,0.9879789631855748,0.19725,5,28,0.35,2,0,0.4,2,0,0
USR6796,67,2,59515,302,19563,500000,0.3287070486431992,0.039126,4,104,0.64,1,0,0.77,2,1,0
USR4100,42,2,50951,226,39074,200000,0.7668936821652176,0.19537,12,310,0.33,3,0,0.6,0,0,0
USR9688,39,1,30221,173,36032,300000,1.1922835114655372,0.12010666666666667,10,127,0.68,0,1,0.75,1,0,0
USR1988,34,1,35720,271,37246,300000,1.0427211646136618,0.12415333333333334,7,685,0.98,3,0,0.57,1,0,0
USR2972,59,2,38400,176,65605,200000,1.7084635416666667,0.328025,4,445,0.76,3,1,0.6,2,0,0
USR9513,70,1,13401,103,9666,500000,0.7212894560107455,0.019332,17,699,0.18,1,0,0.94,0,0,0
USR9633,63,3,29967,44,23837,300000,0.7954416524843995,0.07945666666666666,3,511,0.13,0,0,0.18,0,1,0
USR9369,18,1,13294,189,24570,200000,1.848202196479615,0.12285,2,236,0.35,0,0,0.98,2,1,1
USR9152,58,1,39929,351,47010,100000,1.1773397781061383,0.4701,14,242,0.93,0,0,0.88,0,0,0
USR6604,65,2,39234,310,30913,500000,0.787913544374777,0.061826,4,227,0.27,0,0,0.77,1,0,0
USR9918,39,5,26601,258,19238,500000,0.7232058945152438,0.038476,10,5,0.35,1,0,0.02,1,0,0
USR9403,47,1,58711,220,93952,100000,1.6002452691999796,0.93952,5,56,0.35,0,0,0.37,0,0,0
USR2935,24,3,12482,133,6342,100000,0.5080916519788495,0.06342,8,677,0.88,0,0,0.78,2,0,0
USR4535,27,1,14909,172,1000,100000,0.0670735797169495,0.01,6,24,0.86,3,0,0.31,0,1,0
USR8998,44,2,32326,1,44466,300000,1.3755490936088597,0.14822,16,167,0.79,3,1,0.33,1,0,0
USR9812,30,4,30582,221,24674,100000,0.8068144660257668,0.24674,0,244,0.9,0,1,0.72,0,0,0
USR1456,26,0,24923,238,1000,500000,0.04012358062833527,0.002,26,98,0.44,1,1,0.3,2,0,0
USR8010,29,2,9841,216,3004,200000,0.3052535311452088,0.01502,7,250,0.55,0,0,0.65,0,1,0
USR7074,70,3,5448,130,5700,100000,1.0462555066079295,0.057,0,456,0.78,0,1,0.12,1,1,0
USR1345,65,1,40584,5,54268,100000,1.337177212694658,0.54268,8,340,0.93,0,1,0.31,2,0,0
USR8133,50,0,38178,45,30244,300000,0.7921839803027921,0.10081333333333334,2,630,0.84,1,1,0.81,2,1,0
USR8410,54,2,48270,43,64618,300000,1.3386782680754092,0.21539333333333333,3,664,0.99,0,0,0.01,0,1,0
USR4216,47,4,20600,4,36084,300000,1.7516504854368933,0.12028,2,163,0.97,2,0,0.64,0,0,0
USR6470,66,4,9432,217,15907,300000,1.686492790500424,0.05302333333333333,6,268,0.1,0,0,0.35,0,0,0
USR2343,44,3,32369,29,34053,300000,1.0520250857301738,0.11351,1,359,0.56,0,1,0.11,1,0,0
USR9819,38,2,50702,260,75167,500000,1.482525344167883,0.150334,3,71,0.59,1,1,0.81,1,0,0
USR9096,65,1,53263,243,1749,300000,0.03283705386478419,0.00583,19,364,0.49,2,0,0.87,2,0,0
USR7385,44,1,52743,62,129521,200000,2.4557002825019434,0.647605,8,650,0.72,3,0,0.03,0,0,0
USR5631,45,2,5947,212,7010,200000,1.1787455860097529,0.03505,5,334,0.51,1,1,0.55,0,0,0
USR5323,33,2,7660,354,7278,100000,0.950130548302872,0.07278,14,222,0.51,0,1,0.84,2,0,0
USR4875,29,2,46274,287,48738,200000,1.0532480442581147,0.24369,8,286,0.38,3,0,0.13,0,0,0
USR1143,61,4,31488,58,1000,300000,0.031758130081300816,0.0033333333333333335,0,368,0.63,0,0,0.67,0,0,0
USR9292,36,2,38926,14,57236,100000,1.4703796948055285,0.57236,4,331,0.23,0,0,0.19,0,0,0
USR3206,32,3,34152,232,51421,100000,1.5056512063715155,0.51421,1,311,0.67,1,0,0.97,1,1,0
USR5153,31,1,24410,122,36095,500000,1.4786972552232691,0.07219,4,250,0.29,0,0,0.75,0,1,0
USR7597,45,1,6144,43,3448,500000,0.5611979166666666,0.006896,6,499,0.13,3,0,0.51,2,0,0
USR1327,31,4,37886,74,24108,300000,0.6363300427598585,0.08036,6,130,0.71,0,1,0.51,1,0,0
USR7394,25,6,27660,192,37679,200000,1.3622198120028923,0.188395,11,173,0.36,3,0,0.99,0,0,0
USR3107,41,4,17328,307,17384,200000,1.0032317636195753,0.08692,13,293,0.65,0,0,0.21,2,0,0
USR7105,43,2,49711,331,19696,300000,0.3962100943453159,0.06565333333333333,7,251,0.69,1,1,0.73,0,0,0
USR8713,24,0,46713,184,22668,300000,0.4852610622310706,0.07556,14,688,0.76,0,0,0.02,2,0,0
USR8885,41,1,18851,147,28496,300000,1.5116439446183227,0.09498666666666666,11,576,0.61,1,0,0.02,0,0,0
USR2734,47,2,7167,35,1643,100000,0.22924515138830753,0.01643,1,479,0.07,3,1,0.94,2,1,0
USR7499,65,1,57038,133,65058,500000,1.1406080157088256,0.130116,10,71,0.47,1,0,0.09,2,0,0
USR8305,34,1,59671,188,23573,100000,0.39504952154312817,0.23573,7,277,0.59,1,0,0.92,2,0,0
USR7847,48,1,25181,87,38371,300000,1.5238076327389698,0.12790333333333334,10,609,0.45,0,1,0.51,0,1,0
USR7841,54,0,51579,361,64933,200000,1.2589038174450842,0.324665,4,469,0.33,1,0,0.78,2,0,0
USR7213,65,2,21568,348,43770,200000,2.029395400593472,0.21885,6,183,0.91,3,0,0.92,0,0,1
USR9698,47,2,42869,179,21928,100000,0.5115118150644988,0.21928,0,499,0.25,0,0,0.54,1,0,0
USR6544,62,4,12313,42,16590,300000,1.3473564525298465,0.0553,9,246,0.37,2,1,0.76,0,0,0
USR8170,49,1,18760,357,44815,100000,2.388859275053305,0.44815,7,523,0.42,1,0,0.42,2,0,0
USR6635,60,0,36574,158,18878,200000,0.5161590200689014,0.09439,20,600,0.87,1,0,0.33,1,0,0
USR6958,30,0,25325,209,1757,300000,0.06937808489634749,0.005856666666666666,18,169,0.5,0,0,0.77,1,0,0
USR9363,57,1,17996,329,14098,200000,0.7833963102911758,0.07049,17,301,0.33,1,1,0.41,0,1,0
USR9336,53,3,25543,196,37691,300000,1.4755901812629684,0.12563666666666667,3,436,0.64,2,0,0.85,0,0,0
USR6471,52,1,8261,14,4247,300000,0.514102408909333,0.014156666666666666,4,420,0.99,2,1,0.37,1,1,0
USR9661,26,5,45832,310,120817,100000,2.6360839588060743,1.20817,3,162,0.2,2,0,0.55,0,0,0
USR7949,48,2,18513,138,6091,300000,0.3290120455895857,0.020303333333333333,12,655,0.5,0,0,0.75,0,0,0
USR9752,37,1,17202,250,20493,200000,1.1913149633763516,0.102465,19,683,0.26,2,0,0.67,2,1,0
USR6803,68,4,45078,97,95796,500000,2.1251164647943566,0.191592,6,100,0.19,1,0,0.69,1,0,0
USR6722,27,2,32281,105,34267,200000,1.0615222576747931,0.171335,1,180,0.31,0,1,0.27,0,0,0
USR7941,40,3,35858,342,62368,300000,1.7393050365329912,0.20789333333333335,9,571,0.38,0,0,0.47,1,0,0
USR9138,58,3,12081,320,21921,100000,1.814502110752421,0.21921,13,463,0.58,1,0,0.14,2,0,0
USR1711,32,2,24299,56,23304,200000,0.9590518128318037,0.11652,6,97,0.89,0,0,0.47,0,1,0
USR1346,44,1,22986,63,37985,100000,1.6525276255111807,0.37985,8,377,0.19,0,0,0.8,2,1,0
USR6100,44,3,34126,57,27338,100000,0.8010900779464338,0.27338,6,132,0.93,0,0,0.52,1,0,0
USR3892,31,0,10207,311,11340,200000,1.1110022533555404,0.0567,13,658,0.87,3,0,0.47,0,0,0
USR8701,18,2,10061,57,22777,300000,2.263890269356923,0.07592333333333333,6,656,0.61,0,0,0.37,0,0,0
USR6627,28,0,34465,220,66568,500000,1.9314667053532568,0.133136,7,490,0.49,0,1,0.3,2,0,0
USR9150,45,2,29218,185,36167,100000,1.2378328427681566,0.36167,2,327,0.23,1,1,0.53,2,1,0
USR4299,23,0,30046,224,10147,100000,0.3377155028955601,0.10147,8,427,0.77,0,0,0.74,2,0,0
USR1150,39,1,45533,91,41457,100000,0.9104825071925856,0.41457,12,275,0.86,2,0,0.11,0,0,0
USR5481,64,1,44945,222,45370,300000,1.0094560017799532,0.15123333333333333,1,335,0.61,1,0,0.19,2,0,0
USR9620,43,2,56302,145,90066,500000,1.5996945046357145,0.180132,12,290,0.5,0,0,0.9,0,0,0
USR7397,69,4,19410,239,28630,200000,1.475012879958784,0.14315,1,321,0.71,0,0,0.98,0,0,0
USR7889,23,5,50201,224,29740,100000,0.5924184777195673,0.2974,4,318,0.6,0,0,0.65,1,0,0
USR2258,22,3,29336,123,3224,300000,0.10989910008181074,0.010746666666666667,10,214,0.33,3,1,0.44,0,1,0
USR2512,56,2,25497,151,50685,500000,1.987880927167902,0.10137,4,84,0.38,0,1,0.87,0,0,0
USR7731,53,2,23755,21,11880,100000,0.5001052410018944,0.1188,14,433,0.95,2,0,0.71,0,1,0
USR6010,49,1,11382,90,23860,500000,2.0962923914953437,0.04772,21,130,0.17,0,0,0.28,1,0,0
USR8922,41,2,16855,57,20749,100000,1.2310293681400177,0.20749,15,170,0.21,1,0,0.55,1,0,0
USR6370,33,1,58149,253,91910,100000,1.5805946791862284,0.9191,1,288,0.78,2,0,0.89,0,0,0
USR6976,22,2,48335,259,58678,100000,1.213985724630185,0.58678,23,527,0.43,1,0,0.19,0,0,0
USR8005,52,3,53322,337,20544,100000,0.38528187239788453,0.20544,7,688,0.93,0,1,0.29,1,0,0
USR4314,46,3,21265,308,18388,300000,0.8647072654596756,0.06129333333333333,3,205,0.41,0,0,0.87,0,0,0
USR1335,66,3,45251,165,46026,300000,1.017126693332744,0.15342,3,201,0.42,2,0,0.53,0,0,0
USR8322,69,9,14989,46,20478,200000,1.3662018813796784,0.10239,5,258,0.16,1,0,0.19,0,1,0
USR8174,40,3,54506,357,8408,100000,0.1542582467985176,0.08408,6,637,0.76,1,0,0.64,1,0,0
USR6983,69,2,16144,242,6024,300000,0.37314172447968286,0.02008,7,125,0.5,0,1,0.65,0,0,0
USR3490,42,3,33429,176,6358,300000,0.19019414281013491,0.021193333333333335,10,477,0.08,1,0,0.0,0,1,0
USR4073,51,3,52301,67,19394,200000,0.37081508957763715,0.09697,8,631,0.36,2,0,0.18,0,1,0
USR3480,47,2,10546,145,21170,500000,2.007396169163664,0.04234,12,522,0.74,3,0,0.7,1,0,0
USR5728,48,5,51002,137,37068,200000,0.7267950276459747,0.18534,10,682,0.69,0,0,0.07,2,0,0
USR2456,20,3,22251,348,14547,300000,0.6537683699609006,0.04849,4,509,0.65,0,0,0.08,1,0,0
USR2412,49,3,57380,197,10373,200000,0.18077727431160684,0.051865,7,168,0.54,1,0,0.28,1,1,0
USR8957,29,2,48341,35,62734,200000,1.2977389793343126,0.31367,17,230,0.78,0,0,0.75,0,0,0
USR6848,31,0,46182,34,47197,200000,1.0219782599281104,0.235985,2,410,0.34,2,0,0.28,1,0,0
USR4139,47,2,20702,122,23677,200000,1.1437059221331272,0.118385,21,10,0.83,3,0,0.03,2,0,0
USR9756,21,1,24307,5,6048,200000,0.24881721314847574,0.03024,3,475,0.03,0,0,0.15,0,0,0
USR2469,44,2,27214,43,2994,100000,0.1100169030645991,0.02994,8,361,0.62,2,0,0.01,2,0,0
USR9048,42,3,38093,4,4319,500000,0.11338041109915208,0.008638,7,286,0.63,0,0,0.51,0,0,0
USR6702,44,3,51464,102,46836,500000,0.9100730607803513,0.093672,14,280,0.0,0,0,0.4,2,1,0
USR7567,45,1,34999,331,51383,300000,1.4681276607903082,0.17127666666666666,1,55,0.64,3,1,0.4,1,1,0
USR2287,31,2,18898,220,15168,500000,0.8026246163615197,0.030336,11,662,0.01,1,0,0.84,2,1,0
USR1843,29,3,46319,231,86567,500000,1.8689306763962952,0.173134,5,383,0.52,2,0,0.32,0,0,0
USR6063,41,1,20628,162,14069,100000,0.6820341283692068,0.14069,5,49,0.79,2,1,0.49,2,0,0
USR7125,55,1,46217,123,35596,200000,0.7701927862042106,0.17798,9,451,0.93,1,0,0.25,1,0,0
USR3945,34,2,23458,91,11204,100000,0.4776195754113735,0.11204,3,363,0.05,0,1,0.56,2,1,0
USR1721,47,0,34143,184,21328,200000,0.624666842398149,0.10664,9,339,0.4,1,0,0.48,0,0,0
USR8355,29,1,19034,326,8745,200000,0.4594410003152254,0.043725,22,38,0.09,0,0,0.62,0,0,0
USR5311,28,1,47115,35,35380,200000,0.7509285790088083,0.1769,11,195,0.62,0,0,0.98,0,0,0
USR6407,53,3,35863,135,48382,100000,1.3490784373867217,0.48382,6,691,0.9,3,0,0.47,2,0,0
USR9986,37,4,49405,294,49308,300000,0.9980366359680194,0.16436,7,40,0.57,1,0,0.17,0,0,0
USR6305,60,2,20070,266,26253,100000,1.3080717488789237,0.26253,21,324,0.17,2,0,0.82,0,1,0
USR2396,61,1,5814,294,10391,200000,1.7872377020983832,0.051955,6,625,0.91,0,1,0.79,0,0,0
USR4613,58,1,22246,89,4284,300000,0.19257394587791063,0.01428,6,215,0.88,2,1,0.34,0,0,0
USR6628,50,2,13167,80,17182,100000,1.3049289891395155,0.17182,4,498,0.72,0,0,0.72,0,0,0
USR2473,48,2,28358,268,29707,100000,1.0475703505183722,0.29707,12,67,0.71,0,0,0.36,0,0,0
USR4828,39,3,52358,131,15563,500000,0.29724206424997135,0.031126,21,351,0.89,3,0,0.23,1,0,0
USR2743,45,0,40906,50,45310,500000,1.1076614677553416,0.09062,9,398,0.84,3,1,0.77,0,1,0
USR7926,55,2,33599,195,27851,500000,0.8289234798654722,0.055702,0,561,0.64,0,0,0.03,0,1,0
USR5962,43,2,17718,131,42186,500000,2.380968506603454,0.084372,0,214,0.01,2,0,0.99,1,0,0
USR2726,42,3,21795,219,2352,300000,0.10791465932553337,0.00784,0,421,0.98,3,0,0.85,0,0,0
USR4961,47,3,53575,356,44407,200000,0.828875408306113,0.222035,10,228,0.65,3,0,0.53,0,0,0
USR3814,35,2,50101,328,113067,200000,2.256781301770424,0.565335,4,648,0.37,0,0,0.94,2,0,0
USR6029,60,2,17473,5,1000,200000,0.05723115664167573,0.005,5,430,0.1,1,0,0.06,2,1,0
USR8342,34,6,45837,48,8264,300000,0.1802910312629535,0.027546666666666667,5,467,0.93,3,0,0.59,0,0,0
USR3556,30,0,43082,219,20060,300000,0.4656236943503087,0.06686666666666667,2,243,0.45,1,0,0.87,2,0,0
USR1572,30,2,57385,30,35224,200000,0.6138189422322907,0.17612,5,256,0.5,0,0,0.25,0,1,0
USR3201,47,5,40169,129,18449,200000,0.4592845228907864,0.092245,4,60,0.03,3,0,0.66,2,1,0
USR1229,37,3,14551,263,11176,500000,0.768057178200811,0.022352,0,185,0.57,0,0,0.66,2,0,0
USR9047,46,2,56663,287,34962,200000,0.6170163951785116,0.17481,12,302,0.21,0,0,0.78,0,0,0
USR5307,34,4,7216,350,1000,500000,0.1385809312638581,0.002,21,658,0.46,0,0,0.43,0,0,0
USR4586,64,2,52074,93,43516,100000,0.8356569497253908,0.43516,19,386,0.32,3,0,0.61,2,1,0
USR5862,27,2,28867,294,4608,500000,0.159628641701597,0.009216,5,305,0.86,0,0,0.25,0,0,0
USR2589,62,1,32648,191,27689,500000,0.8481070815976476,0.055378,18,77,0.43,3,0,0.9,1,0,0
USR5665,29,1,20918,273,44286,200000,2.1171240080313605,0.22143,17,214,0.64,3,0,0.27,2,0,0
USR4895,37,1,21832,334,12291,500000,0.5629809454012459,0.024582,12,82,0.73,0,0,0.25,2,0,0
USR2890,49,2,59109,193,1000,500000,0.016917897443705695,0.002,4,302,0.6,0,1,0.72,2,0,0
USR2040,62,3,36952,116,24621,100000,0.6662968174929639,0.24621,7,308,0.62,2,0,0.69,2,0,0
USR3582,43,3,46674,248,16534,100000,0.3542443330333805,0.16534,1,65,0.86,1,0,0.0,2,0,0
USR2372,28,1,28434,166,41805,100000,1.4702468875290147,0.41805,12,485,0.79,1,0,0.93,2,1,0
USR8108,63,0,29104,158,45427,300000,1.5608507421660254,0.15142333333333333,23,511,0.78,1,0,0.27,2,0,0
USR2947,60,2,25271,166,32172,500000,1.2730798148074869,0.064344,12,299,0.62,2,0,0.5,1,1,0
USR7196,29,1,18536,341,17795,200000,0.9600237375917134,0.088975,11,141,0.94,0,0,0.11,0,0,0
USR4871,52,1,43570,43,22608,100000,0.5188891439063575,0.22608,6,189,0.94,2,0,0.1,1,0,0
USR6926,25,1,16399,346,17263,500000,1.052686139398744,0.034526,3,526,0.17,0,0,0.93,0,0,0
USR6908,32,2,10502,294,10312,500000,0.9819082079603885,0.020624,0,614,0.72,1,0,0.39,0,0,0
USR7127,18,2,53391,144,37275,500000,0.6981513738270495,0.07455,12,535,0.6,0,0,0.57,0,0,0
USR1183,44,0,16071,6,8006,200000,0.498164395494991,0.04003,8,459,0.4,0,0,0.71,0,0,0
USR1435,40,5,31809,340,30227,500000,0.9502656480870194,0.060454,5,523,0.42,3,0,0.62,0,0,0
USR6038,28,2,48427,171,12940,100000,0.2672063105292502,0.1294,12,573,0.12,0,0,0.02,1,0,0
USR5701,68,0,44357,259,53282,100000,1.2012083774826972,0.53282,12,88,0.7,0,1,0.9,0,0,0
USR4542,25,3,12733,23,6797,300000,0.5338097855964816,0.022656666666666665,4,499,0.23,0,0,0.9,0,1,0
USR3713,51,4,59575,203,23492,200000,0.394326479227864,0.11746,6,242,0.63,1,0,0.73,0,0,0
USR6800,40,2,58242,116,15557,500000,0.2671096459599602,0.031114,4,90,0.96,1,0,0.8,0,1,0
USR1146,46,1,54274,249,20660,500000,0.38066109002468956,0.04132,11,183,0.61,0,0,0.87,1,1,0
USR2271,34,2,19992,181,26135,100000,1.3072729091636655,0.26135,7,547,0.45,1,0,0.43,1,0,0
USR8756,61,0,59539,138,86584,500000,1.4542400779321116,0.173168,7,601,0.73,1,0,0.34,0,0,0
USR9834,54,4,33256,297,40261,200000,1.2106386817416406,0.201305,17,333,0.08,1,0,0.27,2,1,0
USR4056,67,2,37620,363,42190,500000,1.1214779372674109,0.08438,4,648,0.5,0,0,0.25,1,0,0
USR4036,32,3,35806,41,50857,300000,1.420348544936603,0.16952333333333333,6,373,0.32,0,0,0.37,0,0,0
USR6238,40,0,15114,203,23450,500000,1.5515416170438006,0.0469,11,69,0.15,3,1,0.44,2,1,0
USR5362,38,1,16366,297,10575,300000,0.6461566662593181,0.03525,5,294,0.14,2,0,0.12,2,1,0
USR4545,68,2,44720,341,3784,300000,0.08461538461538462,0.012613333333333334,10,283,0.56,0,0,0.08,0,0,0
USR5892,48,4,37893,229,9796,200000,0.2585174042699179,0.04898,4,86,0.83,0,1,0.32,1,0,0
USR4810,28,2,38580,116,1000,300000,0.02592016588906169,0.0033333333333333335,6,459,0.18,1,0,0.75,2,0,0
USR9265,38,2,14453,351,10453,500000,0.7232408496505915,0.020906,1,554,0.56,1,1,0.59,0,0,0
USR9890,53,3,28134,340,24585,500000,0.8738537001492855,0.04917,1,507,0.23,0,0,0.26,0,0,0
USR8860,20,1,42535,349,46447,500000,1.0919713177383332,0.092894,1,374,0.25,0,0,0.24,0,0,0
USR5094,69,2,33664,122,1000,500000,0.02970532319391635,0.002,12,497,0.03,0,1,0.44,2,0,0
USR2126,69,0,22763,248,27331,200000,1.2006765364846461,0.136655,7,644,0.93,2,1,0.24,1,0,0
USR2288,53,1,19692,25,19324,300000,0.98131220800325,0.06441333333333334,5,202,0.49,2,0,0.14,1,0,0
USR1842,58,0,51556,281,48792,500000,0.9463883932035069,0.097584,3,17,0.17,1,0,0.25,1,0,0
USR7174,19,2,17770,11,13194,300000,0.7424873382104671,0.04398,0,301,0.55,0,0,0.24,2,1,0
USR8986,55,4,44732,237,20836,100000,0.46579629795224897,0.20836,0,166,0.95,3,0,0.08,1,0,0
USR2513,23,1,40035,276,42106,500000,1.0517297364805795,0.084212,0,522,0.79,0,0,0.57,0,1,0
USR2907,31,2,58462,5,27235,200000,0.4658581642776504,0.136175,2,521,0.6,0,0,0.24,2,0,0
USR6115,54,2,33267,233,48909,300000,1.4701956894219497,0.16303,9,557,0.47,1,0,0.83,1,0,0
USR2625,58,1,7853,362,1963,100000,0.24996816503247166,0.01963,0,15,0.96,1,1,0.75,0,0,0
USR9692,19,2,5084,95,5750,100000,1.1309992132179387,0.0575,19,176,0.61,0,1,0.39,0,0,0
USR2331,19,3,40330,239,63318,500000,1.569997520456236,0.126636,7,679,0.75,0,0,0.97,0,0,0
USR2630,41,3,15270,180,13901,200000,0.910347085789129,0.069505,6,286,0.06,0,1,0.52,0,0,0
USR5099,25,1,51125,322,14264,500000,0.27900244498777504,0.028528,14,159,0.46,2,0,0.41,0,1,0
USR8148,23,2,14292,112,14194,300000,0.9931430170724881,0.04731333333333333,10,202,0.7,1,1,0.11,1,0,0
USR5478,42,3,41645,196,29042,500000,0.6973706327290191,0.058084,0,491,0.25,0,0,0.96,0,1,0
USR7238,37,0,25591,240,48945,300000,1.9125864561759993,0.16315,2,133,0.55,1,0,0.38,0,0,0
USR4472,62,3,17636,290,32020,300000,1.8156044454524836,0.10673333333333333,4,154,0.92,0,0,0.15,0,0,0
USR4355,30,4,23944,186,17598,200000,0.7349649181423321,0.08799,15,214,0.84,1,0,0.97,0,1,0
USR6806,48,4,59987,124,56509,500000,0.9420207711670862,0.113018,4,479,0.57,1,1,0.96,1,1,0
USR4522,44,2,38573,307,58462,500000,1.5156197340108366,0.116924,4,227,0.36,1,0,0.13,1,0,0
USR2077,19,1,11212,132,15568,300000,1.3885123082411701,0.05189333333333333,9,279,0.57,1,1,0.87,2,0,0
USR2050,29,3,34367,186,1000,200000,0.029097680914831087,0.005,9,339,0.7,1,0,0.44,0,0,0
USR8248,33,1,55050,21,68145,500000,1.237874659400545,0.13629,13,47,0.04,2,0,0.54,0,0,0
USR2271,45,0,11172,355,5780,200000,0.5173648406731114,0.0289,20,566,0.85,0,1,0.78,1,1,0
USR7699,43,3,15991,78,3700,500000,0.23138015133512602,0.0074,2,113,0.23,0,0,0.83,0,1,0
USR6464,48,2,17227,45,34081,100000,1.9783479421837813,0.34081,24,529,0.72,1,0,0.21,1,0,0
USR4076,60,1,31224,90,29096,200000,0.9318472969510633,0.14548,5,640,0.43,3,0,0.64,1,1,0
USR1545,59,1,5620,41,1000,500000,0.17793594306049823,0.002,2,584,0.44,0,0,0.01,0,0,0
USR6995,26,0,23073,188,32594,200000,1.412646816625493,0.16297,13,430,0.35,1,0,0.89,0,0,0
USR7768,53,3,17291,254,13869,300000,0.8020935746920363,0.04623,2,640,0.06,0,0,0.43,2,0,0
USR2151,46,3,20915,14,4458,300000,0.2131484580444657,0.01486,8,245,0.83,1,1,0.48,1,1,0
USR2018,43,3,23708,233,11446,200000,0.48279061920026994,0.05723,0,661,0.82,0,1,0.58,0,0,0
USR8375,65,4,39290,219,36769,100000,0.9358360906082973,0.36769,12,273,0.28,0,1,0.14,2,0,0
USR4185,60,3,46535,19,38980,300000,0.8376490813366283,0.12993333333333335,5,42,0.27,0,0,0.99,0,0,0
USR5989,59,4,55093,217,79691,100000,1.446481404171129,0.79691,11,191,0.77,2,1,0.23,0,0,0
USR4903,59,2,14257,125,22882,100000,1.6049659816230624,0.22882,2,238,0.34,1,0,0.97,0,1,0
USR4166,52,0,26959,332,28654,100000,1.0628732519752215,0.28654,2,347,0.12,1,0,0.5,0,1,0
USR7286,63,4,5535,178,2292,300000,0.4140921409214092,0.00764,13,320,0.71,1,0,0.56,1,0,0
USR4779,64,0,10017,175,15239,200000,1.5213137665967855,0.076195,8,370,0.96,2,0,0.86,2,0,0
USR6989,51,0,41192,168,46118,100000,1.1195863274422218,0.46118,5,617,0.44,0,0,0.39,0,0,0
USR4064,37,2,14402,76,7004,200000,0.486321344257742,0.03502,4,356,0.24,0,0,0.05,0,0,0
USR2770,56,2,9138,341,4612,200000,0.5047056248632086,0.02306,14,341,0.63,3,1,0.69,0,1,0
USR8880,30,3,43079,35,88494,100000,2.054225956962789,0.88494,12,15,0.34,3,1,0.38,2,1,0
USR5432,18,4,51980,259,11243,100000,0.2162947287418238,0.11243,7,566,0.63,1,0,0.29,2,0,0
USR5259,64,3,7852,26,10944,200000,1.3937850229240958,0.05472,13,549,0.14,0,0,0.82,1,1,0
USR3242,61,2,10663,209,3436,100000,0.3222357685454375,0.03436,0,460,0.91,0,0,0.5,0,0,0
USR3736,19,3,15902,312,12473,500000,0.7843667463212175,0.024946,3,444,0.68,1,0,0.44,2,1,0
USR8421,53,4,50149,30,1000,500000,0.019940577080300705,0.002,6,219,0.73,0,0,0.24,0,0,0
USR6219,43,6,48574,24,80512,200000,1.6575122493515049,0.40256,4,348,0.7,2,0,0.02,2,0,0
USR1901,50,3,56646,58,54569,500000,0.9633336864032764,0.109138,7,339,0.35,0,0,0.54,2,0,0
USR2300,50,1,31944,74,6409,100000,0.20063235662409215,0.06409,19,618,0.31,2,0,0.99,0,1,0
USR4962,20,2,57681,267,58351,200000,1.011615609992892,0.291755,10,258,0.98,2,1,0.06,0,1,0
USR9570,48,3,25592,151,24183,200000,0.9449437324163801,0.120915,3,37,0.75,1,0,0.95,2,0,0
USR5993,47,2,28586,347,30711,100000,1.0743370880850767,0.30711,1,611,0.76,0,1,0.41,0,1,0
USR6433,31,1,31013,172,28334,300000,0.9136168703446942,0.09444666666666666,7,436,0.43,0,0,0.12,2,0,0
USR3257,26,1,15935,258,13271,200000,0.832820834640728,0.066355,8,362,0.04,0,0,0.67,0,0,0
USR9064,48,1,8086,136,2042,200000,0.25253524610437794,0.01021,5,405,0.12,0,0,0.97,0,0,0
USR9255,51,2,53959,9,97558,200000,1.8080023721714635,0.48779,8,160,0.43,1,0,0.45,0,0,0
USR6315,31,3,22591,19,7545,500000,0.3339825594263202,0.01509,8,511,0.25,0,0,0.29,2,1,0
USR7964,40,2,12973,243,13700,300000,1.0560394665844446,0.04566666666666667,9,643,0.73,3,1,0.34,2,0,0
USR4261,18,2,7257,35,12471,500000,1.718478710210831,0.024942,7,152,0.41,2,0,0.78,2,0,0
USR9341,37,3,14161,113,23426,200000,1.6542617046818728,0.11713,14,464,0.68,2,0,0.39,1,0,0
USR8655,31,1,21585,135,16798,200000,0.7782256196432707,0.08399,12,280,0.13,3,0,0.07,0,1,0
USR2832,32,1,22938,137,38286,500000,1.6691080303426629,0.076572,3,403,0.16,1,0,0.02,0,0,0
USR3949,26,1,6552,107,11059,500000,1.6878815628815629,0.022118,12,446,0.25,0,0,0.67,1,0,0
USR4299,31,0,53898,49,1000,100000,0.01855356413967123,0.01,16,333,0.33,0,0,0.86,0,0,0
USR9330,38,5,28750,144,14461,300000,0.5029913043478261,0.048203333333333334,5,478,0.82,1,0,0.18,0,0,0
USR6895,58,0,21757,357,21250,500000,0.9766971549386404,0.0425,13,260,0.93,0,0,0.35,1,1,0
USR4957,70,2,51127,179,30388,500000,0.5943630567019383,0.060776,9,76,0.5,0,1,0.21,1,0,0
USR8275,28,0,26831,285,21084,100000,0.7858074615183929,0.21084,3,405,0.32,1,0,0.1,0,1,0
USR8548,35,2,26773,245,1000,100000,0.037351062637732045,0.01,4,43,0.47,1,0,0.8,1,1,0
USR6862,62,1,42891,107,74482,200000,1.7365414655755287,0.37241,7,489,0.35,1,0,0.21,0,0,0
USR4592,36,0,31592,233,5019,500000,0.15886933400860978,0.010038,8,614,0.47,0,0,0.46,0,1,0
USR4666,39,2,7151,94,4632,100000,0.6477415746049504,0.04632,8,293,0.18,0,0,0.79,2,1,0
USR6874,62,4,39693,99,67211,100000,1.6932708538029375,0.67211,10,350,0.84,1,0,0.58,1,0,0
USR2992,34,0,21310,253,40106,300000,1.8820272172688879,0.13368666666666668,6,401,0.81,1,0,0.03,0,0,0
USR5008,37,3,34535,261,15928,300000,0.46121326190820905,0.05309333333333333,5,60,0.16,1,0,0.38,0,1,0
USR8370,63,3,38159,134,6200,300000,0.16247805235986268,0.020666666666666667,6,261,0.87,0,0,0.1,2,0,0
USR7546,28,0,25110,357,61245,500000,2.439068100358423,0.12249,10,600,1.0,1,1,0.3,2,1,1
USR4869,23,1,40117,107,28784,100000,0.717501308672134,0.28784,1,149,0.15,0,0,0.3,0,1,0
USR7913,37,1,18229,154,39238,500000,2.152504251467442,0.078476,6,564,0.54,0,0,0.67,0,0,0
USR1222,54,3,56656,171,68924,300000,1.2165348771533464,0.22974666666666665,14,159,0.64,0,0,0.95,0,0,0
USR1532,59,4,47898,126,17879,200000,0.3732723704538812,0.089395,14,15,0.06,2,0,0.04,1,0,0
USR5501,35,1,32618,96,37782,200000,1.1583174934085474,0.18891,5,217,0.6,3,1,1.0,1,0,0
USR5263,50,1,44333,164,1000,200000,0.022556560575643425,0.005,1,177,0.58,0,0,0.26,0,0,0
USR7577,54,1,14179,247,11310,500000,0.7976585090626983,0.02262,4,273,0.95,0,1,0.58,2,1,0
USR5803,54,4,18784,104,29074,500000,1.5478066439522997,0.058148,8,618,0.29,0,0,0.45,2,1,0
USR4376,31,1,20164,193,24395,100000,1.209829398928784,0.24395,13,642,0.83,0,0,0.08,2,0,0
USR2746,43,3,51741,34,21078,200000,0.4073751956862063,0.10539,26,490,0.98,0,1,0.95,1,1,1
USR4904,44,1,45912,299,62713,300000,1.3659391880118488,0.20904333333333333,4,419,0.87,2,0,0.51,1,0,0
USR7413,45,1,10480,274,7354,300000,0.7017175572519084,0.024513333333333335,6,479,0.76,1,0,0.84,2,0,0
USR1264,23,4,22801,255,10403,100000,0.4562519187754923,0.10403,16,449,0.59,0,0,0.31,1,1,0
USR6110,24,4,14825,10,8724,300000,0.5884654300168634,0.02908,10,544,0.83,1,0,0.55,1,1,0
USR7188,70,2,13316,176,6847,500000,0.514193451486933,0.013694,2,638,0.58,1,0,0.54,2,0,0
USR6710,66,2,29937,327,17131,100000,0.5722350268898019,0.17131,3,220,0.2,0,1,0.15,0,1,0
USR9766,42,0,47590,162,30762,300000,0.6463963017440639,0.10254,7,10,0.85,1,1,0.06,0,0,0
USR2836,66,1,9533,67,18144,300000,1.9032833315850204,0.06048,11,456,0.37,0,0,0.59,2,0,0
USR2880,20,1,5014,260,4770,100000,0.9513362584762665,0.0477,10,399,0.92,1,0,0.96,0,0,0
USR1603,40,2,53544,235,80717,300000,1.5074891677872404,0.26905666666666667,9,684,0.36,0,0,0.23,0,0,0
USR3069,67,2,49469,142,54424,100000,1.1001637389071943,0.54424,17,334,0.58,0,1,0.05,2,1,0
USR9570,38,3,37236,127,22508,100000,0.6044687936405629,0.22508,10,588,0.79,0,0,0.43,0,1,0
USR4319,32,2,43133,176,46500,500000,1.0780608814596713,0.093,6,293,0.84,1,1,0.11,0,0,0
USR1951,27,2,11122,332,20251,100000,1.8208056105017083,0.20251,0,435,0.49,1,1,0.15,1,0,0
USR8723,66,2,33082,140,18612,300000,0.5626020192249561,0.06204,6,496,0.92,0,0,0.18,2,0,0
USR4861,63,2,30676,129,45161,200000,1.472193245533968,0.225805,0,426,0.56,0,0,0.86,1,0,0
USR9260,68,4,8709,81,7679,300000,0.8817315420829027,0.025596666666666667,1,105,0.96,3,1,0.4,2,0,0
USR4404,67,2,55321,151,142461,100000,2.575170369299181,1.42461,4,377,0.36,2,0,0.61,1,0,0
USR8196,19,3,6943,134,2784,200000,0.4009794037159729,0.01392,16,558,0.15,0,1,0.14,1,1,0
USR7567,61,1,42800,129,110973,300000,2.592827102803738,0.36991,7,230,0.07,0,0,0.65,0,1,0
USR4063,24,3,45194,124,36496,200000,0.8075408240031863,0.18248,7,111,0.68,1,1,0.69,2,0,0
USR5759,59,3,23485,35,23995,500000,1.0217159889291036,0.04799,0,12,0.82,1,0,0.21,0,0,0
USR3445,26,1,33797,341,31865,200000,0.9428351628842797,0.159325,10,698,0.08,1,1,0.12,0,0,0
USR1103,56,1,24289,253,18478,100000,0.7607558977314833,0.18478,6,675,0.57,3,0,0.84,0,0,0
USR8975,37,1,32446,346,53803,200000,1.6582321395549529,0.269015,0,306,0.02,1,0,0.9,0,0,0
USR1528,40,0,48342,161,90108,200000,1.8639692193123991,0.45054,14,339,0.81,0,0,0.66,2,1,1
USR7659,51,1,41578,103,31806,300000,0.7649718601183318,0.10602,8,297,0.69,2,0,0.83,0,0,0
USR8018,19,2,28696,11,19331,100000,0.6736478951770282,0.19331,12,515,0.45,0,0,0.31,2,0,0
USR1585,27,1,17094,280,28798,100000,1.6846846846846846,0.28798,9,90,0.3,1,0,0.21,2,0,0
USR9194,49,3,52553,86,126117,300000,2.3998059102239644,0.42039,9,426,0.09,0,1,0.43,2,0,0
USR2285,25,1,29715,363,56858,500000,1.9134443883560492,0.113716,9,566,0.27,0,0,0.28,0,1,0
USR8473,37,5,23462,79,30916,100000,1.3177052254709742,0.30916,12,460,0.66,0,1,0.07,2,0,0
USR7537,61,3,5711,245,1000,500000,0.17510068289266328,0.002,11,583,0.98,3,1,0.26,1,0,0
USR2740,29,2,44927,158,57197,300000,1.2731097113094576,0.19065666666666667,7,328,0.2,0,1,0.04,1,0,0
USR7727,44,2,53266,209,69618,100000,1.3069875718094093,0.69618,14,538,0.16,0,0,0.73,1,0,0
USR6287,50,3,20362,58,12590,200000,0.6183086140850604,0.06295,1,320,0.34,1,0,0.16,0,0,0
USR5750,23,2,51295,41,1929,300000,0.037606004483867826,0.00643,3,413,0.26,0,0,0.88,0,0,0
USR9977,45,2,27625,168,37421,100000,1.354606334841629,0.37421,16,293,0.82,0,1,0.6,2,0,0
USR4095,29,6,6825,50,5064,500000,0.741978021978022,0.010128,2,458,0.89,2,0,0.91,0,0,0
USR6666,67,5,29599,356,39799,500000,1.3446062366971858,0.079598,4,538,0.59,2,1,0.97,1,1,0
USR6255,63,0,58919,100,176200,200000,2.9905463432848487,0.881,11,22,0.04,1,0,0.83,2,0,0
USR5934,69,2,16855,299,10938,500000,0.6489469000296648,0.021876,15,425,0.95,0,1,0.85,1,0,0
USR8782,50,1,52513,103,37166,200000,0.7077485575000476,0.18583,1,169,0.62,3,0,0.25,0,0,0
USR2596,44,1,24942,104,21468,300000,0.8607168631224441,0.07156,0,411,0.32,0,0,0.54,2,0,0
USR1266,61,2,27326,248,65912,100000,2.4120617726707168,0.65912,13,454,0.35,0,1,0.01,2,1,0
USR3543,70,0,39787,100,1000,300000,0.025133837685676227,0.0033333333333333335,2,487,0.93,2,0,0.72,2,0,0
USR5682,50,3,36279,173,68209,200000,1.880123487416963,0.341045,14,375,0.36,3,0,0.75,2,0,0
USR8234,56,4,6093,124,3687,500000,0.605120630231413,0.007374,14,185,0.85,0,1,0.8,1,0,0
USR4796,19,2,26643,122,40579,200000,1.5230642194948016,0.202895,1,126,0.78,1,0,0.02,0,0,0
USR4544,23,1,55565,23,57646,100000,1.0374516332223522,0.57646,8,491,0.51,0,0,0.52,0,0,0
USR6095,57,2,27482,92,13529,300000,0.4922858598355287,0.04509666666666667,1,462,0.65,0,0,0.16,0,0,0
USR7253,54,3,56516,217,81964,100000,1.4502795668483262,0.81964,5,162,0.72,3,0,0.08,0,0,0
USR1842,56,2,28087,299,36591,500000,1.302773525118382,0.073182,6,489,0.24,0,1,0.25,1,0,0
USR4196,27,0,30594,125,69410,500000,2.2687455056547035,0.13882,13,84,0.32,0,0,0.57,0,0,0
USR1629,37,1,38756,294,1000,200000,0.025802456393848695,0.005,9,590,0.44,3,1,0.07,0,0,0
USR6854,56,5,52984,13,70969,200000,1.339442095727012,0.354845,6,300,0.09,2,0,0.68,0,1,0
USR1320,25,5,9649,297,4085,100000,0.42335993367188307,0.04085,8,523,0.04,0,0,0.14,0,0,0
USR4785,22,1,13614,82,20390,500000,1.4977229322755987,0.04078,13,34,0.91,2,0,0.73,0,0,0
USR1479,43,5,45275,284,27399,100000,0.6051684152401988,0.27399,2,93,0.28,0,1,0.0,2,0,0
USR5681,56,0,32431,176,7550,200000,0.23280194875273658,0.03775,6,266,0.8,2,0,0.48,0,0,0
USR8598,31,1,33490,263,47737,200000,1.4254105703194984,0.238685,9,164,0.85,2,0,0.39,0,0,0
USR5461,69,0,15232,274,12923,500000,0.8484112394957983,0.025846,6,576,0.29,0,0,0.05,0,0,0
USR5980,58,2,52941,194,20377,300000,0.38490017188946185,0.06792333333333334,2,682,0.03,1,0,0.04,1,0,0
USR3324,60,3,34350,200,8174,300000,0.23796215429403203,0.027246666666666666,1,602,0.1,0,0,0.73,0,0,0
USR6096,50,1,21211,56,8091,100000,0.3814530196596106,0.08091,9,501,0.17,3,1,0.57,0,0,0
USR7756,59,3,9278,192,1005,100000,0.10832075878422073,0.01005,7,220,0.67,1,1,0.81,0,1,0
USR5797,22,3,5153,63,1828,200000,0.35474480884921405,0.00914,11,538,0.0,3,0,0.93,0,1,0
USR1919,57,1,22329,197,30361,100000,1.3597115858300863,0.30361,0,491,0.35,0,0,0.46,0,0,0
USR5596,64,1,24845,41,17155,200000,0.6904809820889515,0.085775,2,303,0.55,1,0,0.63,0,1,0
USR4524,35,4,8328,59,5293,500000,0.635566762728146,0.010586,9,601,0.62,0,0,0.08,0,1,0
USR3971,26,2,28907,242,2056,100000,0.07112464109039333,0.02056,3,229,0.26,0,0,0.24,2,0,0
USR8854,56,2,51436,144,57692,200000,1.121626876117894,0.28846,2,468,0.8,0,0,0.53,0,0,0
USR4942,56,0,6119,149,7473,300000,1.2212779865991175,0.02491,8,112,0.7,1,0,0.09,2,0,0
USR2541,55,0,52628,158,38209,500000,0.7260203693851182,0.076418,4,433,0.78,0,0,0.95,0,0,0
USR6094,70,0,28581,83,10488,100000,0.3669570693817571,0.10488,0,601,0.51,2,0,0.61,0,0,0
USR5720,59,0,45484,103,73306,300000,1.611687626418081,0.24435333333333334,5,12,0.23,1,1,0.45,1,0,0
USR7227,22,0,44103,38,63979,100000,1.4506722898669024,0.63979,9,391,0.78,0,0,0.02,2,0,0
USR8056,47,5,29394,5,48731,200000,1.6578553446281554,0.243655,10,75,0.64,1,0,0.06,2,1,0
USR4474,59,2,50984,325,11002,200000,0.21579319002039857,0.05501,0,662,0.41,0,1,0.52,0,0,0
USR2144,57,1,29873,288,22610,100000,0.7568707528537475,0.2261,18,528,0.11,2,0,0.27,0,0,0
USR3764,40,1,55541,39,11616,200000,0.20914279541239805,0.05808,10,615,0.72,3,0,0.55,1,0,0
USR2835,34,2,58775,123,68202,100000,1.160391322841344,0.68202,5,291,0.27,0,0,0.04,2,0,0
USR9260,35,1,56824,6,109964,200000,1.9351682387723497,0.54982,11,124,0.06,0,1,0.09,1,0,0
USR7096,49,1,53546,210,31780,100000,0.5935083853135622,0.3178,15,146,0.89,1,0,0.4,1,0,0
USR4087,59,4,19678,35,48863,300000,2.483128366703933,0.16287666666666667,5,239,0.9,0,0,0.4,0,0,0
USR6004,66,1,38002,19,44665,100000,1.1753328772169886,0.44665,2,619,0.87,1,0,0.94,2,1,0
USR1500,57,2,22495,245,31891,500000,1.417692820626806,0.063782,17,307,0.17,0,0,0.91,1,0,0
USR3853,23,2,47368,164,69740,300000,1.4723019760175646,0.23246666666666665,17,334,0.69,1,0,0.21,1,0,0
USR4750,27,3,20586,55,10062,500000,0.48877878169629846,0.020124,8,592,0.78,0,1,0.72,2,0,0
USR8726,27,1,32216,295,52141,300000,1.6184814998758381,0.17380333333333334,5,39,0.82,2,0,0.63,0,0,0
USR6263,55,1,20817,33,21127,200000,1.0148916750732575,0.105635,5,375,0.19,3,1,0.79,0,1,0
USR6667,56,4,38723,332,64595,300000,1.6681300519071354,0.21531666666666666,2,339,0.11,0,0,0.84,0,0,0
USR2083,35,2,9284,71,14556,300000,1.5678586816027575,0.04852,12,137,0.22,1,1,0.5,1,0,0
USR4966,52,3,28007,71,12468,500000,0.44517442068054414,0.024936,15,626,0.58,0,0,0.04,0,0,0
USR1850,49,1,36599,108,35722,200000,0.9760375966556464,0.17861,7,532,0.64,1,0,0.16,0,0,0
USR5351,18,3,27943,254,25719,500000,0.9204094048598933,0.051438,31,433,0.06,1,0,0.14,2,0,0
USR1095,59,3,33554,52,23943,500000,0.7135661918102164,0.047886,1,409,0.08,0,1,0.92,1,0,0
USR2107,21,2,59061,112,26304,100000,0.44537004114390205,0.26304,8,683,0.07,1,0,0.87,1,1,0
USR3234,26,2,13577,351,16655,500000,1.2267069308389187,0.03331,4,18,1.0,1,0,0.6,2,0,0
USR4097,59,0,17394,82,25400,500000,1.4602736575830746,0.0508,1,160,0.75,0,0,0.75,2,0,0
USR1073,40,4,9950,57,7801,300000,0.7840201005025126,0.026003333333333333,4,7,0.14,0,1,0.51,1,0,0
USR4580,55,2,55876,36,1000,300000,0.01789677142243539,0.0033333333333333335,12,253,0.8,1,0,0.54,0,0,0
USR5172,48,3,24259,223,1000,300000,0.041221814584277996,0.0033333333333333335,6,474,0.14,0,1,0.13,1,0,0
USR6147,56,3,18805,357,32951,500000,1.75224674288753,0.065902,1,131,0.33,3,0,0.48,0,0,0
USR7533,69,1,8399,266,5204,100000,0.6195975711394214,0.05204,1,471,0.59,0,1,0.33,1,1,0
USR5709,22,4,47824,131,35563,100000,0.7436224489795918,0.35563,8,286,0.53,2,0,0.85,0,0,0
USR5767,20,2,14275,113,1000,300000,0.07005253940455342,0.0033333333333333335,22,595,0.6,0,0,0.48,1,0,0
USR1286,43,2,36545,248,25881,200000,0.7081953755643727,0.129405,9,265,0.59,3,1,0.58,0,0,0
USR9776,38,2,29225,341,24191,500000,0.8277502138579983,0.048382,2,93,0.08,0,0,0.55,1,0,0
USR7001,62,5,16371,259,14416,200000,0.8805815160955348,0.07208,6,264,0.33,1,0,0.7,0,0,0
USR4826,52,2,36188,1,37173,300000,1.0272189676135735,0.12391,6,369,0.71,1,0,0.24,1,0,0
USR3673,64,3,11944,64,11433,500000,0.957217012726055,0.022866,7,553,0.25,1,0,0.6,2,1,0
USR1923,63,0,46356,34,112456,100000,2.4259211321080336,1.12456,4,166,0.07,1,1,0.21,0,0,0
USR7573,31,1,17719,135,15180,100000,0.8567074891359557,0.1518,1,476,0.73,1,0,0.92,1,0,0
USR2920,31,1,14895,134,15901,300000,1.067539442766029,0.05300333333333333,6,382,0.64,2,1,0.62,0,0,0
USR7372,18,1,54987,345,75930,200000,1.3808718424354847,0.37965,8,400,0.9,0,0,0.05,2,1,0
USR8278,30,1,38993,259,39200,200000,1.0053086451414357,0.196,20,665,0.37,0,1,0.11,2,0,0
USR9711,68,2,30651,89,41783,200000,1.3631855404391373,0.208915,2,342,0.5,1,1,0.59,2,1,0
USR8025,34,1,57803,27,33782,100000,0.5844333339100046,0.33782,14,448,0.66,2,1,0.12,0,0,0
USR3123,21,1,6355,38,5147,200000,0.8099134539732494,0.025735,19,509,0.99,0,0,0.58,1,1,0
USR2749,67,3,5969,50,2891,300000,0.48433573462891605,0.009636666666666667,17,317,0.42,0,0,0.56,1,0,0
USR4194,55,1,7431,338,7664,300000,1.0313551338985332,0.025546666666666665,5,371,0.93,0,1,0.2,0,0,0
USR4162,45,3,32940,328,29994,200000,0.9105646630236794,0.14997,4,589,0.61,2,0,0.33,0,1,0
USR9179,70,1,44314,138,79460,100000,1.7931127860269893,0.7946,5,381,0.28,1,0,0.52,2,0,0
USR4934,41,1,8233,130,13087,200000,1.5895785254463743,0.065435,1,553,0.15,0,1,0.24,1,0,0
USR6416,34,2,53899,271,1000,300000,0.01855321991131561,0.0033333333333333335,1,339,0.97,1,0,0.99,0,0,0
USR5221,41,1,28763,231,41930,100000,1.4577756145047456,0.4193,14,325,0.54,1,0,0.81,0,1,0
USR6300,70,3,50690,204,57397,100000,1.1323140658907083,0.57397,0,23,0.28,1,1,0.51,0,0,0
USR5128,46,2,19062,114,24230,500000,1.2711153079425035,0.04846,12,670,0.77,2,0,0.28,0,1,0
USR8206,53,2,55899,219,60414,500000,1.080770675682928,0.120828,9,412,0.46,0,1,0.15,2,0,0
USR7410,67,1,43022,53,38705,200000,0.8996559899586258,0.193525,9,308,0.15,0,1,0.58,1,0,0
USR2926,69,1,37689,283,47344,500000,1.2561755419353127,0.094688,0,389,0.86,3,0,0.54,2,0,0
USR1900,60,1,43978,70,54831,100000,1.246782482150166,0.54831,8,609,0.26,2,0,0.1,0,0,0
USR7344,19,1,28089,63,36487,100000,1.2989782477126277,0.36487,11,647,0.93,1,0,0.17,0,0,0
USR2118,33,1,39348,55,32399,200000,0.8233963606790689,0.161995,3,649,0.08,3,0,0.76,1,0,0
USR8405,44,2,17663,186,1000,200000,0.0566155239766744,0.005,1,204,0.3,2,0,0.41,0,0,0
USR7232,48,0,35373,233,55372,200000,1.5653747208322732,0.27686,13,352,0.27,1,0,0.54,1,1,0
USR3115,44,3,52284,115,90214,300000,1.725460944074669,0.30071333333333333,1,637,0.61,1,0,0.12,2,0,0
USR2395,50,1,19674,299,32503,200000,1.6520788858391786,0.162515,7,275,0.17,0,0,0.31,1,0,0
USR2878,31,0,53029,269,38359,100000,0.723358916819099,0.38359,3,134,0.44,1,0,0.61,2,0,0
USR1506,59,1,11487,282,20404,100000,1.7762688256289718,0.20404,0,6,0.08,3,0,0.57,2,1,0
USR7411,44,1,13373,76,19078,100000,1.42660584760338,0.19078,9,41,0.17,0,0,0.22,0,1,0
USR5165,36,2,55467,123,70776,100000,1.2760019471036832,0.70776,8,698,0.03,0,0,0.45,0,0,0
USR2805,32,5,25013,273,57407,500000,2.2950865549914043,0.114814,5,396,0.58,2,0,0.14,1,0,0
USR3497,41,1,49533,16,46223,100000,0.9331758625562756,0.46223,4,79,0.61,0,0,0.12,2,1,0
USR7981,56,3,44888,308,101781,300000,2.267443414721084,0.33927,7,56,0.55,0,0,0.27,1,1,0
USR5037,32,2,29934,128,54589,300000,1.8236453531101757,0.18196333333333334,4,445,0.23,3,0,0.18,0,0,0
USR3791,30,0,44449,101,40963,100000,0.9215730387635267,0.40963,12,438,0.2,2,1,0.56,0,0,0
USR3981,70,1,8147,213,7763,300000,0.9528660856757089,0.025876666666666666,7,157,0.99,2,0,0.25,0,0,0
USR5540,36,2,57407,94,13107,300000,0.22831710418590068,0.04369,10,471,0.47,3,0,0.81,0,0,0
USR9591,37,2,36181,202,19639,500000,0.5427987065034134,0.039278,19,598,0.55,0,0,0.94,2,0,0
USR7546,24,1,30324,198,40650,500000,1.3405223585278987,0.0813,1,492,0.89,1,0,0.58,0,1,0
USR6201,18,3,53769,266,71308,100000,1.3261916717811377,0.71308,18,318,0.24,0,0,0.26,2,0,0
USR3510,21,2,10239,242,14046,200000,1.3718136536771168,0.07023,4,256,0.78,0,0,0.32,0,0,0
USR4583,19,0,10335,311,12498,300000,1.209288824383164,0.04166,7,618,0.63,0,0,0.15,0,1,0
USR1228,60,1,46121,244,68624,100000,1.4879122308709698,0.68624,8,224,0.59,0,0,0.61,2,0,0
USR5903,59,2,32284,135,29114,100000,0.9018089456077314,0.29114,11,681,0.43,0,0,0.58,0,0,0
USR2107,21,1,8654,333,3388,300000,0.3914952623064479,0.011293333333333334,0,396,0.04,2,0,0.28,0,1,0
USR5952,62,4,59478,320,62799,500000,1.0558357712095228,0.125598,11,434,0.66,2,0,0.37,2,0,0
USR1454,61,1,36830,318,36444,500000,0.9895194135215857,0.072888,0,53,0.13,0,0,0.82,2,1,0
USR7301,63,2,31866,65,43801,500000,1.3745371242076194,0.087602,15,421,0.47,2,1,0.96,0,0,0
USR4477,46,3,11309,243,14283,300000,1.262976390485454,0.04761,8,379,0.72,0,0,0.81,0,0,0
USR6008,58,1,20569,21,22938,200000,1.1151733190723905,0.11469,18,688,0.07,1,1,0.37,0,0,0
USR1309,34,4,36318,116,1000,300000,0.027534555867613855,0.0033333333333333335,0,241,0.08,0,0,0.26,2,0,0
USR5788,39,1,51025,7,55242,200000,1.0826457618814307,0.27621,2,14,0.06,0,0,0.73,0,0,0
USR9166,63,1,16503,362,27572,100000,1.6707265345694722,0.27572,12,146,0.18,1,0,0.04,1,0,0
USR3990,34,0,14874,142,7449,300000,0.5008067769261799,0.02483,10,629,0.74,0,1,0.48,2,1,0
USR4999,59,3,10230,28,1000,200000,0.09775171065493646,0.005,16,599,0.71,0,0,0.74,0,0,0
USR9006,18,3,8423,248,10884,500000,1.2921761842573904,0.021768,14,360,0.4,1,0,0.47,0,0,0
USR1314,30,3,38064,357,9515,500000,0.249973728457335,0.01903,8,587,0.66,3,1,0.99,0,0,0
USR8994,26,2,50680,139,68924,200000,1.3599842146803474,0.34462,3,339,0.3,3,0,0.1,2,0,0
USR2082,58,1,37740,46,53328,100000,1.4130365659777424,0.53328,8,352,0.45,0,0,0.77,0,0,0
USR6189,47,4,14144,99,10239,200000,0.7239111990950227,0.051195,6,245,0.48,2,1,0.86,0,0,0
USR7325,56,2,10591,168,9729,200000,0.9186101406854876,0.048645,14,503,0.06,3,0,0.84,0,1,0
USR5271,38,2,32819,38,18678,500000,0.5691215454462354,0.037356,27,53,0.11,0,0,0.84,1,0,0
USR9174,61,1,17738,235,1000,500000,0.05637614161686774,0.002,6,66,0.44,1,1,0.08,1,0,0
USR5387,38,5,16055,193,28058,500000,1.7476175646216132,0.056116,0,382,0.98,1,0,0.7,0,1,0
USR7169,21,3,28043,178,1385,200000,0.049388439182683735,0.006925,17,673,0.06,0,0,0.68,2,1,0
USR8668,48,2,8717,324,7374,300000,0.8459332339107491,0.02458,2,23,0.91,2,0,0.35,2,0,0
USR2244,47,4,30259,297,42236,100000,1.3958161208235567,0.42236,10,42,0.53,3,0,0.04,1,1,0
USR4759,60,2,59714,243,82732,500000,1.3854707438791574,0.165464,1,553,0.54,1,0,0.9,0,0,0
USR7994,40,2,53896,362,16399,500000,0.30427118895650884,0.032798,3,252,0.51,1,0,0.09,2,1,0
USR3164,22,0,19141,223,14885,500000,0.7776500705292304,0.02977,4,187,0.42,2,0,0.92,0,0,0
USR3556,56,6,16227,129,2589,500000,0.15954889998151228,0.005178,6,599,0.61,0,0,0.81,0,0,0
USR9774,26,3,33222,61,59811,300000,1.8003431461080006,0.19937,0,114,0.87,3,0,0.88,0,1,1
USR6470,64,2,56591,137,137367,300000,2.42736477531763,0.45789,5,642,0.54,0,0,0.71,1,0,0
USR4397,21,1,53797,261,69691,300000,1.2954439838652714,0.23230333333333333,8,312,0.43,1,0,0.17,1,1,0
USR8075,37,2,19530,304,31916,500000,1.6342037890424987,0.063832,0,173,0.67,0,0,0.73,2,0,0
USR3932,28,5,49739,141,17929,300000,0.3604616096021231,0.059763333333333335,8,413,0.07,2,0,0.43,0,1,0
USR6657,40,4,41326,73,9837,300000,0.23803416735227217,0.03279,15,98,0.88,0,0,0.11,1,0,0
USR5973,45,0,28040,156,28426,300000,1.0137660485021398,0.09475333333333333,6,279,0.51,0,0,0.18,0,0,0
USR3669,26,2,38083,126,12448,100000,0.3268650053829793,0.12448,11,690,0.24,2,0,0.57,2,0,0
USR8619,70,4,5547,78,5201,500000,0.9376239408689382,0.010402,1,127,0.66,0,0,0.35,0,0,0
USR6975,23,2,6250,59,11692,100000,1.87072,0.11692,8,569,0.28,0,0,0.18,0,0,0
USR5801,46,0,50213,63,32139,100000,0.6400533726325852,0.32139,2,36,0.02,0,1,0.23,1,0,0
USR8935,36,0,18157,236,20866,500000,1.1491986561656662,0.041732,2,657,0.38,0,0,0.09,1,0,0
USR8588,62,1,11732,245,17861,100000,1.522417320150017,0.17861,11,9,0.78,0,0,0.23,2,0,0
USR3965,18,1,57381,174,50558,100000,0.8810930447360624,0.50558,5,595,0.01,1,0,0.88,0,0,0
USR5158,21,3,43913,270,69487,300000,1.5823787944344498,0.23162333333333332,4,647,0.1,0,0,0.56,0,0,0
USR7567,25,0,32677,280,44027,500000,1.347339107017168,0.088054,5,102,0.72,3,0,0.83,0,1,0
USR3995,42,3,30759,62,16685,100000,0.5424428622516987,0.16685,14,542,0.41,0,0,0.3,0,0,0
USR7332,60,0,52324,295,2761,300000,0.05276737252503631,0.009203333333333334,4,65,0.56,3,0,0.13,2,0,0
USR7200,58,2,6020,32,11630,500000,1.9318936877076411,0.02326,6,473,0.22,1,0,0.06,1,0,0
USR9577,46,2,32617,345,24924,300000,0.764141398657142,0.08308,4,23,0.48,1,0,0.86,1,0,0
USR1339,23,1,58804,229,52871,500000,0.899105503027005,0.105742,7,517,0.92,2,0,0.45,1,1,0
USR5300,46,3,41731,170,75188,500000,1.801730128681316,0.150376,7,416,0.53,1,0,0.35,0,0,0
USR6162,70,1,29641,42,61209,500000,2.065011301912891,0.122418,6,512,0.48,0,1,0.29,1,0,0
USR2985,49,3,24579,334,16396,100000,0.6670735180438586,0.16396,17,165,0.65,3,0,0.76,2,0,0
USR9524,24,2,20213,167,11653,500000,0.5765101667243853,0.023306,12,26,0.26,0,0,0.31,1,0,0
USR1594,36,1,49707,352,82362,300000,1.65694972539079,0.27454,4,330,0.37,2,1,0.55,0,0,0
USR9933,24,3,36734,85,25648,300000,0.6982087439429412,0.08549333333333334,4,212,0.54,2,1,0.61,0,0,0
USR2220,52,4,31445,249,49556,100000,1.575958021943075,0.49556,0,118,0.67,2,0,0.44,0,0,0
USR5466,26,1,55150,242,22156,500000,0.40174070716228466,0.044312,8,361,0.5,0,0,0.16,1,0,0
USR5746,43,0,35460,357,34285,300000,0.9668640721940215,0.11428333333333333,22,612,0.91,3,0,0.61,2,0,0
USR2584,40,0,41516,129,37432,500000,0.9016282878890066,0.074864,9,174,0.33,3,0,0.84,1,1,0
USR7789,46,4,49270,69,53263,200000,1.0810432311751572,0.266315,19,9,0.01,1,0,0.52,1,0,0
USR8952,28,0,24650,299,1000,100000,0.04056795131845842,0.01,11,286,0.76,2,0,0.52,2,0,0
USR4530,32,0,9388,261,1000,100000,0.10651896037494674,0.01,5,241,0.92,2,0,0.54,1,0,0
USR1534,21,1,35101,347,1000,200000,0.028489216831429305,0.005,16,20,0.35,3,0,0.83,1,0,0
USR1792,19,0,20685,87,8304,100000,0.40145032632342276,0.08304,9,640,0.06,3,0,0.85,1,0,0
USR6991,41,2,33842,165,57860,300000,1.7097098280243483,0.19286666666666666,6,496,0.49,0,0,0.97,0,1,0
USR3306,43,5,48237,256,67545,300000,1.40027364885876,0.22515,0,250,0.71,0,0,0.62,0,1,0
USR6008,41,4,50491,245,21557,100000,0.4269473767602147,0.21557,3,242,0.94,0,0,0.75,1,1,0
USR7667,33,0,20216,143,8743,100000,0.4324792243767313,0.08743,6,414,0.36,3,0,0.08,1,0,0
USR3729,58,2,41934,338,55744,200000,1.3293270377259503,0.27872,2,441,0.92,0,1,0.32,0,0,0
USR5563,34,3,43945,302,49332,300000,1.1225850494936853,0.16444,3,448,0.66,1,0,0.06,1,0,0
USR6165,26,2,19610,194,17942,500000,0.9149413564507904,0.035884,8,651,0.69,3,1,0.86,2,0,0
USR7795,22,2,8567,304,10055,300000,1.1736897396988444,0.03351666666666667,16,406,0.11,0,1,0.37,2,0,0
USR1508,18,1,38738,332,77595,500000,2.003071919045898,0.15519,16,107,0.76,0,0,0.15,2,0,0
USR7381,32,3,51435,216,61656,300000,1.1987168270632838,0.20552,10,196,0.54,1,0,0.46,0,0,0
USR8518,51,1,24351,82,29267,100000,1.2018808262494354,0.29267,0,533,1.0,2,0,0.67,0,1,0
USR5818,38,1,13137,314,16195,100000,1.2327776509096444,0.16195,0,61,0.37,1,1,0.73,1,0,0
USR2587,37,3,35253,189,31546,100000,0.8948458287237966,0.31546,0,74,0.55,0,0,0.46,0,0,0
USR3959,20,5,21667,99,41061,100000,1.8950939216319749,0.41061,1,567,0.85,0,0,0.46,1,0,0
USR5591,50,5,45770,174,37507,100000,0.8194668997159712,0.37507,6,666,0.22,0,0,0.46,0,1,0
USR3429,46,2,24275,29,10211,500000,0.4206385169927909,0.020422,3,412,0.9,3,0,0.23,2,1,0
USR3179,68,2,59452,242,1000,200000,0.016820292000269126,0.005,5,674,0.86,0,1,0.05,0,0,0
USR2422,49,4,16360,170,1000,100000,0.061124694376528114,0.01,9,82,0.96,0,1,0.24,0,1,0
USR9721,36,6,23535,247,24430,300000,1.0380284682387932,0.08143333333333333,13,617,0.87,0,0,0.63,0,0,0
USR5687,41,1,10723,133,17497,200000,1.6317261960272311,0.087485,14,578,0.46,3,0,0.14,0,1,0
USR9134,55,1,33833,323,53140,200000,1.5706558685307244,0.2657,4,604,0.05,1,0,0.48,0,0,0
USR4146,55,1,16659,212,9190,300000,0.5516537607299358,0.030633333333333332,10,514,0.16,1,1,0.24,0,0,0
USR1441,26,4,28083,190,16072,300000,0.5723035288252679,0.053573333333333334,13,283,0.14,3,0,0.33,2,1,0
USR5444,27,3,32543,43,25582,500000,0.7860983928955536,0.051164,8,430,0.93,1,0,0.53,2,0,0
USR9093,55,2,14585,112,12450,500000,0.8536167295166267,0.0249,7,656,0.73,1,0,0.09,0,0,0
USR9519,56,3,14903,292,9362,500000,0.6281956653022881,0.018724,16,655,0.96,0,1,0.73,1,0,0
USR7164,57,0,15247,237,11631,200000,0.7628385911982685,0.058155,2,206,0.1,0,0,0.85,0,0,0
USR2996,25,2,24564,232,37022,100000,1.507164956847419,0.37022,12,509,0.52,0,0,0.66,0,0,0
USR4665,48,1,57269,278,1000,200000,0.017461453840646773,0.005,4,641,0.83,0,0,0.49,0,0,0
USR4335,30,1,22670,330,27839,200000,1.2280105866784297,0.139195,8,519,0.21,0,1,0.71,1,0,0
USR8546,31,1,50588,48,83131,300000,1.643294852534198,0.2771033333333333,9,521,0.76,0,0,0.6,2,0,0
USR1324,47,3,15225,79,15990,500000,1.0502463054187192,0.03198,3,229,0.33,3,0,0.57,0,1,0
USR7366,31,1,13301,222,22581,500000,1.6976919028644464,0.045162,4,119,0.22,0,0,0.51,0,0,0
USR9117,24,4,45285,317,37673,300000,0.8319090206470133,0.12557666666666667,10,314,0.97,2,0,0.77,1,0,0
USR8724,48,1,19822,158,1000,500000,0.05044899606497831,0.002,2,221,0.55,0,0,0.71,1,0,0
USR5015,26,3,13556,299,19954,200000,1.4719681321923872,0.09977,0,291,0.45,1,0,0.68,0,0,0
USR1629,27,3,25379,215,45069,300000,1.7758382915008473,0.15023,4,106,0.7,2,1,0.97,0,0,0
USR4320,43,1,46362,239,34216,200000,0.7380182045640826,0.17108,3,229,0.35,3,1,0.34,1,1,0
USR5833,42,4,8201,36,7573,500000,0.9234239726862578,0.015146,4,399,0.5,1,0,0.85,2,0,0
USR4286,19,5,19287,241,33501,300000,1.7369730906828433,0.11167,10,175,0.47,2,0,0.75,0,0,0
USR4038,56,3,24522,178,52493,300000,2.1406492129516352,0.17497666666666667,1,479,0.47,1,0,0.12,2,0,0
USR7811,22,0,19833,139,11151,500000,0.5622447436091362,0.022302,2,609,0.77,0,1,0.22,2,0,0
USR2331,19,1,27706,169,30785,500000,1.1111311629249983,0.06157,12,460,0.74,3,0,0.03,2,1,0
USR2245,50,1,48093,44,63869,200000,1.3280311063980206,0.319345,15,677,0.34,1,0,0.7,0,0,0
USR6726,40,5,42964,257,38159,500000,0.8881621822921516,0.076318,16,92,0.87,0,0,0.09,1,0,0
USR9388,42,1,47296,172,54823,200000,1.159146650879567,0.274115,2,631,0.89,0,0,0.65,0,0,0
USR3168,25,1,56746,99,45196,100000,0.796461424593804,0.45196,2,152,0.88,2,0,0.09,2,0,0
USR1219,36,1,58843,319,119763,100000,2.0352973165882093,1.19763,11,686,0.89,1,0,0.87,0,1,1
USR4369,62,4,33727,33,40192,500000,1.191686186141667,0.080384,13,565,0.73,1,0,0.37,0,0,0
USR3475,53,1,48915,37,48510,300000,0.9917203311867525,0.1617,0,263,0.09,3,0,0.26,2,0,0
USR2870,37,0,52611,234,52773,200000,1.0030792039687517,0.263865,10,387,0.46,1,0,0.17,0,0,0
USR8986,54,2,26936,337,32218,500000,1.196094446094446,0.064436,12,287,0.89,1,0,0.54,2,1,0
USR8763,56,2,46472,32,70983,300000,1.5274358753658117,0.23661,1,630,0.02,1,0,0.15,2,1,0
USR1597,64,2,38622,356,83998,100000,2.1748744239034745,0.83998,12,354,0.87,1,0,0.78,1,0,1
USR2727,68,4,5809,13,1000,300000,0.17214666896195557,0.0033333333333333335,1,418,0.78,1,0,0.16,1,0,0
USR1801,61,2,50267,192,47584,100000,0.9466250223804882,0.47584,2,265,0.97,0,0,0.73,1,1,0
USR4132,53,2,14514,49,13345,100000,0.9194570759266915,0.13345,0,469,0.02,0,0,0.35,0,0,0
USR6997,61,1,31188,124,63951,100000,2.0505001923816852,0.63951,3,320,0.33,0,0,0.84,1,0,0
USR8505,52,4,59345,153,151748,200000,2.557047771505603,0.75874,9,46,0.37,0,0,0.67,0,1,0
USR4083,69,4,57689,185,56377,100000,0.9772573627554646,0.56377,12,14,0.01,0,0,0.44,0,1,0
USR6133,30,3,8321,39,3437,100000,0.41305131594760247,0.03437,9,72,0.74,0,1,0.69,1,0,0
USR4483,44,2,28814,307,32377,100000,1.123655167626848,0.32377,5,382,0.46,0,0,0.07,2,1,0
USR2110,50,1,37780,239,67185,300000,1.7783218634197988,0.22395,0,210,0.49,1,1,0.03,0,0,0
USR8297,48,3,30899,245,49377,300000,1.59801288067575,0.16459,0,607,0.9,1,0,0.76,0,0,0
USR7975,55,3,49515,283,68200,300000,1.3773603958396445,0.22733333333333333,4,126,0.44,0,0,0.99,1,0,0
USR1827,32,0,50347,52,19708,500000,0.39144338292251774,0.039416,9,668,0.24,0,0,0.46,2,0,0
USR7182,35,1,42141,111,13939,300000,0.3307705085308844,0.046463333333333336,6,51,0.52,1,1,0.05,2,1,0
USR9348,37,5,32982,365,36635,100000,1.1107573828148687,0.36635,5,130,0.48,3,1,0.5,1,0,0
USR9884,52,2,56096,244,28794,500000,0.5132986309184255,0.057588,0,391,0.92,2,0,0.5,2,0,0
USR8033,57,2,15687,346,12826,500000,0.8176196850895646,0.025652,1,217,0.66,1,0,0.65,2,1,0
USR1586,47,1,39828,347,38483,500000,0.9662297880887818,0.076966,2,370,0.09,2,0,0.02,2,0,0
USR3376,40,7,14456,108,15422,100000,1.0668234643054786,0.15422,4,201,0.44,0,1,0.73,2,1,0
USR7584,41,1,24887,271,46449,200000,1.8663961104190943,0.232245,16,247,0.28,0,0,0.99,2,0,0
USR3521,18,0,37794,340,27975,300000,0.7401968566439118,0.09325,5,225,0.12,1,1,0.1,0,0,0
USR2261,36,4,49156,263,144798,300000,2.9456831312555942,0.48266,19,551,0.26,1,0,0.66,2,0,0
USR2239,26,4,37691,56,50288,500000,1.334217717757555,0.100576,19,543,0.93,1,1,0.03,0,0,0
USR7173,70,2,23847,322,29012,100000,1.2165890887742692,0.29012,15,612,0.98,3,0,0.95,2,0,0
USR3311,19,2,55692,157,54841,300000,0.984719528837176,0.18280333333333335,11,129,1.0,0,0,0.67,0,0,0
USR3152,62,0,56113,171,65140,100000,1.1608718122360238,0.6514,0,526,0.51,3,0,0.03,2,1,0
USR7301,59,3,16043,129,1000,300000,0.06233248145608677,0.0033333333333333335,0,488,0.47,1,1,0.43,0,0,0
USR3528,51,2,12404,233,19108,200000,1.5404708158658498,0.09554,16,207,0.17,2,0,0.99,2,0,0
USR1044,49,3,7673,16,5599,100000,0.7297015508927408,0.05599,10,100,0.17,1,0,0.07,0,0,0
USR9251,66,2,47124,162,71114,200000,1.5090824208471267,0.35557,3,590,0.61,1,0,0.11,2,0,0
USR6880,18,2,8695,357,8726,500000,1.0035652673950546,0.017452,12,27,0.35,0,1,0.97,2,0,0
USR2911,42,1,57454,220,57913,300000,1.0079889998955687,0.19304333333333334,24,642,0.38,2,1,0.54,1,0,0
USR8288,20,2,59004,294,59045,100000,1.0006948681445327,0.59045,19,698,0.05,0,1,0.08,2,0,0
USR2564,39,6,6862,133,9677,200000,1.4102302535703877,0.048385,4,421,0.38,0,1,0.63,0,1,0
USR5920,35,2,38135,33,21463,100000,0.5628163104759407,0.21463,5,442,0.55,0,0,0.94,1,1,0
USR5980,66,2,33854,76,21653,300000,0.6395994564896319,0.07217666666666667,1,16,0.89,3,1,0.17,0,0,0
USR1403,33,3,30072,57,47086,300000,1.5657754722000532,0.15695333333333333,9,476,0.18,1,0,0.61,1,0,0
USR1628,46,0,19060,23,26696,500000,1.400629590766002,0.053392,4,676,0.46,1,0,0.55,2,0,0
USR1514,47,0,37998,209,29477,300000,0.7757513553344912,0.09825666666666667,1,52,0.82,1,0,0.64,1,0,0
USR9905,67,1,38571,48,33536,500000,0.8694615125353244,0.067072,8,537,0.46,3,0,0.18,0,0,0
USR7382,46,2,53991,7,40475,100000,0.7496619807004871,0.40475,10,585,0.9,1,1,0.38,0,0,0
USR4665,31,4,34572,254,46524,100000,1.3457132939951406,0.46524,2,281,0.71,0,0,0.99,0,0,0
USR7101,69,2,29486,294,12277,200000,0.41636708946618733,0.061385,3,662,0.96,0,1,0.46,0,0,0
USR6356,59,2,5125,268,4859,300000,0.9480975609756097,0.016196666666666668,1,606,0.76,3,0,0.95,0,0,0
USR5755,62,3,32039,157,22845,500000,0.7130372358687849,0.04569,20,547,0.81,0,0,0.53,0,1,0
USR7045,38,1,49341,285,18014,100000,0.3650919113921485,0.18014,9,612,0.21,3,1,0.99,0,0,0
USR1922,28,3,11226,225,21014,300000,1.8719045073935507,0.07004666666666666,10,457,0.71,3,0,0.87,1,0,1
USR4798,59,1,27166,59,71451,300000,2.630162703379224,0.23817,9,304,0.14,0,1,0.91,2,0,0
USR1038,39,2,50625,37,54850,300000,1.0834567901234569,0.18283333333333332,9,87,0.51,1,0,0.73,0,0,0
USR5307,21,3,37571,13,11331,200000,0.3015889915094089,0.056655,5,171,0.36,1,0,0.86,1,0,0
USR8141,29,0,23050,110,19549,200000,0.848112798264642,0.097745,1,298,1.0,1,0,0.17,0,0,0
USR8708,47,1,9115,150,2411,100000,0.26450905101481076,0.02411,1,276,0.1,0,0,0.23,2,0,0
USR8498,70,2,13338,330,8983,500000,0.6734892787524367,0.017966,5,136,0.45,3,1,0.92,2,1,0
USR2661,67,1,51366,63,70997,100000,1.3821788731845968,0.70997,3,175,0.16,0,1,0.18,1,1,0
USR6342,46,2,59955,318,77577,500000,1.2939204403302478,0.155154,3,111,0.73,2,0,0.74,2,0,0
USR3885,26,4,9022,44,14270,200000,1.5816892041675903,0.07135,8,261,0.26,3,0,0.69,0,0,0
USR3137,69,2,22798,256,27782,100000,1.2186156680410563,0.27782,19,482,0.31,0,0,0.16,0,1,0
USR2168,29,4,44258,121,54816,100000,1.2385557413349,0.54816,17,268,0.03,1,0,0.83,0,0,0
USR4687,18,1,12711,325,16851,200000,1.3257021477460467,0.084255,5,690,0.4,1,0,0.03,1,1,0
USR3338,49,2,22822,167,21664,300000,0.9492594864604329,0.07221333333333334,11,159,0.06,0,0,0.28,0,0,0
USR4061,31,2,28184,3,28356,500000,1.0061027533352256,0.056712,9,505,0.64,0,1,0.58,0,0,0
USR7946,59,5,12694,55,13654,300000,1.075626280132346,0.045513333333333336,3,74,0.29,3,1,0.21,0,0,0
USR9529,27,3,49310,289,59886,300000,1.2144798215372135,0.19962,8,297,0.74,0,0,0.9,1,0,0
USR8299,28,1,12670,312,17699,200000,1.3969218626677191,0.088495,7,241,0.88,0,0,0.12,2,0,0
USR6032,44,1,30247,186,28540,200000,0.9435646510397725,0.1427,5,380,0.74,2,0,0.33,0,0,0
USR8611,41,4,7160,133,8772,100000,1.2251396648044692,0.08772,2,94,0.56,0,0,0.83,0,1,0
USR7003,25,0,58649,57,73030,100000,1.2452045218162286,0.7303,17,680,0.42,3,0,0.45,1,0,0
USR7438,33,2,13553,256,15907,100000,1.1736884822548512,0.15907,16,457,0.03,0,1,0.09,2,0,0
USR1533,50,3,18369,219,37102,300000,2.019815994338287,0.12367333333333333,10,603,0.78,0,0,0.27,0,0,0
USR6694,65,1,7057,243,5367,200000,0.7605214680459118,0.026835,10,452,0.17,3,0,0.02,1,0,0
USR6801,56,0,46530,29,1000,300000,0.02149151085321298,0.0033333333333333335,14,611,0.28,2,0,0.9,1,0,0
USR7898,44,1,38803,282,13380,200000,0.34481869958508365,0.0669,6,309,0.14,0,0,0.77,2,0,0
USR7308,33,4,10922,248,6851,100000,0.6272660684856254,0.06851,9,30,0.46,0,0,0.77,2,0,0
USR5733,55,1,30049,107,18572,200000,0.6180571732836367,0.09286,3,560,0.93,0,1,0.5,1,0,0
USR4601,21,2,34870,342,35704,300000,1.023917407513622,0.11901333333333333,12,448,0.19,0,0,0.27,1,0,0
USR1003,21,2,22405,270,40449,500000,1.8053559473331846,0.080898,2,41,0.57,0,1,0.98,0,0,0
USR8521,33,1,32535,113,57070,100000,1.7541109574304594,0.5707,3,181,0.62,1,0,0.5,2,0,0
USR4599,59,4,18348,240,14040,200000,0.7652060170045781,0.0702,1,244,0.32,3,0,0.07,1,0,0
USR3692,18,1,6375,319,3693,200000,0.5792941176470588,0.018465,13,171,0.64,0,0,0.67,1,1,0
USR9208,22,2,53612,141,1725,500000,0.03217563232112214,0.00345,6,132,0.93,0,0,0.98,1,1,0
USR5000,25,2,53855,130,66767,100000,1.2397548974097112,0.66767,10,151,0.15,0,0,0.61,1,1,0
USR4278,22,3,41389,154,45636,200000,1.1026118050689797,0.22818,7,444,0.97,3,0,0.72,0,1,0
USR9294,49,3,12430,128,3479,300000,0.27988736926790025,0.011596666666666667,9,403,0.94,0,1,0.41,1,0,0
USR4905,37,0,42043,213,17201,300000,0.4091287491377875,0.05733666666666667,11,336,0.05,0,0,0.62,1,0,0
USR3965,56,4,18811,225,28334,500000,1.5062463452235395,0.056668,3,595,0.05,1,0,0.51,0,0,0
USR4811,70,2,55034,360,50625,500000,0.9198858887233347,0.10125,1,79,0.56,3,0,0.0,1,1,0
USR4468,19,0,56929,133,72290,200000,1.2698273287779516,0.36145,3,140,0.42,2,1,0.89,1,0,0
USR3607,39,2,21956,182,27214,300000,1.2394789579158316,0.09071333333333334,13,187,0.04,2,1,0.44,0,0,0
USR9313,28,5,34295,208,22891,100000,0.6674733926228313,0.22891,2,13,0.89,0,0,0.37,1,0,0
USR6898,47,1,21439,284,17205,500000,0.8025094454032371,0.03441,9,327,0.72,0,0,0.29,0,1,0
USR2365,22,2,20369,40,18256,100000,0.8962639304825961,0.18256,3,470,0.89,1,0,0.33,2,0,0
USR3634,29,2,38806,304,57816,300000,1.489872700097923,0.19272,12,31,0.16,0,0,0.16,0,0,0
USR7014,60,0,57584,357,61235,100000,1.0634030286190608,0.61235,5,551,0.43,0,1,0.73,0,0,0
USR5880,54,2,11444,50,11988,200000,1.047535826634044,0.05994,22,574,0.25,3,0,0.67,0,1,0
USR7906,64,2,39626,15,38564,300000,0.9731994145258164,0.12854666666666667,4,444,0.75,1,0,0.17,1,0,0
USR2739,39,3,42063,222,77340,500000,1.8386705655802011,0.15468,4,495,0.29,1,0,0.51,0,0,0
USR7301,19,2,39393,162,64999,100000,1.6500139618713985,0.64999,16,301,0.42,0,0,0.1,0,0,0
USR3968,43,3,51814,84,39813,200000,0.7683830624927626,0.199065,12,465,0.31,0,0,0.1,1,0,0
USR7333,24,4,23407,347,47941,500000,2.048147989917546,0.095882,1,487,0.43,1,0,0.39,0,0,0
USR5005,37,3,13418,189,17143,100000,1.2776121627664332,0.17143,5,400,0.08,2,0,0.0,0,0,0
USR2050,51,3,28115,270,10966,300000,0.3900409034323315,0.036553333333333334,0,139,0.65,1,0,0.14,0,1,0
USR4750,28,1,59068,342,71764,100000,1.2149387147016997,0.71764,21,39,0.02,2,1,0.95,0,0,0
USR5616,69,3,16631,311,27004,100000,1.6237147495640671,0.27004,2,513,0.63,2,0,0.98,1,0,0
USR9468,33,4,7808,74,14171,300000,1.8149334016393444,0.04723666666666667,14,585,0.26,0,0,0.6,1,0,0
USR9168,58,2,51939,330,1000,500000,0.01925335489709082,0.002,12,191,0.18,0,0,0.6,0,0,0
USR5198,55,4,55654,343,8538,200000,0.15341215366370792,0.04269,12,191,0.5,0,0,0.66,1,0,0
USR5219,54,2,49495,214,1000,200000,0.02020406101626427,0.005,2,206,0.7,3,0,0.13,0,0,0
USR2206,57,0,29717,195,55047,500000,1.8523740619847227,0.110094,4,298,0.73,0,0,0.17,1,0,0
USR5143,41,2,38572,230,83118,200000,2.1548791869750077,0.41559,8,107,0.71,0,0,0.38,2,0,0
USR3932,49,2,28838,96,34588,100000,1.1993896941535473,0.34588,11,592,0.9,0,0,0.71,2,0,0
USR1947,33,3,16631,127,18373,100000,1.1047441524863206,0.18373,0,143,0.59,0,0,0.49,1,0,0
USR3718,67,1,38469,294,64838,500000,1.685461020562011,0.129676,1,189,0.98,1,0,0.9,0,0,0
USR2746,64,1,26375,68,26330,300000,0.9982938388625593,0.08776666666666667,4,262,0.26,0,0,0.06,2,1,0
USR3751,65,2,54869,64,1000,200000,0.018225227359711313,0.005,9,50,0.52,3,0,0.32,1,0,0
USR5766,53,1,21029,219,48064,300000,2.2856055922773315,0.16021333333333335,17,418,0.43,1,0,0.07,0,0,0
USR5153,32,2,27713,30,29172,100000,1.0526467722729405,0.29172,3,148,0.6,0,0,0.63,0,0,0
USR3349,49,3,20316,187,51119,200000,2.516194132703288,0.255595,3,92,0.25,1,0,0.77,0,0,0
USR7824,31,1,7904,264,8913,200000,1.127656882591093,0.044565,2,675,0.44,1,1,0.25,0,0,0
USR9236,38,1,8646,47,7628,500000,0.8822576914179968,0.015256,10,28,0.81,1,0,0.5,0,0,0
USR6261,60,3,48315,125,62950,100000,1.30290799958605,0.6295,7,66,0.19,1,0,0.53,2,0,0
USR3331,22,3,19730,240,9047,500000,0.45854029396857576,0.018094,2,396,0.51,2,0,0.39,1,0,0
USR6688,45,3,19176,227,11477,500000,0.5985085523571131,0.022954,11,601,0.22,1,1,0.59,0,0,0
USR3101,37,3,42113,220,1000,100000,0.023745636739249162,0.01,7,201,0.8,0,0,0.01,0,0,0
USR8685,20,5,57164,259,82760,500000,1.4477643271989364,0.16552,13,329,0.36,0,0,0.55,0,0,0
USR1914,62,3,55840,69,17343,300000,0.31058381088825215,0.05781,9,661,0.21,0,0,0.01,2,0,0
USR3634,53,4,56169,44,30211,100000,0.5378589613487867,0.30211,10,414,0.6,3,0,0.53,2,0,0
USR3428,22,4,20117,136,17409,300000,0.8653874832231446,0.05803,4,649,0.5,0,0,0.27,1,0,0
USR2061,23,2,59470,270,1000,100000,0.016815200941651252,0.01,0,326,0.71,0,1,0.87,0,0,0
USR6010,35,2,25242,126,19800,100000,0.7844069408129308,0.198,4,151,0.27,3,0,0.09,0,0,0
USR6608,63,2,18763,195,4980,100000,0.26541597825507646,0.0498,4,573,0.58,0,0,0.73,0,0,0
USR5130,31,0,29231,235,45714,200000,1.5638876535185249,0.22857,7,468,0.4,0,1,0.82,0,0,0
USR5373,60,3,54130,3,33197,100000,0.6132828376131535,0.33197,12,643,0.72,0,0,0.81,0,0,0
USR6176,34,1,19099,265,15970,300000,0.836169432954605,0.053233333333333334,4,456,0.38,3,1,0.69,0,0,0
USR1208,63,2,38158,239,40934,500000,1.0727501441375333,0.081868,10,38,0.61,3,0,0.13,2,0,0
USR9264,52,5,16801,167,1000,100000,0.059520266650794594,0.01,9,319,0.13,1,0,0.92,0,0,0
USR6060,65,1,37194,274,61204,200000,1.6455342259504222,0.30602,7,120,0.76,2,0,0.87,0,0,0
USR5489,59,0,32948,5,30052,300000,0.9121039213305815,0.10017333333333334,3,572,0.15,1,0,0.53,0,0,0
USR5321,60,3,55509,307,101763,200000,1.833270280495055,0.508815,3,481,0.24,0,1,0.95,0,1,1
USR6826,30,2,20926,348,13139,300000,0.6278791933479881,0.043796666666666664,6,314,1.0,0,1,0.74,1,0,0
USR6999,18,2,44768,17,54224,200000,1.2112223016440316,0.27112,0,321,0.23,3,0,0.41,0,0,0
USR4188,24,0,59157,192,65849,500000,1.1131227073719085,0.131698,7,146,0.28,0,0,0.19,0,0,0
USR8838,34,0,24416,232,6754,300000,0.2766218872870249,0.022513333333333333,3,296,0.33,1,0,0.67,0,0,0
USR8262,47,2,41008,2,58732,300000,1.432208349590324,0.19577333333333333,3,408,0.51,2,0,0.3,0,0,0
USR3351,70,1,10736,293,12839,500000,1.1958830104321907,0.025678,16,419,0.24,1,0,0.89,0,0,0
USR2592,25,0,34495,167,34807,200000,1.0090447890998695,0.174035,1,184,0.85,2,0,0.3,1,0,0
USR5633,54,2,22414,319,1000,100000,0.0446149727848666,0.01,19,528,0.74,1,0,0.97,1,0,0
USR3323,24,1,45499,57,27665,200000,0.6080353414360755,0.138325,10,275,0.71,1,0,0.08,2,1,0
USR8117,62,1,33749,181,1000,200000,0.029630507570594683,0.005,1,436,0.64,0,0,0.42,0,0,0
USR3165,63,2,28071,24,24864,500000,0.8857539809768088,0.049728,2,434,0.69,0,0,0.03,0,0,0
USR3355,41,1,14530,352,20902,200000,1.438540949759119,0.10451,6,6,0.97,3,0,0.79,0,0,0
USR8018,42,2,19876,22,19937,200000,1.0030690279734353,0.099685,0,394,0.5,3,0,0.71,0,0,0
USR4393,36,4,35894,178,48679,200000,1.3561876636763806,0.243395,15,288,0.5,3,0,0.6,1,0,0
USR2606,33,6,58639,184,125652,200000,2.142805982366684,0.62826,5,385,0.57,1,0,0.59,2,0,0
USR4374,66,2,18354,32,1000,500000,0.054484036177400025,0.002,5,700,0.91,0,1,0.13,2,0,0
USR5334,53,3,58168,311,91582,500000,1.5744395543941687,0.183164,3,527,0.31,1,0,0.05,2,0,0
USR2177,23,2,25792,101,32367,100000,1.2549240074441688,0.32367,6,60,0.98,0,1,0.6,0,0,0
USR3770,68,5,47577,93,76899,200000,1.6163061983731635,0.384495,5,375,0.08,3,0,0.06,0,1,0
USR2395,34,2,41746,112,40806,500000,0.9774828726105496,0.081612,7,67,0.7,0,0,0.71,2,0,0
USR3127,52,4,7260,255,5758,100000,0.7931129476584022,0.05758,7,596,0.81,3,0,0.46,0,0,0
USR2735,29,2,20902,170,16569,100000,0.7926992632283992,0.16569,2,602,0.13,0,0,0.87,0,0,0
USR9155,37,0,56870,313,60228,500000,1.0590469491823458,0.120456,13,141,0.44,1,0,0.42,0,0,0
USR9299,30,3,47281,135,67919,100000,1.4364966900023266,0.67919,1,251,0.04,0,0,0.05,2,0,0
USR9603,54,3,31490,69,39127,100000,1.2425214353763099,0.39127,10,82,0.24,2,0,0.98,1,0,0
USR6197,21,5,17952,127,25115,500000,1.3990084670231728,0.05023,14,105,0.6,0,0,0.19,0,1,0
USR6742,55,1,26606,151,1000,200000,0.03758550702848981,0.005,6,572,0.78,2,0,0.28,2,0,0
USR4444,65,1,45211,286,54169,500000,1.198137621375329,0.108338,13,175,0.82,0,0,0.65,0,0,0
USR7199,21,1,59293,95,43975,200000,0.7416558447034219,0.219875,9,54,0.39,0,0,0.24,0,0,0
USR4576,70,3,29959,99,20835,300000,0.6954504489468941,0.06945,12,385,0.29,0,0,0.79,0,0,0
USR6945,59,3,32207,331,12005,300000,0.3727450554227342,0.040016666666666666,6,195,0.0,3,0,0.92,2,0,0
USR8728,48,1,46843,157,27485,200000,0.5867472194351344,0.137425,9,531,0.62,1,0,0.07,2,0,0
USR7979,59,5,9190,69,14134,100000,1.5379760609357997,0.14134,8,130,0.59,3,1,0.33,0,0,0
USR7087,25,1,52510,240,90551,100000,1.7244524852409064,0.90551,3,303,0.59,1,0,1.0,2,1,0
USR2401,25,2,33114,324,55532,100000,1.6769946246300658,0.55532,19,38,0.47,0,0,0.28,2,0,0
USR2023,33,5,30236,127,51831,200000,1.7142148432332318,0.259155,3,287,0.77,1,0,0.81,0,0,0
USR3318,30,3,36614,200,1000,200000,0.02731195717485115,0.005,1,561,0.27,3,0,0.02,0,0,0
USR6392,30,5,43718,346,48840,100000,1.1171599798709912,0.4884,5,580,0.83,1,0,0.32,2,1,0
USR8257,21,1,26307,102,20570,300000,0.7819211616679971,0.06856666666666666,1,154,0.89,0,0,0.75,1,0,0
USR9649,35,1,45197,272,45681,300000,1.0107086753545589,0.15227,25,77,0.38,1,0,0.9,1,0,0
USR2456,28,1,25639,16,4772,200000,0.1861227036935918,0.02386,1,96,0.33,0,0,0.44,2,0,0
USR5047,47,4,26716,312,34323,200000,1.2847357388830662,0.171615,6,280,0.98,0,0,0.28,0,0,0
USR8850,60,1,24399,131,26847,100000,1.100331980818886,0.26847,0,683,0.18,3,0,0.15,0,0,0
USR9281,36,0,5893,348,2680,300000,0.45477685389445105,0.008933333333333333,4,478,0.27,0,0,0.6,2,0,0
USR9674,33,4,18164,330,15871,200000,0.8737612860603391,0.079355,4,306,0.94,0,0,0.78,0,0,0
USR3894,70,0,19890,45,18241,100000,0.917094017094017,0.18241,6,401,0.38,1,0,0.11,1,0,0
USR2978,67,3,54503,140,114127,300000,2.0939581307450967,0.38042333333333334,11,555,0.06,3,0,0.47,0,0,0
USR3933,51,2,51319,88,91944,200000,1.7916171398507375,0.45972,5,649,0.23,0,0,0.92,0,0,0
USR5847,60,2,29831,79,17868,300000,0.5989742214474875,0.05956,18,398,0.07,0,0,0.23,1,0,0
USR9981,56,2,51095,160,63066,200000,1.2342890693805657,0.31533,14,641,0.74,0,1,0.35,0,1,0
USR7897,26,3,21911,40,40334,300000,1.8408105517776459,0.13444666666666666,3,343,0.33,0,0,0.66,0,0,0
USR4522,59,2,18386,128,14453,300000,0.7860872402915262,0.048176666666666666,1,351,0.46,0,1,0.42,0,0,0
USR5900,54,3,14995,164,15591,200000,1.0397465821940648,0.077955,12,507,0.51,1,0,0.04,1,1,0
USR4574,59,0,24467,333,5212,100000,0.21302162095884253,0.05212,15,656,0.39,1,0,0.57,1,0,0
USR1511,25,2,18859,288,1000,500000,0.053025080863248315,0.002,6,329,0.2,1,0,0.77,0,0,0
USR4942,50,2,36293,51,36935,500000,1.0176893615848785,0.07387,3,302,0.92,0,0,0.86,0,0,0
USR3048,65,5,36227,301,52524,100000,1.449857840836945,0.52524,3,388,0.66,0,0,0.3,2,0,0
USR4139,66,5,11489,296,3755,100000,0.32683436330402993,0.03755,5,492,0.38,0,0,0.12,0,1,0
USR6962,41,1,49353,110,75293,200000,1.5256012805705834,0.376465,20,128,0.84,3,0,0.29,0,0,0
USR8690,66,3,14070,75,24641,200000,1.7513148542999288,0.123205,5,571,0.32,0,0,0.34,1,0,0
USR3559,43,3,14387,312,19907,500000,1.383679710850073,0.039814,11,374,0.13,3,0,0.66,0,0,0
USR4839,20,4,20777,280,1000,200000,0.048130143909130285,0.005,1,499,0.71,3,0,0.65,2,1,0
USR8201,50,1,28549,265,37276,200000,1.305684962695716,0.18638,2,38,0.99,3,0,0.65,0,0,0
USR8078,56,2,13507,149,4239,100000,0.3138372695639298,0.04239,9,634,1.0,0,0,0.53,0,0,0
USR6825,60,1,23462,269,23367,500000,0.9959508993265707,0.046734,11,580,0.25,1,0,0.58,0,0,0
USR4872,20,1,8745,358,7453,100000,0.8522584333905089,0.07453,0,530,0.46,0,1,0.63,0,0,0
USR7656,57,3,39512,108,19193,300000,0.48575116420328,0.06397666666666667,19,327,0.66,1,0,0.95,0,0,0
USR6979,70,1,17811,227,10798,100000,0.6062545617876594,0.10798,8,285,0.13,0,0,0.14,0,0,0
USR6795,19,0,39611,319,1000,100000,0.02524551261013355,0.01,11,570,0.91,3,0,0.44,2,0,0
USR6123,60,2,49547,228,25663,200000,0.5179526510182251,0.128315,10,380,0.01,0,0,0.6,0,0,0
USR3771,51,5,36980,288,46327,300000,1.2527582477014603,0.15442333333333333,0,161,0.4,0,0,0.51,2,1,0
USR4154,41,1,26016,3,41341,200000,1.5890605781057812,0.206705,3,84,0.52,0,0,0.54,0,1,0
USR5271,50,3,57956,203,77162,100000,1.3313893298364277,0.77162,7,203,0.41,0,0,0.23,2,0,0
USR9529,49,2,26465,125,12204,100000,0.4611373512185906,0.12204,18,234,0.7,0,0,0.02,0,0,0
USR8883,37,1,25557,167,17012,200000,0.6656493328637947,0.08506,15,266,0.94,0,1,0.84,0,1,0
USR8563,44,3,29761,174,9127,200000,0.30667652296629816,0.045635,14,297,0.5,0,1,0.88,2,1,0
USR9321,37,3,20783,241,29955,300000,1.441322234518597,0.09985,4,297,0.34,0,0,0.71,0,0,0
USR3415,58,0,29978,334,35781,100000,1.1935752885449329,0.35781,14,12,0.13,1,0,0.39,0,0,0
USR1870,63,3,9762,184,8718,300000,0.8930547019053473,0.02906,0,522,0.77,0,0,0.08,0,0,0
USR4984,19,0,44678,74,85440,300000,1.9123505976095618,0.2848,16,368,0.37,0,0,0.21,2,0,0
USR5262,66,2,59448,260,50866,200000,0.855638541246131,0.25433,4,451,0.14,1,0,0.18,0,1,0
USR8200,68,4,11713,178,10503,200000,0.8966959788269444,0.052515,0,613,0.59,2,1,0.29,0,0,0
USR9491,36,1,16289,102,9536,200000,0.5854257474369207,0.04768,5,261,0.24,0,0,0.24,2,0,0
USR8163,24,4,20674,294,1000,200000,0.04836993324949212,0.005,6,648,0.83,1,0,0.55,2,1,0
USR9316,46,5,36747,338,54301,300000,1.4776988597708656,0.18100333333333332,7,698,0.29,3,0,0.15,1,0,0
USR4541,62,2,57053,336,47438,300000,0.8314724904912976,0.15812666666666667,17,76,0.53,0,1,0.9,0,0,0
USR8207,41,2,23628,137,22156,200000,0.9377010326730997,0.11078,8,636,0.31,3,1,0.48,2,1,0
USR7310,29,1,26565,210,9181,300000,0.345605119518163,0.030603333333333333,23,349,0.53,1,0,0.54,2,0,0
USR2897,35,2,35427,361,1000,300000,0.02822705845823807,0.0033333333333333335,5,518,0.33,3,0,0.53,0,0,0
USR7169,35,1,43193,221,54007,500000,1.2503646424189105,0.108014,3,400,0.6,0,0,0.76,2,0,0
USR8805,57,4,25745,149,31006,200000,1.2043503592930667,0.15503,8,522,0.02,0,0,0.54,1,0,0
USR5940,47,2,35261,85,27153,100000,0.7700575706871614,0.27153,5,54,0.28,0,0,0.29,0,0,0
USR1164,57,3,34825,157,44683,200000,1.2830725053840633,0.223415,14,28,0.14,2,0,0.14,0,0,0
USR8118,40,0,45525,302,51728,200000,1.1362548050521692,0.25864,5,39,0.18,3,0,0.53,0,0,0
USR5324,40,0,34966,21,41398,500000,1.1839501229766058,0.082796,7,120,0.89,2,0,0.06,0,0,0
USR9360,44,1,24560,23,47448,200000,1.9319218241042346,0.23724,6,33,0.1,0,1,0.9,0,0,0
USR8552,40,1,36855,207,62048,300000,1.6835707502374169,0.20682666666666666,1,298,0.78,0,1,0.93,0,1,0
USR6478,18,3,26903,319,33564,300000,1.2475932052187488,0.11188,0,76,0.81,0,0,0.13,1,0,0
USR2923,61,2,25320,60,22173,200000,0.8757109004739336,0.110865,16,292,0.56,1,0,0.0,0,1,0
USR8517,64,1,33644,42,27140,200000,0.8066817263107835,0.1357,7,505,0.74,2,1,0.68,2,1,0
USR8922,52,1,23531,93,24021,100000,1.0208235944073776,0.24021,14,241,0.62,0,1,0.3,1,0,0
USR5707,53,5,17122,202,3948,200000,0.23058053965658218,0.01974,3,500,0.69,2,1,0.85,0,0,0
USR8525,36,1,35241,60,24809,200000,0.7039811583099231,0.124045,6,232,0.88,3,0,0.3,1,0,0
USR9282,60,5,10507,147,14721,200000,1.4010659560293137,0.073605,5,193,0.04,0,0,0.97,0,0,0
USR5120,68,3,42275,311,13856,100000,0.32775872264931993,0.13856,13,700,0.45,0,0,0.43,0,0,0
USR5452,36,2,20438,132,16789,300000,0.8214600254428026,0.05596333333333333,9,305,0.79,2,0,0.68,2,1,0
USR8879,20,1,46347,126,41297,500000,0.891039333721708,0.082594,6,691,0.32,0,1,0.93,1,0,0
USR4563,52,2,14896,98,11489,200000,0.771280880773362,0.057445,5,288,0.87,0,0,0.07,2,1,0
USR6221,66,2,5247,219,4490,500000,0.8557270821421765,0.00898,13,660,0.83,2,0,0.67,0,0,0
USR4464,66,2,12534,189,12686,100000,1.0121270145205041,0.12686,6,549,0.83,0,0,0.15,1,0,0
USR8193,48,6,21450,104,19214,500000,0.8957575757575758,0.038428,4,359,0.51,1,0,0.1,0,0,0
USR8331,57,0,36567,280,1000,200000,0.027347061558235568,0.005,9,340,0.44,1,0,0.96,1,0,0
USR6607,37,1,46453,11,25434,100000,0.547521150410092,0.25434,2,29,0.92,1,1,0.89,0,1,0
USR7040,18,1,26215,198,32884,100000,1.254396337974442,0.32884,7,384,0.91,2,0,0.66,1,0,0
USR3083,38,4,53098,188,59785,300000,1.1259369467776563,0.19928333333333334,0,568,0.82,0,0,0.75,0,0,0
USR6772,41,3,55769,322,63084,200000,1.1311660599974895,0.31542,6,456,0.49,1,0,0.84,0,0,0
USR8037,65,1,9953,328,12078,100000,1.2135034662915705,0.12078,24,273,0.97,2,0,0.7,2,0,0
USR9269,27,2,20139,202,30251,200000,1.5021103331843686,0.151255,4,619,0.97,0,0,0.91,0,0,0
USR3563,63,2,45274,274,15973,300000,0.35280735079736714,0.05324333333333333,12,261,0.91,1,0,0.29,2,0,0
USR2694,29,1,18490,18,37732,100000,2.040670632774473,0.37732,10,133,0.42,0,0,0.07,2,0,0
USR3279,65,1,57232,252,63650,500000,1.1121400615040538,0.1273,16,489,0.67,0,1,0.49,1,0,0
USR3721,66,1,53993,58,1000,500000,0.018520919378437944,0.002,8,147,0.12,0,0,0.39,0,0,0
USR9536,63,3,18833,362,35499,300000,1.8849360165666649,0.11833,5,454,0.07,1,0,0.19,0,0,0
USR4119,35,2,42159,31,62730,100000,1.487938518465808,0.6273,7,539,0.26,0,0,0.76,2,0,0
USR1730,40,1,14787,354,22999,300000,1.555352674646649,0.07666333333333333,5,236,0.69,1,0,0.12,2,0,0
USR8099,49,3,49258,200,40721,300000,0.826688050671972,0.13573666666666667,0,40,0.84,3,1,0.13,0,0,0
USR4623,31,4,53526,3,54720,100000,1.0223069162649927,0.5472,5,418,0.2,0,0,0.76,1,1,0
USR9230,66,2,38447,49,6462,200000,0.1680755325513044,0.03231,3,469,0.15,3,0,0.86,2,1,0
USR8225,63,1,5533,357,1000,300000,0.1807337791433219,0.0033333333333333335,7,206,0.56,1,1,0.47,0,0,0
USR5642,42,5,29039,91,15837,300000,0.5453700196287751,0.05279,18,31,0.97,1,1,0.28,2,0,0
USR3014,35,2,42815,34,62030,200000,1.4487913114562654,0.31015,3,663,0.06,0,0,0.44,0,1,0
USR5766,48,4,29610,275,32394,500000,1.0940222897669707,0.064788,12,354,0.07,2,0,0.58,1,0,0
USR7820,42,1,39058,242,91352,100000,2.3388806390496186,0.91352,3,424,0.69,0,0,0.06,1,1,0
USR1530,41,2,41508,128,94550,200000,2.277874144743182,0.47275,7,519,0.58,1,0,0.24,1,0,0
USR1425,28,2,13025,306,11076,500000,0.8503646833013435,0.022152,3,240,0.8,0,1,0.28,1,0,0
USR4550,62,2,50822,44,39744,500000,0.7820235331155798,0.079488,4,626,0.49,0,1,0.28,1,0,0
USR5520,27,1,27203,247,26635,200000,0.9791199500055141,0.133175,3,385,0.65,1,0,0.7,0,0,0
USR1639,70,2,19807,45,15250,100000,0.7699298227899227,0.1525,2,444,0.51,3,0,0.45,1,0,0
USR6049,68,1,49378,172,76932,500000,1.5580217910810483,0.153864,2,530,0.93,0,0,0.69,1,0,0
USR4849,52,2,37577,36,28382,500000,0.7553024456449424,0.056764,5,293,0.59,1,1,0.22,1,1,0
USR5800,32,2,54217,347,6358,200000,0.11726949111902171,0.03179,4,270,0.87,0,0,0.59,0,0,0
USR9427,29,2,15795,9,22385,500000,1.4172206394428617,0.04477,4,161,0.3,0,0,0.87,1,0,0
USR9281,46,4,15872,124,6219,200000,0.39182207661290325,0.031095,2,60,0.16,1,0,0.51,1,1,0
USR8549,42,0,52905,257,64910,500000,1.2269161704942821,0.12982,10,506,0.27,0,0,0.97,1,0,0
USR5542,35,3,41424,98,61578,100000,1.486529548088065,0.61578,13,387,0.09,3,0,0.02,2,0,0
USR8043,26,3,25456,142,23972,200000,0.9417033312382149,0.11986,1,179,0.76,1,0,0.87,1,0,0
USR7193,45,0,13601,279,27248,200000,2.00338210425704,0.13624,11,158,0.81,1,0,0.61,0,0,0
USR7964,45,0,49072,137,116249,200000,2.3689476687316597,0.581245,5,602,0.45,0,0,0.25,1,0,0
USR7119,69,1,56975,87,54752,100000,0.9609828872312418,0.54752,10,640,0.13,0,0,0.11,0,0,0
USR1637,40,2,39902,250,50279,200000,1.260062152273069,0.251395,8,666,0.82,0,1,0.47,0,0,0
USR2677,38,1,18635,165,31411,100000,1.6855916286557553,0.31411,3,256,0.39,3,0,0.01,0,0,0
USR6306,68,4,55075,278,83573,200000,1.5174398547435315,0.417865,8,334,0.59,0,0,0.51,1,0,0
USR3824,30,2,56528,200,70451,200000,1.2463027172374752,0.352255,6,412,0.12,1,0,0.37,2,1,0
USR5446,29,4,10930,163,4537,500000,0.415096065873742,0.009074,7,417,0.7,0,0,0.7,2,0,0
USR9961,48,1,10588,132,10381,100000,0.980449565545901,0.10381,0,382,0.91,1,0,0.0,2,0,0
USR8489,43,2,52609,4,86943,100000,1.6526259765439373,0.86943,8,301,0.3,0,0,0.91,0,0,0
USR6965,22,2,49656,32,17024,300000,0.34283873046560337,0.05674666666666667,4,101,0.17,1,0,0.34,0,0,0
USR5634,22,2,52032,157,20875,100000,0.40119541820418203,0.20875,13,93,0.32,3,0,0.29,0,0,0
USR8017,27,0,24504,201,23046,200000,0.9404995102840352,0.11523,6,67,0.8,0,1,0.12,1,1,0
USR5540,56,0,13813,109,11034,300000,0.7988127126619851,0.03678,6,277,0.79,0,1,0.91,2,0,0
USR1677,67,5,11517,205,5392,100000,0.46817747677346533,0.05392,2,383,0.31,0,0,0.36,2,0,0
USR8898,38,7,57239,231,68784,500000,1.2016981428746134,0.137568,4,664,0.01,0,0,0.55,1,0,0
USR9418,42,1,27894,238,4932,300000,0.17681221768122177,0.01644,7,47,0.63,2,0,0.55,1,0,0
USR3247,45,2,46279,217,73179,500000,1.581257157674107,0.146358,7,212,0.32,1,1,0.25,0,0,0
USR7550,67,3,57484,93,34942,200000,0.607856099088442,0.17471,4,611,0.87,3,0,0.56,0,0,0
USR5063,48,1,43877,208,1000,200000,0.02279098388677439,0.005,1,641,0.55,1,0,0.77,0,0,0
USR1726,59,2,38282,5,62627,300000,1.635938561203699,0.20875666666666667,4,173,0.28,1,0,0.92,2,0,0
USR1885,21,2,39173,94,32479,200000,0.8291169938478034,0.162395,7,62,0.57,3,0,0.55,2,1,0
USR8255,50,2,36276,185,17485,100000,0.4819991178740765,0.17485,5,174,0.43,1,0,0.11,0,0,0
USR7972,30,3,21121,255,24253,300000,1.1482884333128167,0.08084333333333334,20,127,0.73,0,0,0.09,1,0,0
USR5415,58,3,10599,105,8136,500000,0.7676195867534673,0.016272,0,130,0.24,0,0,0.57,0,0,0
USR8349,45,4,57680,57,61758,500000,1.0707004160887656,0.123516,2,268,0.79,3,0,0.2,1,0,0
USR5936,20,2,31885,29,37020,200000,1.1610475145052532,0.1851,13,266,0.85,2,0,0.87,1,0,0
USR7065,55,4,27319,333,25536,100000,0.9347340678648559,0.25536,4,532,0.07,0,0,0.7,1,0,0
USR7405,28,2,49449,184,53151,300000,1.0748650124370565,0.17717,12,311,0.23,0,0,0.39,0,1,0
USR4596,50,1,24189,157,31571,100000,1.3051800405142833,0.31571,13,583,0.03,1,0,0.13,1,0,0
USR8864,68,5,58520,215,42791,100000,0.7312200956937799,0.42791,10,273,0.18,0,1,0.85,1,0,0
USR1450,45,2,45923,203,51161,300000,1.114060492563639,0.17053666666666667,1,576,0.96,0,0,0.55,2,0,0
USR4373,46,2,22801,75,5433,200000,0.238279022849875,0.027165,8,402,0.99,1,0,0.14,1,1,0
USR1354,32,4,36671,359,25623,100000,0.6987265141392381,0.25623,8,71,0.67,2,0,0.78,0,0,0
USR5572,29,4,47013,316,45510,200000,0.9680301193286963,0.22755,3,243,0.27,1,1,0.2,1,0,0
USR9324,49,2,14751,310,19523,500000,1.3235034912887262,0.039046,3,430,0.69,1,1,0.67,1,0,0
USR7378,55,1,48945,209,30719,100000,0.6276228419654715,0.30719,3,133,0.14,2,0,0.88,0,1,0
USR8266,45,0,33410,247,36860,200000,1.1032624962586053,0.1843,10,47,0.1,1,0,0.97,1,0,0
USR4474,58,1,6233,359,3310,300000,0.5310444408791914,0.011033333333333332,7,689,0.6,3,0,0.85,0,0,0
USR2586,47,0,17374,359,20682,200000,1.1903994474502129,0.10341,8,645,0.51,1,1,0.49,2,0,0
USR1546,65,3,30426,256,54714,100000,1.7982646420824295,0.54714,4,127,0.73,1,0,0.49,0,0,0
USR8151,53,1,19007,315,24425,200000,1.2850528752564845,0.122125,12,634,0.82,0,1,0.54,1,0,0
USR2270,32,2,26845,281,20428,100000,0.7609610728254796,0.20428,6,400,0.28,0,0,0.12,0,1,0
USR2810,64,2,15975,357,18590,300000,1.1636932707355243,0.06196666666666667,5,370,0.26,0,0,0.67,1,0,0
USR5848,61,1,36510,319,33615,200000,0.9207066557107642,0.168075,5,164,0.86,1,0,0.17,2,0,0
USR5160,37,0,15061,306,21191,100000,1.4070114866210743,0.21191,5,167,0.4,1,0,0.43,1,0,0
USR6281,44,4,19072,212,31326,300000,1.6425125838926173,0.10442,4,59,0.22,0,1,0.79,1,1,0
USR4555,50,2,42879,154,69977,100000,1.631964364840598,0.69977,23,451,0.66,1,0,0.9,1,0,0
USR2007,60,7,39969,41,58547,200000,1.464810227926643,0.292735,6,64,0.75,0,0,0.39,0,0,0
USR3544,21,3,32172,160,38689,500000,1.2025674499564838,0.077378,9,550,0.32,0,0,0.36,2,0,0
USR2346,61,0,42819,233,43738,500000,1.0214624349003947,0.087476,0,675,0.15,1,0,0.76,2,1,0
USR6436,33,2,16800,312,28568,300000,1.7004761904761905,0.09522666666666667,9,635,0.59,1,0,0.42,2,0,0
USR9560,48,4,7033,173,5673,500000,0.8066259064410636,0.011346,9,330,0.97,0,1,0.6,0,0,0
USR6965,30,1,44204,111,18787,300000,0.4250067867161343,0.06262333333333334,6,34,0.15,3,0,0.62,1,0,0
USR7135,26,2,27739,345,7842,200000,0.2827066584952594,0.03921,10,449,0.76,0,0,0.09,0,0,0
USR2013,65,1,16776,10,14365,100000,0.8562827849308536,0.14365,7,84,0.75,0,0,0.36,0,0,0
USR6693,62,4,34405,321,22291,300000,0.6479000145327714,0.07430333333333333,3,354,0.48,0,0,0.6,0,1,0
USR7642,64,2,15174,231,11901,100000,0.7843020956899961,0.11901,4,473,0.27,0,1,0.54,2,0,0
USR2904,58,3,25704,28,17770,100000,0.6913320883909119,0.1777,2,608,0.23,3,1,0.96,0,1,0
USR7104,23,3,6195,296,2920,300000,0.47134786117836963,0.009733333333333333,8,561,0.26,0,1,0.77,2,0,0
USR1333,44,2,8637,106,7409,500000,0.8578210026629617,0.014818,11,5,0.77,1,0,0.75,0,0,0
USR4218,26,2,45276,105,26891,100000,0.5939349765880378,0.26891,18,161,0.03,0,0,0.27,0,1,0
USR7296,62,3,45100,77,75639,100000,1.677139689578714,0.75639,16,490,0.54,1,0,0.33,1,1,0
USR2796,41,1,59822,167,35521,200000,0.5937782086857678,0.177605,11,443,0.44,1,0,0.98,2,1,0
USR4768,30,3,34967,342,1000,100000,0.028598392770326306,0.01,2,497,0.66,1,0,0.23,1,0,0
USR8468,19,0,5711,110,5529,300000,0.9681316757135353,0.01843,2,117,0.9,0,0,0.86,0,0,0
USR6200,47,1,7177,226,3177,500000,0.4426640657656402,0.006354,4,64,0.26,0,0,0.05,0,0,0
USR4093,19,2,31961,347,22497,300000,0.7038891148587341,0.07499,1,139,0.92,1,0,0.24,1,1,0
USR2582,40,3,32712,311,55037,300000,1.6824712643678161,0.18345666666666666,7,514,0.98,1,0,1.0,0,1,0
USR8384,50,3,45573,75,8806,500000,0.19322844666798322,0.017612,9,349,0.63,1,1,0.03,0,0,0
USR3805,69,3,53408,365,74519,100000,1.3952778609946075,0.74519,4,233,1.0,0,0,0.95,2,0,0
USR7605,34,3,17002,162,26187,500000,1.5402305611104576,0.052374,1,334,0.11,0,0,0.77,2,1,0
USR1132,37,2,56412,316,32371,300000,0.5738318088349996,0.10790333333333334,19,281,0.6,0,0,0.43,2,0,0
USR5197,29,2,8966,362,16044,200000,1.7894267231764442,0.08022,1,609,0.37,3,0,0.61,2,0,0
USR1101,38,2,49097,67,32211,200000,0.656068598896063,0.161055,15,19,0.06,0,0,0.3,1,1,0
USR6523,58,2,12120,291,24772,300000,2.043894389438944,0.08257333333333333,0,434,0.88,3,0,0.05,1,0,0
USR2838,43,2,25859,361,13399,300000,0.5181561545303376,0.04466333333333333,19,268,0.39,3,0,0.49,1,0,0
USR2515,33,3,20895,283,17466,500000,0.8358937544867193,0.034932,7,152,0.28,3,0,0.26,0,0,0
USR4729,22,2,55970,79,4180,500000,0.07468286582097552,0.00836,13,167,0.74,1,0,0.9,0,0,0
USR8052,18,1,43177,32,56440,200000,1.3071774324293026,0.2822,4,432,0.9,1,0,0.13,0,1,0
USR1481,46,2,20319,241,4045,500000,0.19907475761602442,0.00809,5,339,0.6,1,0,0.69,1,0,0
USR2905,27,1,43554,315,49848,100000,1.1445102631216422,0.49848,1,225,0.79,2,0,0.96,2,0,0
USR5575,30,1,13459,251,13438,200000,0.9984397057730886,0.06719,2,165,0.53,1,0,0.04,0,0,0
USR8984,59,2,50980,178,63316,100000,1.2419772459788152,0.63316,13,154,0.73,1,0,0.07,1,0,0
USR8097,63,0,26206,203,1000,500000,0.03815920018316416,0.002,9,35,0.24,3,0,0.45,0,0,0
USR3656,42,2,19106,179,27711,100000,1.4503820789280855,0.27711,6,655,0.57,0,0,0.24,0,1,0
USR6355,50,2,32776,128,38600,100000,1.177690993409812,0.386,7,385,0.75,3,0,0.44,1,0,0
USR8562,61,1,57287,230,78802,500000,1.3755651369420636,0.157604,11,22,0.09,0,0,0.18,2,0,0
USR7227,60,2,9991,316,5691,100000,0.5696126513862476,0.05691,11,351,0.49,0,1,0.09,0,0,0
USR7149,32,2,40340,122,23086,500000,0.5722855726326227,0.046172,1,288,0.67,1,0,0.37,0,1,0
USR8432,60,0,14933,12,34092,300000,2.282997388334561,0.11364,13,12,0.66,0,0,0.56,2,0,0
USR3718,37,4,20441,194,6990,500000,0.34195978670319455,0.01398,9,31,0.16,3,0,0.55,1,0,0
USR8573,52,4,32349,323,60663,100000,1.8752666233886675,0.60663,4,154,0.92,0,1,0.68,0,0,0
USR6691,46,4,46277,356,13885,300000,0.30004105711260454,0.046283333333333336,21,477,0.27,0,0,0.44,0,0,0
USR2323,44,4,25580,152,6859,300000,0.2681391712275215,0.022863333333333333,10,517,0.7,0,0,0.66,1,1,0
USR4317,55,2,17546,323,13654,200000,0.7781830616664767,0.06827,9,300,0.61,0,0,0.44,2,0,0
USR7017,61,3,20032,304,26498,500000,1.3227835463258786,0.052996,15,69,0.47,3,0,0.64,0,1,0
USR1057,34,6,56352,272,55139,500000,0.9784745883021011,0.110278,17,63,0.52,1,0,0.96,0,0,0
USR6985,68,2,39606,338,26095,100000,0.6588648184618492,0.26095,3,89,0.52,1,0,0.53,1,0,0
USR5733,20,2,49847,70,53347,300000,1.0702148574638393,0.17782333333333333,7,248,0.52,0,0,0.16,2,0,0
USR3294,53,3,54270,119,76336,500000,1.4065966463976414,0.152672,10,393,0.37,2,0,0.66,0,0,0
USR3105,46,1,19147,55,17013,500000,0.8885465085914243,0.034026,6,557,0.92,1,0,0.59,0,0,0
USR8033,42,1,30555,305,10312,200000,0.33748977254131896,0.05156,8,597,0.9,0,0,0.47,2,0,0
USR6491,35,1,8060,337,3316,500000,0.4114143920595533,0.006632,13,536,0.79,0,0,0.85,1,0,0
USR2384,25,2,12661,236,17652,200000,1.3942026696153542,0.08826,6,646,0.72,0,1,0.06,0,0,0
USR1154,49,1,25302,326,18724,500000,0.7400205517350407,0.037448,13,311,0.89,1,0,0.62,1,1,0
USR3660,64,2,24290,330,38871,300000,1.6002881844380403,0.12957,1,239,0.16,0,0,0.47,1,0,0
USR9474,63,4,5227,4,10181,500000,1.947771188061986,0.020362,19,483,0.61,0,0,0.72,0,0,0
USR3671,30,1,7204,243,3798,300000,0.5272071071626874,0.01266,11,94,0.15,0,0,0.32,0,1,0
USR5172,33,5,13199,176,24029,300000,1.8205167058110463,0.08009666666666666,3,614,0.93,0,0,0.97,1,0,1
USR6702,24,5,53256,157,75792,100000,1.423163587201442,0.75792,11,265,0.08,3,0,0.23,2,0,0
USR8958,31,4,51664,224,40510,500000,0.7841049860637969,0.08102,1,148,0.3,1,0,0.87,1,0,0
USR3020,29,1,35569,125,35946,200000,1.0105991172088054,0.17973,12,247,0.3,3,1,0.16,0,0,0
USR3046,44,3,33965,203,1000,500000,0.029442072721919624,0.002,9,536,0.62,0,1,0.65,0,0,0
USR6377,19,3,57509,348,76032,500000,1.322088716548714,0.152064,19,522,0.49,0,0,0.7,0,0,0
USR8269,63,1,12675,314,10429,300000,0.8228007889546352,0.034763333333333334,0,450,0.31,1,0,0.28,0,0,0
USR9173,38,3,54618,135,74857,300000,1.3705554945256142,0.24952333333333335,15,213,0.34,1,0,0.05,2,1,0
USR3045,49,3,43232,215,55671,300000,1.2877266839378239,0.18557,12,45,0.9,2,0,0.25,2,0,0
USR7660,52,1,7719,142,2755,300000,0.3569115170358855,0.009183333333333333,12,86,0.18,0,0,0.23,0,0,0
USR1263,62,1,6144,119,5165,200000,0.8406575520833334,0.025825,1,662,0.63,2,1,0.29,1,1,0
USR8497,59,0,32044,139,32353,100000,1.0096429908875297,0.32353,2,624,0.76,1,1,0.06,2,0,0
USR4795,23,3,35398,286,1000,200000,0.02825018362619357,0.005,4,33,0.14,2,1,0.74,2,0,0
USR6211,29,2,48087,66,66158,500000,1.3757980327323394,0.132316,1,179,0.58,0,1,0.25,0,1,0
USR1501,38,1,15670,268,13853,100000,0.8840459476707083,0.13853,13,304,0.23,0,0,0.51,0,1,0
USR4120,56,1,17070,104,25524,300000,1.4952548330404218,0.08508,8,591,0.91,1,1,0.79,1,0,0
USR1872,61,2,23160,28,1000,500000,0.04317789291882556,0.002,11,114,0.91,1,1,0.72,0,0,0
USR9662,66,3,25028,305,26820,300000,1.0715998082147995,0.0894,2,174,0.69,1,0,0.11,0,1,0
USR3669,25,0,5203,235,5003,300000,0.9615606380934076,0.016676666666666666,4,11,0.45,0,1,0.53,0,0,0
USR8329,70,2,9125,111,11616,200000,1.272986301369863,0.05808,20,175,0.65,1,1,0.81,2,0,0
USR4230,27,1,53780,276,25521,200000,0.4745444403123838,0.127605,17,146,0.79,0,0,0.32,0,1,0
USR5648,53,1,21651,307,39172,100000,1.8092466860653087,0.39172,10,621,0.42,0,0,0.89,1,1,1
USR2799,28,6,42235,248,48620,200000,1.1511779329939624,0.2431,10,376,0.74,1,0,0.33,1,0,0
USR1473,21,2,12791,168,19672,500000,1.5379563755765773,0.039344,0,35,0.49,0,0,0.73,2,1,0
USR4049,67,1,27438,6,20222,300000,0.7370070704861871,0.06740666666666667,16,560,0.46,0,0,0.65,0,1,0
USR1205,50,3,39922,293,58637,500000,1.4687891388207004,0.117274,1,561,0.43,0,0,0.65,2,0,0
USR8215,24,1,28358,329,45212,300000,1.5943296424289441,0.15070666666666666,1,200,0.63,3,0,0.08,1,0,0
USR6535,29,0,19410,343,15087,300000,0.7772797527047913,0.05029,6,78,0.9,0,0,0.83,1,0,0
USR5841,40,1,50728,353,1000,500000,0.019712979025390317,0.002,6,249,0.39,0,1,0.44,2,0,0
USR4271,40,1,11823,265,2022,300000,0.17102258310073584,0.00674,6,649,0.46,2,0,0.66,1,0,0
USR2277,26,1,45504,96,52822,200000,1.1608210267229255,0.26411,3,528,0.87,3,1,0.09,0,0,0
USR7603,53,3,5405,21,8328,200000,1.5407955596669751,0.04164,8,189,0.78,1,0,0.92,1,1,0
USR1320,57,4,53998,29,68616,200000,1.2707137301381533,0.34308,4,83,0.28,3,1,0.29,0,0,0
USR1449,43,1,59282,73,77865,500000,1.3134678317195776,0.15573,3,366,0.9,0,0,0.46,1,0,0
USR5895,67,1,55429,302,14246,200000,0.2570134766999224,0.07123,2,579,0.61,0,0,0.74,2,0,0
USR5517,67,0,44726,336,43600,200000,0.9748244868756428,0.218,5,455,0.86,3,0,0.19,1,0,0
USR5138,60,1,37905,316,39341,200000,1.037884184144572,0.196705,7,324,0.15,0,0,0.05,1,0,0
USR3690,54,1,17116,352,13727,300000,0.8019981304043001,0.04575666666666667,2,217,0.74,0,0,0.68,2,0,0
USR6620,54,1,52584,168,71141,200000,1.35290202342918,0.355705,6,526,0.15,1,0,0.99,1,0,0
USR2830,38,3,17705,134,19571,200000,1.1053939565094606,0.097855,5,572,0.57,1,0,0.69,0,0,0
USR8730,66,5,32400,284,8252,300000,0.25469135802469134,0.027506666666666665,3,425,0.69,1,1,0.59,1,0,0
USR6090,24,2,7501,214,2958,100000,0.39434742034395415,0.02958,23,462,0.22,0,0,0.74,1,1,0
USR1098,27,2,44268,325,9699,500000,0.2190973163458932,0.019398,10,451,0.77,1,0,0.23,1,0,0
USR1827,41,3,52881,306,59857,100000,1.1319188366331954,0.59857,5,627,0.65,3,0,0.97,0,1,0
USR8592,56,3,9069,94,2217,100000,0.24445914654316903,0.02217,14,383,0.05,0,0,0.59,1,0,0
USR1174,69,4,49867,20,38593,500000,0.7739186235386127,0.077186,5,371,0.68,0,0,0.19,0,0,0
USR1798,33,3,20162,205,26269,200000,1.302896538041861,0.131345,7,102,0.71,1,0,0.8,1,0,0
USR6222,19,4,20718,27,30138,100000,1.4546770923834347,0.30138,1,243,0.39,0,0,0.12,2,0,0
USR5194,46,1,58088,352,75268,200000,1.2957581600330532,0.37634,3,526,0.36,1,0,0.62,2,1,0
USR3248,21,2,20322,210,8348,300000,0.4107863399271725,0.027826666666666666,3,328,0.32,0,0,0.19,0,0,0
USR3723,69,2,36513,228,21931,300000,0.6006353901350204,0.07310333333333334,11,56,0.77,2,0,0.46,0,0,0
USR6812,59,0,39604,145,27916,100000,0.7048782951217049,0.27916,2,276,0.19,0,1,0.1,2,0,0
USR1999,34,3,28898,165,55349,100000,1.915322859713475,0.55349,18,244,0.74,1,0,0.33,0,0,0
USR8766,20,2,52726,154,109594,300000,2.0785570686188977,0.3653133333333333,4,448,0.94,1,1,0.31,0,0,0
USR5224,37,3,43635,122,1555,500000,0.0356365303082388,0.00311,3,298,0.43,0,0,0.74,1,0,0
USR1517,23,3,23876,94,1000,100000,0.041883062489529235,0.01,8,700,0.46,2,0,0.95,0,1,0
USR6901,63,1,30456,107,59396,300000,1.9502232729183084,0.19798666666666667,8,688,0.04,1,0,0.03,0,0,0
USR7109,39,0,23426,109,29881,100000,1.2755485358149066,0.29881,16,166,0.69,0,0,0.37,0,0,0
USR5407,67,1,42442,40,74351,300000,1.7518260213939023,0.24783666666666668,2,425,0.47,0,1,0.52,0,0,0
USR1015,50,2,18684,259,1000,300000,0.05352172982230786,0.0033333333333333335,2,621,0.42,0,0,0.68,2,0,0
USR9310,53,0,31525,202,51562,300000,1.6355908009516258,0.17187333333333332,11,524,0.55,0,1,0.18,0,0,0
USR7996,55,3,6937,324,9958,100000,1.4354908461871125,0.09958,17,289,0.58,3,1,1.0,2,1,0
USR4631,23,2,25131,9,23109,200000,0.9195416020054912,0.115545,13,172,0.02,0,1,0.08,0,1,0
USR5580,50,2,15461,6,15466,300000,1.0003233943470669,0.05155333333333333,5,238,0.24,1,0,0.87,0,0,0
USR4365,52,1,47715,181,23292,300000,0.48814838101226027,0.07764,18,244,0.03,1,0,0.09,1,0,0
USR9346,59,1,44367,181,7424,500000,0.1673315752699078,0.014848,15,369,0.69,0,0,0.06,2,0,0
USR6822,68,5,41189,17,13861,500000,0.33652188691155405,0.027722,14,301,0.52,1,0,0.51,0,0,0
USR4466,42,3,28420,137,16918,300000,0.5952850105559465,0.05639333333333333,5,88,0.47,1,1,0.52,0,0,0
USR1350,67,2,49929,206,38246,100000,0.7660077309779888,0.38246,2,166,0.2,3,0,0.22,2,0,0
USR1773,31,2,25820,318,19534,200000,0.7565453137103021,0.09767,9,270,0.75,3,0,0.88,0,0,0
USR5657,49,1,43593,338,66939,200000,1.5355446975431835,0.334695,13,217,0.5,0,1,0.05,2,0,0
USR1507,24,2,22754,142,35773,300000,1.5721631361518853,0.11924333333333334,9,76,0.38,2,1,0.3,0,0,0
USR8379,63,3,36143,147,26252,300000,0.7263370500511855,0.08750666666666666,2,537,0.47,1,0,0.76,0,0,0
USR5203,58,5,16802,297,24159,300000,1.437864539935722,0.08053,4,300,0.08,1,0,0.72,0,1,0
USR8750,36,4,23507,281,19751,300000,0.8402178074616072,0.06583666666666667,3,465,0.8,0,0,0.5,2,0,0
USR1827,31,2,48639,63,44645,200000,0.9178848249347231,0.223225,4,674,0.26,0,1,0.09,2,0,0
USR9569,18,2,18603,353,13582,500000,0.7300972961350319,0.027164,0,306,0.02,1,0,0.79,1,0,0
USR6047,50,2,31477,136,8625,100000,0.27400959430695426,0.08625,5,201,0.46,0,0,0.22,0,0,0
USR5761,47,1,49583,230,60948,100000,1.2292116249521006,0.60948,12,422,0.1,2,1,0.66,0,0,0
USR1080,38,2,5260,234,3756,100000,0.7140684410646387,0.03756,0,682,0.89,0,0,0.97,0,1,0
USR9700,49,3,6254,126,10208,500000,1.6322353693636074,0.020416,12,427,0.98,0,1,0.01,1,0,0
USR4460,53,7,35239,152,52233,100000,1.4822497800732144,0.52233,5,344,0.96,0,0,0.83,0,0,0
USR6279,42,0,44962,349,70861,200000,1.5760197500111206,0.354305,2,695,0.9,1,0,0.5,0,1,0
USR2710,52,3,43921,215,1000,100000,0.022768151909109538,0.01,0,458,0.35,0,0,0.42,0,0,0
USR2644,44,2,7492,220,4801,100000,0.640816871329418,0.04801,18,652,0.32,2,1,0.85,2,0,0
USR3409,44,2,25699,152,21694,200000,0.8441573602085685,0.10847,17,555,0.86,3,0,0.57,0,0,0
USR2625,64,2,46666,64,74078,100000,1.5874083915484507,0.74078,0,74,0.45,1,0,0.16,1,1,0
USR3336,21,0,24191,238,36828,100000,1.5223843578190237,0.36828,7,560,0.44,3,0,0.6,2,1,0
USR9499,53,0,24530,364,36628,200000,1.493192009783938,0.18314,19,123,0.75,1,0,0.15,2,0,0
USR2081,65,3,15714,82,17502,300000,1.1137838869797632,0.05834,1,284,0.29,0,0,0.1,0,1,0
USR2216,28,2,41264,231,55108,500000,1.3354982551376502,0.110216,2,45,0.1,3,0,0.97,0,0,0
USR1119,50,4,7471,245,4066,200000,0.5442377191808325,0.02033,5,59,0.58,0,0,0.34,0,0,0
USR2660,46,0,23581,33,34861,300000,1.4783512149611975,0.11620333333333334,6,22,0.36,1,0,0.78,0,0,0
USR4378,58,2,19678,254,8022,500000,0.4076633804248399,0.016044,1,326,0.19,2,0,0.32,2,1,0
USR6602,55,0,20011,270,36871,100000,1.842536604867323,0.36871,3,102,0.57,0,0,0.85,0,0,0
USR8688,65,2,40809,88,23421,200000,0.5739175181945159,0.117105,8,337,0.7,3,0,0.72,1,0,0
USR4250,59,7,30130,38,12197,500000,0.40481247925655495,0.024394,5,225,0.88,1,0,0.71,1,0,0
USR9732,33,3,52674,124,16350,500000,0.310399817746896,0.0327,14,663,0.01,0,1,0.63,0,0,0
USR5003,54,0,26350,297,6614,300000,0.25100569259962047,0.022046666666666666,8,79,0.16,0,0,0.76,0,1,0
USR5344,19,3,33756,123,1000,300000,0.02962436307619386,0.0033333333333333335,1,486,0.79,0,1,0.41,2,0,0
USR3131,47,5,37571,220,55131,100000,1.4673817572063559,0.55131,5,523,0.08,2,0,0.12,2,0,0
USR9606,50,2,32161,337,22508,500000,0.699853860265539,0.045016,2,316,0.56,0,1,0.87,2,0,0
USR2316,61,2,34230,162,13654,100000,0.39888986269354365,0.13654,12,499,0.82,0,0,0.27,2,0,0
USR4293,50,3,34473,151,41836,300000,1.2135874452470048,0.13945333333333335,13,464,0.22,2,1,0.34,2,0,0
USR2397,31,3,8456,308,11369,200000,1.3444891201513718,0.056845,2,61,0.25,3,1,0.08,0,0,0
USR3696,23,3,16727,148,21320,500000,1.2745859986847612,0.04264,15,359,0.19,1,1,0.4,1,1,0
USR4640,49,2,56902,35,50044,500000,0.879476995536185,0.100088,9,259,0.4,1,0,0.84,1,0,0
USR9278,67,1,48449,4,29508,500000,0.6090528184276249,0.059016,12,157,0.06,0,0,0.4,0,0,0
USR1277,50,1,59764,148,42051,100000,0.7036175624121545,0.42051,12,182,0.21,0,1,0.91,2,0,0
USR6692,33,1,41655,351,7963,200000,0.19116552634737727,0.039815,6,553,0.28,0,0,0.52,0,0,0
USR6053,28,1,25620,284,13100,500000,0.5113192818110851,0.0262,8,61,0.74,0,0,0.52,1,0,0
USR8899,51,1,27131,294,18916,200000,0.6972098337694888,0.09458,9,596,0.25,0,1,0.78,1,0,0
USR8119,27,1,16598,194,13855,200000,0.8347391251958067,0.069275,3,226,0.6,2,0,0.19,0,0,0
USR8077,23,1,42608,20,60398,200000,1.4175272249342847,0.30199,20,85,0.71,0,0,0.77,0,0,0
USR9113,61,1,30531,88,44936,200000,1.47181553175461,0.22468,11,29,0.57,0,0,0.09,1,0,0
USR3668,52,3,24032,202,21398,500000,0.8903961384820239,0.042796,16,586,0.86,3,1,0.82,0,0,0
USR3729,60,1,19407,183,39315,100000,2.025815427423095,0.39315,12,173,0.14,0,0,0.36,0,1,0
USR8165,28,2,59043,294,14156,300000,0.23975746489846383,0.04718666666666667,11,440,0.4,1,1,0.87,0,0,0
USR3377,53,0,51478,311,29635,200000,0.575682815960216,0.148175,6,670,0.88,0,0,0.14,0,0,0
USR2564,68,2,57424,342,82403,200000,1.4349923376985232,0.412015,9,155,0.64,0,1,0.93,0,0,0
USR8530,61,1,53670,161,94812,200000,1.7665735047512576,0.47406,10,461,0.95,1,0,0.38,0,0,0
USR6392,42,1,42429,350,58356,300000,1.3753800466661954,0.19452,7,421,0.0,0,0,0.79,0,1,0
USR1661,68,1,30784,261,27374,100000,0.8892281704781705,0.27374,8,76,0.03,1,1,0.43,1,0,0
USR9685,30,3,45951,216,49068,200000,1.067833126591369,0.24534,14,64,0.24,2,0,0.1,2,0,0
USR1124,33,1,55252,70,26717,300000,0.4835481068558604,0.08905666666666667,16,418,0.12,1,1,0.22,2,1,0
USR9859,49,3,25971,98,24387,100000,0.9390088945362135,0.24387,17,70,0.54,0,0,0.55,2,1,0
USR4164,65,1,28149,201,16297,200000,0.5789548474190913,0.081485,3,428,0.32,3,1,0.63,2,0,0
USR3023,61,3,17068,183,14931,200000,0.8747949378954769,0.074655,10,290,0.26,1,0,0.73,0,0,0
USR3618,46,3,24606,221,39121,200000,1.5898967731447615,0.195605,6,690,0.87,3,0,0.57,0,0,0
USR7864,68,1,10813,317,1493,200000,0.1380745399056691,0.007465,1,356,0.04,3,1,0.32,0,1,0
USR2405,26,2,53083,316,1000,200000,0.01883842284723923,0.005,16,602,0.34,0,0,0.18,1,1,0
USR7713,48,4,7387,261,2367,500000,0.3204277785298497,0.004734,6,490,0.95,0,0,0.67,1,0,0
USR2786,36,0,46398,215,72263,500000,1.5574593732488469,0.144526,1,199,0.78,2,1,0.83,0,0,0
USR1650,51,2,54215,14,42935,200000,0.7919395001383381,0.214675,20,434,0.33,1,0,0.52,2,0,0
USR1628,33,4,9728,102,1000,100000,0.10279605263157894,0.01,3,534,0.11,1,1,0.76,0,0,0
USR1013,53,3,22297,163,31915,500000,1.4313584787191103,0.06383,17,546,0.08,3,0,0.64,1,0,0
USR1204,59,2,7802,326,13694,100000,1.7551909766726481,0.13694,8,612,0.19,0,0,0.08,1,0,0
USR3311,23,1,8119,254,8102,200000,0.997906146077103,0.04051,10,181,0.37,2,1,0.64,2,0,0
USR6523,68,1,36660,312,42705,200000,1.1648936170212767,0.213525,4,594,0.05,2,0,0.8,0,0,0
USR2893,68,2,39833,216,39682,300000,0.9962091732985213,0.13227333333333333,4,187,0.37,0,0,0.8,0,0,0
USR6838,20,2,11878,316,7283,100000,0.613150362013807,0.07283,5,9,0.95,1,0,0.95,1,1,0
USR3361,65,0,29307,278,22911,500000,0.7817586242194697,0.045822,2,93,0.61,1,1,0.5,1,0,0
USR3583,33,3,33698,168,31737,300000,0.9418066354086296,0.10579,1,495,0.18,1,0,0.75,0,1,0
USR7397,48,0,22623,271,44495,300000,1.9668036953542856,0.14831666666666668,9,628,0.6,2,0,0.95,1,0,0
USR9298,41,2,37379,327,50677,100000,1.3557612563203938,0.50677,0,650,0.59,1,1,0.54,0,1,0
USR7600,56,1,20735,121,23596,500000,1.1379792621171931,0.047192,3,31,0.59,1,0,0.66,2,0,0
USR1209,20,2,56955,115,96756,300000,1.6988148538319725,0.32252,7,528,0.92,1,0,0.49,0,1,0
USR4807,39,1,20919,315,3946,300000,0.188632343802285,0.013153333333333333,10,294,0.69,2,0,0.79,2,1,0
USR2860,34,5,23594,266,15967,200000,0.6767398491141816,0.079835,8,627,0.14,3,0,0.16,0,0,0
USR8131,67,4,46123,336,129983,200000,2.8181818181818183,0.649915,0,380,0.28,1,1,0.54,0,0,0
USR3442,54,1,5698,128,9765,200000,1.7137592137592137,0.048825,17,669,0.42,2,0,0.4,0,0,0
USR3248,42,5,24673,323,1000,300000,0.04053013415474405,0.0033333333333333335,9,141,0.52,3,0,0.44,1,0,0
USR1457,18,4,25827,20,24494,100000,0.9483873465752894,0.24494,0,502,0.97,1,0,0.64,0,0,0
USR1806,70,1,28557,361,27674,200000,0.9690793850894702,0.13837,4,273,0.34,2,0,0.2,0,0,0
USR2997,34,1,57278,85,5215,500000,0.09104717343482663,0.01043,9,566,0.01,0,0,0.02,0,0,0
USR4549,36,1,40712,260,39588,500000,0.9723914325014738,0.079176,2,592,0.38,2,0,0.51,0,0,0
USR9496,45,2,27242,291,40414,200000,1.4835180970560164,0.20207,6,60,0.92,3,0,0.92,2,1,0
USR7507,21,0,10728,35,14589,300000,1.3598993288590604,0.04863,5,45,0.97,2,0,0.94,0,0,0
USR9862,69,3,38066,126,32023,500000,0.8412494089213471,0.064046,15,13,0.17,0,0,0.45,2,0,0
USR7837,18,3,47942,52,68248,100000,1.4235534604313544,0.68248,17,634,0.92,0,0,0.46,0,1,0
USR7943,24,3,36391,335,73893,100000,2.0305295265312853,0.73893,11,155,0.85,3,1,0.96,1,0,1
USR7604,62,2,31752,282,30760,200000,0.9687578735197783,0.1538,0,439,0.19,1,1,0.84,0,0,0
USR8524,34,2,43284,231,44253,100000,1.022387025228722,0.44253,5,277,0.5,0,0,0.76,2,0,0
USR4363,24,0,14302,74,22363,200000,1.563627464690253,0.111815,7,26,0.82,0,0,0.48,0,0,0
USR8513,65,1,21585,118,14772,500000,0.6843641417651146,0.029544,16,398,0.38,1,0,0.1,0,1,0
USR4629,31,3,57692,132,26660,200000,0.4621091312487,0.1333,15,598,0.7,1,1,0.82,0,1,0
USR2986,36,3,49930,158,52894,300000,1.0593631083516923,0.17631333333333332,2,119,0.68,1,1,0.06,0,0,0
USR9645,65,0,6229,337,14074,500000,2.259431690480013,0.028148,0,414,0.88,0,1,0.52,0,0,0
USR7288,22,2,12317,246,34381,500000,2.791345295120565,0.068762,15,64,0.87,0,0,0.3,0,1,1
USR2891,19,6,25816,264,45542,200000,1.7640997830802603,0.22771,11,412,0.82,0,0,0.92,2,1,1
USR5350,41,2,46617,109,113343,200000,2.43136623978377,0.566715,21,511,0.63,1,0,0.81,1,0,0
USR9253,57,4,51693,150,47738,300000,0.9234906080126903,0.15912666666666667,2,109,0.5,0,1,0.21,1,0,0
USR3915,20,1,58751,47,29243,100000,0.49774471923882146,0.29243,17,452,0.64,0,0,0.57,0,0,0
USR5657,26,3,32087,151,1000,200000,0.03116526942375417,0.005,0,536,0.64,1,1,0.0,1,0,0
USR1954,31,3,23451,124,29405,100000,1.2538910920643043,0.29405,23,519,0.54,1,0,0.79,0,1,0
USR6816,23,2,54967,301,101847,300000,1.8528753615805846,0.33949,7,688,0.45,0,0,0.68,0,0,0
USR5681,59,1,32869,304,23632,200000,0.7189753262952935,0.11816,12,533,0.37,2,0,0.16,2,1,0
USR6596,36,2,34984,56,21508,200000,0.6147953350102904,0.10754,1,20,0.11,3,0,0.37,0,0,0
USR5843,66,4,25694,17,1000,300000,0.038919592122674554,0.0033333333333333335,0,547,0.58,1,0,0.94,1,1,0
USR3839,38,1,53674,23,34671,500000,0.645955211089168,0.069342,5,259,0.64,0,0,0.52,1,0,0
USR5003,44,0,26804,296,20580,300000,0.7677958513654678,0.0686,18,466,0.62,0,0,0.09,1,0,0
USR1017,63,4,52647,90,38387,200000,0.7291393621668851,0.191935,0,488,0.25,0,0,0.8,0,0,0
USR3044,57,2,39665,281,53011,100000,1.3364679188201185,0.53011,10,474,0.29,1,0,0.28,0,0,0
USR4433,42,1,36155,213,70111,500000,1.9391785368552068,0.140222,1,562,0.27,2,0,0.02,0,0,0
USR2885,47,1,35158,145,17499,100000,0.49772455771090507,0.17499,8,401,0.46,3,0,0.92,1,1,0
USR3769,31,1,16869,363,21647,200000,1.2832414488114292,0.108235,9,331,0.76,0,0,0.37,0,1,0
USR3986,67,0,51954,44,58085,300000,1.1180082380567424,0.19361666666666666,4,488,0.59,0,0,0.64,2,1,0
USR3333,31,1,51996,348,47908,500000,0.9213785675821217,0.095816,3,368,0.54,0,0,0.95,2,0,0
USR1774,64,3,39139,192,35653,200000,0.9109328291473977,0.178265,3,669,0.02,3,1,0.45,2,0,0
USR7060,65,3,14041,214,6977,500000,0.49690193006196137,0.013954,15,578,0.82,0,0,0.7,1,0,0
USR4755,54,3,44448,330,77673,500000,1.7475026997840173,0.155346,1,432,0.53,0,0,0.4,0,0,0
USR3360,50,0,11187,360,17968,100000,1.6061499955305265,0.17968,8,131,0.52,0,0,0.23,0,0,0
USR3957,21,0,12114,184,22038,500000,1.8192174343734522,0.044076,0,670,0.23,2,0,0.52,0,1,0
USR2767,67,2,32435,15,10543,100000,0.3250501002004008,0.10543,0,318,0.28,0,0,0.05,0,0,0
USR4486,44,1,55382,75,1000,100000,0.018056408219277023,0.01,5,393,0.63,0,0,0.84,0,0,0
USR9797,66,0,16881,336,22006,200000,1.30359575854511,0.11003,8,175,0.2,3,0,0.86,2,0,0
USR5500,55,2,28484,63,31228,200000,1.0963347844403877,0.15614,5,612,0.49,3,0,0.55,2,0,0
USR2079,32,3,58341,247,61785,200000,1.0590322414768345,0.308925,10,290,0.12,0,0,0.3,1,0,0
USR9380,30,1,57606,265,1000,100000,0.017359302850397527,0.01,16,496,0.07,0,0,0.36,1,0,0
USR7126,44,2,36085,182,51142,300000,1.4172647914645975,0.17047333333333334,12,472,0.8,0,0,0.95,2,0,0
USR1657,25,4,53158,82,39180,300000,0.7370480454494149,0.1306,15,299,0.92,2,0,0.32,0,1,0
USR6701,31,4,49566,5,26986,500000,0.5444457894524473,0.053972,6,420,0.14,3,0,0.31,0,0,0
USR7341,37,0,29754,133,16084,100000,0.5405659743227801,0.16084,0,633,0.69,0,0,0.86,0,0,0
USR9321,56,2,46466,138,49754,200000,1.070761416950028,0.24877,3,279,0.56,0,0,0.42,1,1,0
USR8965,49,2,16706,341,5832,100000,0.34909613312582305,0.05832,12,230,0.84,0,0,0.72,1,0,0
USR1806,48,3,51572,217,40796,300000,0.7910494066547739,0.13598666666666667,19,148,0.16,0,0,0.31,0,0,0
USR2393,53,1,57532,107,39191,100000,0.6812035041368282,0.39191,13,590,0.44,0,0,0.77,0,0,0
USR1903,25,2,7931,290,13301,300000,1.6770899003908712,0.04433666666666667,13,553,0.12,0,1,0.81,0,1,0
USR1338,25,1,19989,162,13694,100000,0.6850767922357297,0.13694,4,185,0.52,3,1,0.51,0,0,0
USR3625,32,2,50676,227,38321,500000,0.7561962270108138,0.076642,4,445,0.04,0,0,0.77,1,0,0
USR5673,45,1,48686,12,63574,200000,1.3057963274863411,0.31787,10,601,0.67,3,0,0.76,0,0,0
USR1242,35,2,6066,105,5878,300000,0.9690075832509067,0.019593333333333334,5,309,0.59,0,1,0.31,2,0,0
USR2035,29,4,48038,53,66005,300000,1.3740164036804197,0.22001666666666667,0,303,0.19,0,1,0.58,1,0,0
USR6930,24,2,5334,151,5471,200000,1.025684289463817,0.027355,5,539,0.16,0,0,0.95,0,0,0
USR5822,46,3,31710,208,41578,100000,1.311195206559445,0.41578,10,171,0.37,1,1,0.57,0,0,0
USR5002,61,1,17875,197,8853,300000,0.49527272727272725,0.02951,4,122,0.26,1,0,0.37,1,0,0
USR9801,50,4,32007,229,7743,500000,0.241915830911988,0.015486,2,200,0.6,1,0,0.45,0,0,0
USR2512,40,0,7547,193,11928,300000,1.580495561150126,0.03976,3,536,0.16,0,0,0.88,0,1,0
USR6134,30,1,30944,300,28152,100000,0.9097724922440538,0.28152,20,502,0.56,0,0,0.84,0,1,0
USR9024,45,3,45123,302,69843,200000,1.547835915165215,0.349215,20,624,0.99,1,0,0.69,0,0,0
USR8944,22,1,13948,126,8838,500000,0.6336392314310295,0.017676,2,528,0.98,1,1,0.09,0,0,0
USR8719,56,1,8533,274,6803,500000,0.7972577053791163,0.013606,0,148,0.26,1,0,0.18,0,0,0
USR2635,67,2,50813,303,78040,500000,1.5358274457323913,0.15608,4,244,0.52,1,0,0.35,2,0,0
USR3432,40,1,31065,247,21627,300000,0.6961854176726219,0.07209,10,158,0.07,0,0,0.38,2,0,0
USR2903,46,1,51401,360,72188,300000,1.4044084745432968,0.24062666666666666,8,692,0.41,0,0,0.28,1,0,0
USR3911,57,3,33859,334,39262,500000,1.1595735255028206,0.078524,12,293,0.66,3,0,0.47,2,1,0
USR7419,50,1,58134,260,66207,500000,1.1388688203116937,0.132414,8,323,0.48,2,1,0.31,0,0,0
USR3109,33,3,51165,217,70108,100000,1.370233558096355,0.70108,15,193,0.44,1,0,0.95,2,0,0
USR3886,57,3,23851,197,25207,500000,1.0568529621399523,0.050414,4,253,0.21,1,0,0.99,0,0,0
USR6805,58,2,58262,17,1000,200000,0.017163846074628404,0.005,0,292,0.21,0,1,0.91,1,1,0
USR7449,38,2,29800,356,6304,300000,0.21154362416107383,0.021013333333333332,0,370,0.61,1,0,0.34,2,0,0
USR4877,54,1,5092,119,4842,500000,0.950903377847604,0.009684,15,59,0.06,0,0,0.11,1,0,0
USR3845,38,3,49031,170,39020,500000,0.795823050723012,0.07804,21,104,0.06,1,0,0.92,1,1,0
USR8036,38,3,51176,194,104036,300000,2.032906049710802,0.3467866666666667,1,452,0.59,1,0,0.78,2,0,0
USR7013,46,0,19367,70,16173,100000,0.8350802912170187,0.16173,8,189,0.18,0,0,0.77,1,0,0
USR1184,33,1,49592,79,78213,500000,1.577129375705759,0.156426,3,483,0.62,1,0,0.41,0,0,0
USR9423,61,2,23440,306,39525,200000,1.6862201365187712,0.197625,0,289,0.03,0,0,0.26,2,1,0
USR7807,32,2,13965,338,13237,100000,0.9478696741854636,0.13237,10,61,0.36,1,0,1.0,0,0,0
USR5298,47,2,41042,94,1000,300000,0.02436528434286828,0.0033333333333333335,10,210,0.27,0,0,0.16,1,1,0
USR7844,24,2,55388,331,32940,200000,0.5947136563876652,0.1647,1,424,0.85,1,0,0.38,0,0,0
USR3408,33,2,47533,83,84272,200000,1.7729156585950814,0.42136,12,106,0.09,2,0,0.73,0,0,0
USR7271,30,1,54360,283,31528,200000,0.5799852832965415,0.15764,18,90,0.78,0,1,0.65,0,1,0
USR7741,44,2,26735,61,15827,200000,0.5919955115017767,0.079135,10,211,0.85,1,1,0.13,2,0,0
USR7008,29,0,50648,267,77939,100000,1.5388366766703523,0.77939,7,633,0.12,0,1,0.45,0,0,0
USR3117,42,2,36309,349,1000,300000,0.02754138092483957,0.0033333333333333335,3,207,0.45,0,0,0.77,2,0,0
USR3935,60,3,7939,336,17800,200000,2.2420959818616955,0.089,16,458,0.35,1,1,0.37,0,0,0
USR6526,24,2,33474,294,59985,100000,1.7919878114357413,0.59985,11,492,0.25,3,0,0.46,0,0,0
USR5677,23,2,42959,12,37896,200000,0.8821434390930888,0.18948,12,137,0.82,0,0,0.2,0,1,0
USR1758,49,0,7884,59,14110,100000,1.7897006595636733,0.1411,19,279,0.16,0,0,0.63,1,0,0
USR1514,26,1,5382,83,6192,100000,1.1505016722408026,0.06192,8,142,0.07,3,0,0.43,0,0,0
USR4032,37,0,5650,13,12149,200000,2.150265486725664,0.060745,17,323,0.78,3,0,0.62,0,1,1
USR9689,28,3,22034,334,42821,100000,1.9434056458200961,0.42821,0,153,0.04,1,0,0.13,0,1,0
USR1356,20,0,11603,354,7038,200000,0.6065672670860984,0.03519,1,133,0.59,3,0,0.76,1,0,0
USR6192,21,2,49515,362,75267,500000,1.5200848227809756,0.150534,9,160,0.8,0,0,0.24,0,0,0
USR5512,41,2,55202,262,59322,100000,1.0746349769935872,0.59322,4,202,0.19,0,1,0.73,0,0,0
USR6989,46,4,32375,221,52985,200000,1.6366023166023167,0.264925,8,239,0.86,1,1,0.52,1,0,0
USR4111,45,2,25232,350,40128,500000,1.5903614457831325,0.080256,1,620,0.81,3,0,0.35,0,0,0
USR2932,35,1,19057,206,13779,300000,0.7230414021094611,0.04593,9,640,0.98,2,0,0.74,0,0,0
USR9957,59,2,13418,164,25040,200000,1.8661499478312715,0.1252,12,228,0.7,1,0,0.62,1,1,0
USR6842,54,0,50908,233,65309,500000,1.282882847489589,0.130618,3,643,0.57,1,1,0.61,0,0,0
USR5775,27,2,56588,124,75275,500000,1.3302290238213048,0.15055,1,566,0.31,1,1,0.31,2,0,0
USR2576,63,4,39073,350,29029,300000,0.7429426970030456,0.09676333333333334,4,548,0.17,3,0,0.19,0,1,0
USR3774,38,3,26259,149,27788,500000,1.0582276552800944,0.055576,0,540,0.52,1,1,0.73,0,1,0
USR4320,69,2,57451,346,15266,100000,0.26572209361020693,0.15266,4,690,0.2,1,0,0.93,0,0,0
USR1308,24,2,24873,319,31935,300000,1.2839223254130985,0.10645,14,255,0.65,0,0,0.08,0,0,0
USR2679,23,1,8809,352,7537,300000,0.855602224997162,0.025123333333333334,12,509,0.03,3,0,0.73,1,0,0
USR9331,40,4,48622,284,52004,100000,1.069556990662663,0.52004,11,319,0.81,2,0,0.49,0,1,0
USR3332,61,2,49187,18,30750,100000,0.6251651859231098,0.3075,7,562,0.4,2,0,0.41,0,0,0
USR4844,30,2,57348,318,106226,200000,1.8523052242449607,0.53113,10,117,0.37,2,0,0.78,0,1,1
USR2728,35,1,57164,335,16106,300000,0.281750752221678,0.05368666666666667,27,327,0.67,0,0,0.8,2,0,0
USR3072,66,3,39493,75,1737,200000,0.04398247790747727,0.008685,10,101,0.87,1,0,0.28,2,0,0
USR8951,40,4,51753,334,26035,300000,0.5030626243889244,0.08678333333333334,8,289,0.09,0,0,0.66,0,0,0
USR1632,42,2,9777,275,14372,100000,1.4699805666359824,0.14372,7,516,0.95,1,0,0.7,0,1,0
USR4878,23,2,23567,178,52681,200000,2.235371494038274,0.263405,0,383,0.64,0,0,0.79,2,0,0
USR6346,47,2,33675,239,45601,100000,1.3541499628804752,0.45601,17,18,0.38,0,1,0.92,0,0,0
USR1214,39,2,21858,151,9146,300000,0.41842803550187574,0.030486666666666665,12,376,0.59,0,0,0.53,2,0,0
USR7729,37,3,31603,100,33172,300000,1.0496471853937916,0.11057333333333333,2,321,0.35,0,0,0.2,0,1,0
USR7574,27,3,25688,218,31269,100000,1.2172609778885082,0.31269,7,43,0.72,1,0,0.58,0,0,0
USR8096,30,1,7074,297,6381,500000,0.9020356234096693,0.012762,1,322,0.79,1,1,0.45,0,0,0
USR9796,67,1,26480,206,35084,500000,1.3249244712990937,0.070168,7,585,0.98,2,1,0.95,0,1,0
USR5353,63,3,24186,258,7698,200000,0.31828330439096997,0.03849,4,151,0.9,1,1,0.81,0,0,0
USR5016,59,0,58034,224,22195,100000,0.3824482200089603,0.22195,8,246,0.59,2,0,0.77,2,0,0
USR1626,69,1,58454,121,87449,100000,1.4960310671639239,0.87449,0,480,0.3,1,1,0.81,0,0,0
USR9032,36,2,10136,167,17607,200000,1.737075769534333,0.088035,0,493,0.13,2,1,0.45,0,0,0
USR4665,58,1,23768,150,31136,100000,1.3099966341299225,0.31136,4,314,0.45,1,1,0.16,0,0,0
USR7926,62,2,42930,64,29185,300000,0.6798276263685069,0.09728333333333333,12,7,0.47,0,0,0.65,0,1,0
USR2666,45,2,38313,330,12128,200000,0.3165505181009057,0.06064,4,243,0.1,0,0,0.3,0,0,0
USR9958,65,2,15354,91,18706,200000,1.2183144457470365,0.09353,19,566,0.91,1,0,0.59,2,1,0
USR3051,35,2,47217,348,57021,100000,1.2076370798653027,0.57021,7,520,0.25,1,0,0.69,0,0,0
USR4091,28,2,7484,48,2956,100000,0.3949759486905398,0.02956,17,645,0.88,0,0,0.84,0,1,0
USR7037,59,2,48077,293,109280,300000,2.273020363167419,0.3642666666666667,22,219,0.79,0,0,0.38,0,0,0
USR7050,36,2,31110,164,39754,300000,1.2778527804564448,0.13251333333333334,3,447,0.26,1,0,0.97,2,0,0
USR9967,43,1,53343,247,68818,100000,1.2901036687100462,0.68818,2,508,0.08,1,0,0.64,1,0,0
USR8581,56,2,52964,200,62396,300000,1.1780832263424212,0.20798666666666665,4,118,0.67,0,1,0.86,1,0,0
USR7059,40,1,9620,160,11612,300000,1.207068607068607,0.03870666666666667,8,443,0.58,0,0,0.37,0,1,0
USR4074,18,2,10531,221,11320,100000,1.0749216598613618,0.1132,9,432,0.33,0,0,0.75,0,0,0
USR1357,42,2,57573,83,62428,500000,1.084327723064631,0.124856,8,630,0.21,0,0,0.04,1,1,0
USR4812,25,2,28830,239,54642,300000,1.8953173777315298,0.18214,0,159,0.67,0,0,0.26,1,0,0
USR4707,51,3,42126,254,70423,300000,1.671722926458719,0.23474333333333333,2,175,0.1,0,0,0.68,2,1,0
USR6966,61,2,28162,168,26812,500000,0.952063063702862,0.053624,9,61,0.69,3,0,0.27,0,0,0
USR3239,43,1,37151,212,23962,300000,0.6449893677155393,0.07987333333333334,5,475,0.19,0,0,0.42,1,0,0
USR6493,24,4,7001,307,8252,100000,1.1786887587487502,0.08252,9,505,0.0,3,1,0.41,2,0,0
USR4988,18,2,18322,158,10878,300000,0.5937124768038424,0.03626,6,58,0.44,0,0,0.62,1,0,0
USR4775,18,3,24676,329,22280,100000,0.9029016047981845,0.2228,1,521,0.37,0,0,0.47,0,0,0
USR1744,64,3,25646,118,52513,300000,2.0476097637058412,0.17504333333333333,4,11,0.9,1,0,0.79,0,0,1
USR7265,21,2,49638,57,59363,500000,1.1959184495749224,0.118726,0,632,0.07,0,0,0.1,0,0,0
USR4680,49,1,7661,351,6642,100000,0.8669886437801854,0.06642,5,524,0.16,1,0,0.12,0,0,0
USR2916,57,1,56395,100,64885,300000,1.1505452611047078,0.21628333333333333,8,110,0.63,3,0,0.64,0,0,0
USR1641,22,1,41922,143,64384,100000,1.5358045894756929,0.64384,6,231,0.25,1,0,0.62,0,0,0
USR7909,30,4,9667,40,9520,300000,0.9847936278059377,0.031733333333333336,4,405,0.93,0,1,0.38,1,1,0
USR9135,30,0,39293,350,41913,200000,1.0666785432519788,0.209565,1,21,0.81,1,0,0.04,2,0,0
USR8204,34,3,10247,201,1000,500000,0.09758953840148336,0.002,15,624,0.84,0,1,0.72,2,0,0
USR7665,63,0,5010,260,3762,300000,0.7508982035928143,0.01254,0,125,0.62,1,0,0.88,1,0,0
USR7994,56,2,55634,65,66570,100000,1.1965704425351404,0.6657,6,405,0.57,1,1,0.95,2,1,0
USR5695,54,2,36109,89,66599,500000,1.844387825749813,0.133198,3,472,0.56,1,0,0.94,1,0,0
USR4776,61,0,38620,121,3626,100000,0.09388917659243914,0.03626,11,497,0.43,1,0,0.48,2,0,0
USR5416,57,3,54007,135,39009,100000,0.7222952580221083,0.39009,11,338,0.2,1,0,0.31,0,1,0
USR9759,31,4,9876,16,10765,200000,1.090016200891049,0.053825,11,554,0.93,0,0,0.63,0,1,0
USR8069,67,3,42113,266,53373,200000,1.2673758696839457,0.266865,10,422,0.66,2,1,0.42,1,1,0
USR4848,41,4,32382,124,5196,100000,0.16045951454511767,0.05196,7,339,0.24,0,1,0.9,2,0,0
USR8083,58,1,17097,136,14510,200000,0.8486869041352284,0.07255,6,602,0.47,2,0,0.29,1,0,0
USR2911,25,3,45873,327,25075,200000,0.5466178361999433,0.125375,11,134,0.44,2,1,0.74,1,1,0
USR8330,57,1,44365,260,45294,500000,1.0209399301250985,0.090588,2,515,0.52,3,0,0.97,0,0,0
USR6107,24,2,21518,349,31823,100000,1.4789013848870713,0.31823,14,365,0.61,0,0,0.04,0,1,0
USR9881,63,4,26682,348,24139,500000,0.9046923019263923,0.048278,3,237,0.2,0,0,0.87,0,0,0
USR2813,46,1,35120,217,8079,200000,0.2300398633257403,0.040395,1,501,0.41,1,0,0.71,2,1,0
USR9065,52,2,38588,166,61010,500000,1.5810614698870116,0.12202,12,421,0.41,0,0,0.21,0,0,0
USR9291,48,4,16837,249,21140,500000,1.2555680940785177,0.04228,21,349,0.63,1,0,0.6,2,0,0
USR2614,54,1,32870,12,52591,300000,1.5999695771219957,0.17530333333333334,1,513,0.47,2,0,0.22,0,0,0
USR4582,43,3,44364,89,26627,500000,0.6001938508700748,0.053254,19,373,0.89,0,0,0.98,0,0,0
USR3864,39,7,31634,3,57166,100000,1.807106278055257,0.57166,3,458,0.07,0,0,0.58,0,0,0
USR4295,34,1,23895,179,36821,300000,1.5409499895375602,0.12273666666666666,3,461,0.85,3,0,0.6,2,0,0
USR6248,29,1,51599,133,91543,500000,1.774123529525766,0.183086,4,152,0.92,3,0,0.04,1,1,0
USR5197,65,1,37071,63,78867,200000,2.127458120903132,0.394335,3,201,0.35,1,0,0.82,1,0,0
USR7342,23,1,45645,210,31445,200000,0.6889034943586373,0.157225,7,660,0.36,1,0,0.27,0,0,0
USR3757,23,1,17798,149,20011,200000,1.1243398134621867,0.100055,17,426,0.27,0,0,0.65,2,0,0
USR4609,49,1,9483,37,25334,300000,2.671517452283033,0.08444666666666667,13,620,0.33,0,0,0.24,0,0,0
USR2671,57,1,21798,243,37305,300000,1.7113955408753097,0.12435,2,129,0.01,1,0,0.81,0,0,0
USR6074,25,0,54893,60,29380,200000,0.5352230703368371,0.1469,1,549,0.57,3,0,0.98,0,0,0
USR9595,40,3,52859,203,56590,500000,1.0705840065078795,0.11318,8,510,0.66,0,0,0.23,1,0,0
USR9431,21,1,52736,324,42448,200000,0.8049150485436893,0.21224,3,120,0.34,0,0,0.77,0,0,0
USR1534,23,0,52736,330,44995,100000,0.8532122269417476,0.44995,16,503,0.63,1,1,0.08,0,1,0
USR3536,66,2,34644,228,5110,100000,0.14750028865027134,0.0511,10,144,0.42,1,0,0.36,0,0,0
USR7679,31,2,56769,30,65316,300000,1.1505575225915552,0.21772,8,14,1.0,0,1,0.25,2,1,0
USR5675,22,1,59374,149,80229,300000,1.3512480210193014,0.26743,6,460,0.55,1,1,0.46,2,0,0
USR5079,38,0,41219,200,63888,200000,1.5499648220480846,0.31944,8,7,0.74,0,0,0.46,0,0,0
USR6495,25,2,45729,128,48562,300000,1.0619519342211725,0.16187333333333334,14,231,0.02,1,1,0.23,0,0,0
USR8274,38,1,24361,214,22781,500000,0.935142235540413,0.045562,15,249,0.83,1,0,0.78,0,1,0
USR6174,61,2,43049,2,55403,100000,1.2869753072080652,0.55403,6,236,0.36,0,0,0.96,1,0,0
USR4668,49,0,37548,53,25513,500000,0.6794769361883456,0.051026,3,207,0.44,0,0,0.92,2,0,0
USR7687,21,3,21003,47,40149,500000,1.9115840594200828,0.080298,11,378,0.09,2,0,0.63,2,0,0
USR4729,51,3,23556,205,21866,100000,0.9282560706401766,0.21866,4,547,0.01,3,0,0.86,1,0,0
USR4886,58,2,16635,11,17665,300000,1.0619176435226931,0.058883333333333336,0,562,0.5,1,1,0.49,0,1,0
USR7331,58,2,33301,168,81643,300000,2.451668118074532,0.27214333333333335,0,367,0.71,0,0,0.17,0,0,0
USR5007,35,3,57688,35,53149,300000,0.9213181250866731,0.17716333333333334,3,522,0.73,0,1,0.92,0,0,0
USR1171,27,2,41479,163,63717,200000,1.5361267147231128,0.318585,6,395,0.79,3,1,0.91,1,0,0
USR8939,24,3,27559,47,28141,300000,1.0211183279509417,0.09380333333333334,13,284,0.67,2,1,0.07,2,1,0
USR4422,26,0,54266,311,60362,200000,1.1123355323775477,0.30181,12,392,0.46,1,1,0.94,2,0,0
USR8728,40,0,54985,140,74354,300000,1.3522597071928708,0.24784666666666666,2,665,0.44,2,0,0.29,1,0,0
USR8694,56,3,33477,66,13982,200000,0.4176598858918063,0.06991,3,190,0.78,1,1,0.12,0,0,0
USR3588,19,2,16260,171,34386,300000,2.114760147601476,0.11462,2,592,0.84,0,0,0.96,0,1,1
USR8887,29,2,10559,156,7478,500000,0.7082110048300029,0.014956,3,173,0.55,1,1,0.15,1,0,0
USR1193,55,1,24640,262,14125,200000,0.5732548701298701,0.070625,25,180,0.28,3,1,0.95,2,0,0
USR7587,59,0,15497,335,16326,500000,1.0534942246886494,0.032652,17,549,0.43,0,0,0.28,1,0,0
USR3820,63,2,31333,129,1000,500000,0.03191523314077809,0.002,9,57,0.39,1,0,0.91,1,0,0
USR3111,27,2,37812,131,42524,300000,1.1246165238548609,0.14174666666666666,7,179,0.01,3,0,0.53,0,1,0
USR9112,60,1,27607,200,33762,300000,1.2229507009091898,0.11254,6,10,0.98,0,1,0.71,0,0,0
USR2385,55,4,24226,143,15811,200000,0.6526459176091802,0.079055,6,300,0.81,3,0,0.27,2,0,0
USR3461,18,5,20965,269,18236,300000,0.86983067016456,0.06078666666666667,7,17,0.9,1,0,0.6,1,1,0
USR9743,39,0,10490,262,13684,200000,1.3044804575786464,0.06842,8,166,0.94,2,0,0.49,1,0,0
USR8572,29,0,13170,292,9748,100000,0.740167046317388,0.09748,24,146,0.35,1,1,0.63,2,0,0
USR7381,29,0,53486,174,45861,300000,0.8574393299181094,0.15287,3,233,0.17,1,0,0.36,2,0,0
USR1509,50,3,24998,334,40321,300000,1.612969037523002,0.13440333333333335,6,513,0.92,1,0,0.41,1,1,0
USR2969,66,1,55355,269,69682,500000,1.2588203414325716,0.139364,0,486,0.04,0,0,0.6,2,0,0
USR5493,43,3,9073,140,16769,200000,1.8482310150997465,0.083845,19,106,0.86,0,0,0.0,0,0,0
USR9040,50,1,15850,125,34703,500000,2.1894637223974764,0.069406,25,633,0.84,0,1,0.95,0,0,1
USR2392,61,3,22096,248,10131,500000,0.45849927588703837,0.020262,20,700,0.68,0,0,0.4,0,0,0
USR6588,56,0,42892,179,57171,100000,1.3329059031987316,0.57171,12,52,0.23,1,1,0.96,1,0,0
USR5420,23,0,9292,33,18871,500000,2.030886784330607,0.037742,4,211,0.88,1,0,0.99,1,1,1
USR5994,30,4,26451,302,27179,300000,1.0275225889380364,0.09059666666666667,5,97,0.78,0,0,0.97,1,1,0
USR7502,32,1,30384,21,45786,300000,1.506911532385466,0.15262,7,614,0.98,1,1,0.23,1,0,0
USR3267,50,1,52391,23,59310,200000,1.1320646675955794,0.29655,5,619,0.84,0,0,0.75,1,0,0
USR2463,34,2,27016,127,26780,300000,0.991264435889843,0.08926666666666666,3,213,0.34,0,0,0.67,2,1,0
USR4235,54,2,5303,325,4503,300000,0.8491419950971149,0.01501,12,474,0.67,0,1,0.29,1,0,0
USR9811,27,2,33225,330,52234,300000,1.5721294206170053,0.17411333333333334,1,44,0.59,0,0,0.98,0,0,0
USR3631,41,4,40356,287,77132,300000,1.9112895232431362,0.25710666666666665,3,286,0.84,3,1,0.8,2,0,1
USR5491,25,2,45903,260,88284,200000,1.9232729886935493,0.44142,0,12,0.97,0,1,0.17,2,0,0
USR4547,62,1,30131,329,27004,500000,0.8962198400318608,0.054008,6,122,0.4,1,0,0.09,2,0,0
USR6171,59,3,11726,55,13320,500000,1.1359372334982092,0.02664,4,320,0.67,2,1,0.8,1,1,0
USR8165,52,0,50030,223,29847,300000,0.5965820507695383,0.09949,5,169,0.16,0,1,0.35,1,1,0
USR5282,22,1,46120,83,11981,300000,0.2597788378143972,0.03993666666666667,8,496,0.14,0,0,0.62,2,1,0
USR3900,27,2,29175,112,4789,500000,0.16414738646101115,0.009578,14,246,0.22,1,0,0.85,1,1,0
USR6148,66,2,57736,268,27429,500000,0.4750762089510877,0.054858,1,419,0.09,0,0,0.69,1,1,0
USR7221,38,1,35802,48,46746,100000,1.3056812468577175,0.46746,16,235,0.21,0,0,0.26,2,0,0
USR1472,57,2,31953,157,36474,500000,1.1414890620599005,0.072948,3,354,0.85,3,0,0.02,1,0,0
USR9805,35,0,21418,278,26152,200000,1.221029040993557,0.13076,2,18,0.87,1,0,0.46,0,0,0
USR3457,35,2,9687,153,5560,500000,0.5739651078765355,0.01112,4,392,0.74,2,1,0.79,1,0,0
USR2950,58,2,17521,331,5585,300000,0.31876034472918213,0.018616666666666667,14,96,0.57,0,0,0.71,1,1,0
USR1336,36,0,42676,354,97414,200000,2.2826412972162338,0.48707,10,353,0.96,3,0,0.9,1,0,1
USR1137,21,3,49222,28,87729,500000,1.7823127869651783,0.175458,3,65,0.38,2,0,0.84,0,1,0
USR3921,52,1,25695,79,15416,100000,0.599961081922553,0.15416,0,71,0.31,1,1,0.68,2,0,0
USR1895,30,4,15071,296,26326,500000,1.7467984871607722,0.052652,11,218,0.25,0,1,0.71,2,1,0
USR1783,35,1,47694,35,65785,100000,1.379313959827232,0.65785,12,233,0.73,0,0,0.99,0,0,0
USR9122,66,3,58406,52,99515,200000,1.7038489196315447,0.497575,0,522,0.82,0,0,0.77,2,0,0
USR7612,30,4,20501,46,16961,100000,0.8273254963172528,0.16961,14,669,0.26,3,1,0.56,0,0,0
USR3474,61,2,59739,289,47412,100000,0.7936523878873099,0.47412,9,343,0.33,1,0,0.44,2,0,0
USR2560,34,2,21633,211,29164,100000,1.3481255489298756,0.29164,5,359,0.89,0,0,0.51,2,1,0
USR5064,21,1,30941,219,22033,500000,0.7120972172845093,0.044066,17,240,0.36,1,0,0.52,1,1,0
USR8257,38,0,23588,24,20929,500000,0.8872731897575038,0.041858,4,343,0.34,1,0,0.8,2,0,0
USR4129,56,1,32856,244,35450,500000,1.0789505721938155,0.0709,5,303,0.87,1,0,0.25,2,0,0
USR9969,27,3,21183,252,19133,300000,0.9032242836236605,0.06377666666666666,2,324,0.62,0,1,0.4,0,0,0
USR9219,62,0,55203,308,109369,300000,1.9812147890513196,0.36456333333333335,11,458,0.85,0,0,0.95,0,0,1
USR9616,46,3,23335,269,7236,500000,0.3100921362759803,0.014472,5,302,0.37,0,1,0.97,1,1,0
USR5422,68,2,7343,361,10261,200000,1.3973852648781153,0.051305,29,96,0.7,1,0,0.95,0,1,1
USR6057,42,1,5348,158,7563,200000,1.4141735228122663,0.037815,12,409,0.18,1,1,0.42,1,0,0
USR3967,60,3,54266,210,83394,100000,1.5367633509011167,0.83394,21,67,0.31,3,0,0.61,1,0,0
USR6665,67,1,34032,311,61132,500000,1.7963093559003291,0.122264,3,445,0.09,3,0,0.86,1,0,0
USR6930,21,1,32788,230,12911,200000,0.39377211174820054,0.064555,11,173,0.93,0,0,0.52,2,0,0
USR6070,42,3,54674,26,29930,200000,0.5474265647291217,0.14965,4,647,0.53,0,0,0.65,1,0,0
USR9261,29,3,17085,324,15837,300000,0.926953467954346,0.05279,4,624,0.16,0,0,0.8,0,0,0
USR7752,56,0,33855,200,28195,200000,0.8328164229803574,0.140975,16,58,0.34,0,0,0.61,0,0,0
USR3032,61,2,29080,16,15845,100000,0.5448762035763411,0.15845,16,158,0.24,1,0,0.38,1,0,0
USR4174,62,1,42289,320,44460,200000,1.0513372271749155,0.2223,4,470,0.68,2,0,0.33,0,0,0
USR3281,65,2,33354,48,1486,100000,0.04455237752593392,0.01486,17,220,0.1,0,1,0.58,0,1,0
USR3667,49,4,25348,197,4789,300000,0.18893009310399242,0.015963333333333333,0,621,0.01,1,0,0.18,2,0,0
USR6832,24,1,46008,91,54800,500000,1.1910972004868718,0.1096,18,349,0.25,3,0,0.11,2,0,0
USR7056,41,2,30656,8,13111,500000,0.4276813674321503,0.026222,21,432,0.67,0,0,0.6,0,1,0
USR5751,39,4,39118,276,47112,100000,1.2043560509228488,0.47112,13,546,0.51,3,0,0.96,1,0,0
USR9740,49,4,36222,144,29491,100000,0.8141737065871569,0.29491,1,392,0.07,3,0,0.6,0,0,0
USR1381,30,1,14390,162,23652,100000,1.6436414176511467,0.23652,0,171,0.56,0,0,0.23,1,0,0
USR8795,33,0,28808,10,18462,500000,0.6408636489863927,0.036924,3,516,0.41,0,0,0.91,1,0,0
USR5481,52,4,57438,314,72033,500000,1.2541000731223233,0.144066,1,212,0.05,0,0,0.02,0,0,0
USR6024,69,0,52420,28,61268,100000,1.1687905379626098,0.61268,5,468,0.1,0,0,0.09,2,1,0
USR4897,43,0,27742,172,13434,100000,0.4842477110518348,0.13434,2,481,0.48,0,0,0.02,0,0,0
USR6318,64,2,45404,170,25632,500000,0.5645317593163598,0.051264,10,410,0.79,3,0,0.23,2,1,0
USR4914,32,0,12531,33,3398,300000,0.2711675045886202,0.011326666666666667,2,56,0.15,2,0,0.79,1,0,0
USR7323,63,3,37566,295,1000,300000,0.02661981579087473,0.0033333333333333335,12,365,0.95,2,0,0.5,1,0,0
USR9018,40,2,10511,25,14650,200000,1.393777946912758,0.07325,3,247,0.44,0,0,0.29,2,0,0
USR2493,42,1,31235,236,68334,200000,2.1877381142948615,0.34167,9,402,0.34,1,0,0.75,0,0,0
USR8333,70,4,9713,1,9756,300000,1.0044270565221867,0.03252,7,492,0.09,2,0,0.17,0,0,0
USR2049,64,1,20853,262,8718,300000,0.41806934254064165,0.02906,16,250,0.94,0,1,0.71,1,1,0
USR8976,58,1,20987,309,27413,100000,1.3061895459093724,0.27413,9,307,0.28,3,0,0.82,0,0,0
USR3278,25,2,19202,297,20130,500000,1.0483282991355067,0.04026,4,185,0.98,0,0,0.45,0,0,0
USR8025,29,1,7278,133,4461,100000,0.6129431162407255,0.04461,16,537,0.16,1,0,0.09,0,1,0
USR4400,24,3,55410,325,67178,500000,1.21238043674427,0.134356,21,474,0.6,0,0,0.76,0,0,0
USR6785,32,1,28082,8,39613,500000,1.410618901787622,0.079226,20,84,0.04,0,0,0.15,0,0,0
USR2926,18,4,26118,87,21613,100000,0.8275135921586645,0.21613,3,362,0.37,3,0,0.89,0,0,0
USR4747,24,1,46597,207,22433,200000,0.4814258428654205,0.112165,13,462,0.86,0,0,0.0,0,0,0
USR3051,70,1,8247,221,6147,100000,0.7453619497999272,0.06147,0,221,0.17,0,0,0.12,0,0,0
USR1687,54,3,50506,136,24425,200000,0.4836059082089257,0.122125,2,416,0.65,3,0,0.15,0,0,0
USR5333,33,2,6495,80,6562,300000,1.0103156274056966,0.021873333333333335,5,380,0.72,1,0,0.21,0,1,0
USR5954,37,0,33308,211,47526,200000,1.4268644169568871,0.23763,6,552,0.18,1,0,0.79,1,0,0
USR4094,24,0,15649,32,21157,300000,1.35197137197265,0.07052333333333333,5,298,0.88,1,1,0.31,2,0,0
USR9169,50,3,37684,140,22747,200000,0.6036248805859251,0.113735,3,682,0.91,1,0,0.39,1,0,0
USR1747,65,1,36828,290,74536,300000,2.02389486260454,0.24845333333333333,10,113,0.82,3,0,0.76,0,0,1
USR8048,52,0,7857,160,20884,100000,2.6580119638538884,0.20884,5,159,0.37,2,0,0.71,0,0,0
USR2279,23,3,44413,61,60074,300000,1.352621980050886,0.20024666666666666,5,130,0.07,2,1,0.34,0,1,0
USR5655,64,5,59157,128,24028,200000,0.4061734029785148,0.12014,0,286,0.81,2,1,0.81,0,0,0
USR8629,43,3,13552,242,7887,100000,0.5819805194805194,0.07887,11,421,0.79,0,0,0.7,1,1,0
USR5692,61,3,23150,242,18689,500000,0.8073002159827214,0.037378,14,262,0.71,0,0,0.15,0,0,0
USR9761,46,2,58189,341,52425,500000,0.9009434772895221,0.10485,6,365,0.79,1,0,0.31,2,0,0
USR2511,42,4,25762,16,33622,100000,1.3051005356726961,0.33622,7,156,0.14,0,0,0.4,0,1,0
USR4380,32,0,29997,13,28158,300000,0.9386938693869387,0.09386,7,58,0.38,0,0,0.56,1,1,0
USR8056,68,8,49188,243,85318,200000,1.7345287468488249,0.42659,3,431,0.81,1,0,0.14,0,0,0
USR5625,32,2,30150,113,18952,300000,0.6285903814262023,0.06317333333333333,2,258,0.18,0,1,0.8,1,0,0
USR7477,52,2,42320,88,53190,500000,1.2568525519848772,0.10638,2,467,0.09,2,0,0.94,1,0,0
USR6338,63,4,39356,106,9746,300000,0.2476369549750991,0.032486666666666664,14,652,0.31,0,0,0.12,0,0,0
USR5210,48,2,21281,65,13079,200000,0.6145857807433861,0.065395,8,662,0.03,2,0,0.89,1,1,0
USR6199,37,1,7419,288,5496,300000,0.7408006469874646,0.01832,0,201,0.35,2,0,0.85,2,0,0
USR1644,32,0,26219,115,29121,200000,1.1106830924138984,0.145605,4,644,0.78,2,0,0.5,2,0,0
USR1307,42,1,40723,221,76617,500000,1.8814183630871988,0.153234,0,194,0.84,0,0,0.96,0,0,1
USR5122,66,0,45412,349,46279,500000,1.0190918699903109,0.092558,6,458,0.55,3,1,0.42,0,0,0
USR4194,22,2,52477,300,49781,200000,0.9486251119538084,0.248905,6,359,0.84,0,0,0.32,0,0,0
USR7227,33,1,37179,208,15912,200000,0.4279835390946502,0.07956,3,415,0.61,2,0,0.73,0,0,0
USR6027,21,1,39961,23,51649,100000,1.2924851730437177,0.51649,13,482,0.86,0,1,0.98,0,1,0
USR6910,49,4,54662,126,108307,300000,1.98139475321064,0.3610233333333333,3,20,0.58,0,0,0.18,0,0,0
USR2065,59,1,46358,18,40333,200000,0.8700332197247509,0.201665,12,223,0.63,1,1,0.24,0,0,0
USR5655,27,0,37158,47,32477,300000,0.8740244361913989,0.10825666666666667,13,681,0.35,2,0,0.06,0,1,0
USR9954,44,1,8763,144,8946,300000,1.0208832591578227,0.02982,3,69,0.92,2,1,0.91,0,0,0
USR6813,43,2,12948,257,12980,300000,1.0024714241581711,0.04326666666666667,6,670,0.94,3,0,0.79,0,0,0
USR9932,32,2,56638,282,79306,300000,1.4002259966806738,0.26435333333333333,9,577,0.61,0,0,0.46,0,0,0
USR3020,25,2,48642,297,41308,100000,0.8492249496320052,0.41308,0,450,0.95,1,0,0.7,1,1,0
USR6540,27,2,32058,165,15946,500000,0.4974109426664171,0.031892,5,339,0.77,0,0,0.39,2,0,0
USR8766,31,3,33769,361,64153,300000,1.8997601350350914,0.21384333333333333,1,31,0.22,0,0,0.43,0,1,0
USR3046,35,4,52798,362,92625,100000,1.7543278154475548,0.92625,19,112,0.03,0,0,0.09,0,0,0
USR1480,34,1,27865,69,39601,500000,1.42117351516239,0.079202,0,247,0.96,2,0,0.87,1,1,0
USR4414,29,1,54228,217,92118,300000,1.6987165302057978,0.30706,2,58,0.78,0,0,0.63,0,0,0
USR9517,33,1,41765,313,22415,100000,0.5366934035675806,0.22415,2,144,0.25,1,0,0.68,0,1,0
USR1157,40,2,53091,150,36832,300000,0.693752236725622,0.12277333333333333,1,23,0.8,2,1,0.81,1,0,0
USR5137,36,2,31974,20,21038,500000,0.6579721023331457,0.042076,10,129,0.65,2,0,0.65,0,0,0
USR1452,38,5,26443,124,36501,100000,1.380365314071777,0.36501,8,410,0.4,1,0,0.26,1,0,0
USR2744,55,4,59895,258,53827,100000,0.8986893730695383,0.53827,11,37,0.02,1,0,0.03,0,1,0
USR4892,48,2,46159,171,47095,200000,1.020277735652852,0.235475,2,188,0.56,3,0,0.17,0,1,0
USR2548,18,2,26263,336,37217,500000,1.4170886798918632,0.074434,6,524,0.4,2,0,0.23,2,0,0
USR3884,64,3,45934,24,100310,200000,2.183785431270954,0.50155,15,72,0.69,2,0,0.76,1,0,0
USR3709,18,1,14540,354,13233,300000,0.9101100412654746,0.04411,11,594,0.74,0,0,0.07,2,0,0
USR5858,25,0,54884,137,91363,100000,1.6646563661540703,0.91363,10,601,0.91,0,0,0.28,0,0,0
USR8197,67,0,11907,263,20809,100000,1.7476274460401444,0.20809,9,363,0.34,3,0,0.39,0,0,0
USR7878,26,2,23166,195,18751,100000,0.8094189760856427,0.18751,3,173,0.51,1,1,0.22,0,1,0
USR5970,38,6,24684,285,27505,300000,1.1142845567979258,0.09168333333333334,0,337,0.4,1,1,0.5,2,0,0
USR3621,45,1,8466,34,6178,300000,0.7297424994094023,0.020593333333333335,2,382,0.76,1,1,0.06,0,0,0
USR7608,68,3,42723,64,46791,300000,1.095218032441542,0.15597,12,288,0.8,0,0,0.02,2,0,0
USR4015,53,5,43681,230,50829,100000,1.1636409422861198,0.50829,4,682,0.74,2,1,0.63,0,0,0
USR6071,22,2,35702,208,50819,500000,1.423421657050025,0.101638,9,210,0.75,0,0,0.7,0,1,0
USR1238,18,3,21214,353,25568,500000,1.2052418214386726,0.051136,14,111,0.61,3,0,0.92,2,0,0
USR8031,62,1,47774,1,27347,500000,0.57242433122619,0.054694,9,366,0.35,2,0,0.57,1,0,0
USR9795,64,0,39398,289,62978,100000,1.5985075384537286,0.62978,11,676,0.45,1,0,0.32,0,0,0
USR8346,42,0,9921,139,10845,200000,1.0931357726035682,0.054225,3,527,0.18,3,1,0.81,0,1,0
USR4722,57,3,53295,132,22333,300000,0.4190449385495825,0.07444333333333333,14,693,0.1,0,0,0.89,2,0,0
USR7090,60,2,13429,109,25824,100000,1.923002457368382,0.25824,9,27,0.1,2,0,0.88,0,1,1
USR9496,54,1,44803,33,32435,100000,0.7239470571167109,0.32435,11,522,0.61,0,0,0.04,2,0,0
USR7413,59,1,45527,228,61044,200000,1.3408307158389527,0.30522,13,598,0.01,0,0,0.4,1,1,0
USR5456,60,0,36915,30,86962,300000,2.3557361506162806,0.2898733333333333,2,526,0.7,0,1,0.39,0,0,0
USR7951,45,2,7614,22,10406,100000,1.3666929340688205,0.10406,21,101,0.28,2,0,0.27,0,0,0
USR7698,45,1,20571,59,26047,100000,1.2661999902775751,0.26047,0,44,0.67,0,1,0.65,1,0,0
USR6426,28,1,38138,232,22021,300000,0.5774031150034087,0.07340333333333333,10,294,0.94,0,0,0.39,2,0,0
USR3236,42,2,45795,18,66928,100000,1.4614695927503003,0.66928,13,262,0.59,0,0,0.34,2,0,0
USR3110,58,1,42661,152,72401,200000,1.6971238367595696,0.362005,14,505,0.56,3,0,0.6,1,0,0
USR6435,45,1,38386,63,36870,500000,0.9605064346376283,0.07374,20,676,0.02,1,0,0.23,0,1,0
USR7402,25,4,33547,184,51217,100000,1.5267237010761021,0.51217,3,602,0.12,0,0,0.6,0,0,0
USR6982,51,5,40702,205,79450,300000,1.9519925310795538,0.2648333333333333,2,595,0.3,1,0,0.71,0,0,0
USR2369,30,3,18932,329,3652,300000,0.19290090851468414,0.012173333333333333,9,530,0.23,3,0,0.52,2,0,0
USR5402,67,1,53601,173,24636,300000,0.45961829070353166,0.08212,4,448,0.24,1,0,0.16,2,0,0
USR2895,45,1,19185,274,27118,500000,1.4135001303101382,0.054236,4,73,0.9,0,0,0.21,1,1,0
USR6470,51,1,45503,240,87698,200000,1.9273014966046196,0.43849,14,210,0.63,3,0,0.8,1,1,1
USR1600,64,4,12296,72,1820,200000,0.1480156148340924,0.0091,3,513,0.43,0,0,0.5,2,1,0
USR4171,38,2,26663,249,1000,100000,0.037505156959081874,0.01,17,98,0.88,3,1,0.11,1,0,0
USR3723,19,1,9761,18,5056,200000,0.5179797151931155,0.02528,10,456,0.7,2,0,0.14,2,1,0
USR3232,30,2,34999,200,49608,500000,1.4174119260550302,0.099216,0,57,0.54,0,0,0.33,1,0,0
USR7498,67,1,18146,145,15298,100000,0.8430508100958889,0.15298,15,652,0.74,0,0,0.67,0,0,0
USR3157,52,1,5010,300,10896,100000,2.174850299401198,0.10896,13,199,0.94,3,0,0.39,1,0,0
USR5944,31,1,42985,361,68528,200000,1.5942305455391415,0.34264,6,699,0.63,1,1,0.72,2,1,0
USR1744,35,3,49543,158,64682,100000,1.305572936640898,0.64682,9,15,0.89,0,0,0.52,1,0,0
USR4026,20,2,37513,218,16533,300000,0.44072721456561725,0.05511,0,478,0.25,3,0,0.62,2,0,0
USR5013,29,4,34069,183,16547,500000,0.48569080395667613,0.033094,4,171,0.27,0,1,0.03,2,0,0
USR6108,33,5,34484,22,47944,100000,1.3903259482658625,0.47944,7,250,0.63,3,0,0.41,0,1,0
USR7774,61,1,18226,58,15656,300000,0.8589926478656864,0.052186666666666666,4,22,0.95,1,1,0.43,0,1,0
USR8208,30,2,16254,289,27637,300000,1.7003199212501539,0.09212333333333333,1,271,0.51,1,0,0.67,1,0,0
USR5488,21,0,19036,63,18716,300000,0.9831897457449044,0.06238666666666667,6,417,0.26,3,0,0.22,2,0,0
USR7351,29,2,53028,173,25902,500000,0.48845892735913105,0.051804,4,321,0.36,1,1,0.27,0,0,0
USR7605,40,1,18550,219,25661,500000,1.3833423180592992,0.051322,7,180,0.5,0,0,0.73,0,0,0
USR3680,62,2,34799,230,55102,300000,1.5834363056409666,0.18367333333333333,0,198,0.48,0,0,0.16,2,0,0
USR9434,67,0,56741,16,64460,300000,1.136039195643362,0.21486666666666668,21,92,0.38,0,0,0.08,1,0,0
USR4972,70,4,40349,163,45335,500000,1.1235718357332276,0.09067,20,99,0.67,0,0,0.16,1,0,0
USR4987,49,2,58805,306,6521,500000,0.11089193095825185,0.013042,7,292,0.34,1,1,0.64,0,0,0
USR2846,24,0,58242,221,91547,200000,1.5718381923697675,0.457735,3,225,0.14,0,1,0.74,0,0,0
USR7720,47,4,20344,331,28196,200000,1.3859614628391663,0.14098,6,131,0.03,1,0,0.25,0,0,0
USR7391,37,2,9590,277,6870,200000,0.7163712200208551,0.03435,5,91,0.47,3,0,0.75,0,1,0
USR1817,29,2,9545,201,3913,100000,0.40995285489785227,0.03913,3,510,0.66,0,1,0.79,0,1,0
USR4818,59,5,40564,157,36744,300000,0.9058278276304113,0.12248,7,263,0.79,2,1,0.43,2,0,0
USR6121,42,0,16764,204,6094,300000,0.36351706036745407,0.020313333333333333,17,207,0.87,1,0,0.73,0,0,0
USR7454,66,0,5746,257,4349,200000,0.7568743473720849,0.021745,11,612,0.43,1,1,0.84,0,0,0
USR5716,21,2,33516,110,71963,200000,2.1471237617854158,0.359815,6,101,0.03,1,0,0.89,0,0,0
USR3805,23,3,43297,44,1000,300000,0.023096288426449868,0.0033333333333333335,11,207,0.57,1,0,0.46,1,0,0
USR2038,40,3,25161,263,40957,100000,1.6277969874011367,0.40957,2,421,0.82,2,0,0.9,0,0,0
USR2237,69,0,46060,302,99702,500000,2.16461137646548,0.199404,1,178,0.75,0,0,0.43,1,0,0
USR4153,43,2,10263,72,8882,300000,0.8654389554711098,0.029606666666666667,11,684,0.94,1,0,0.46,2,0,0
USR1329,29,3,28925,142,14625,500000,0.5056179775280899,0.02925,5,441,0.7,1,0,0.08,1,0,0
USR8921,43,0,51427,272,27057,500000,0.5261244093569526,0.054114,6,519,0.5,0,1,0.71,0,0,0
USR1401,36,0,57137,54,98341,300000,1.7211439172515184,0.32780333333333334,8,303,0.22,0,0,0.83,0,1,0
USR5211,30,0,30097,224,27037,300000,0.8983287370834302,0.09012333333333333,11,302,0.79,3,0,0.17,1,0,0
USR5355,58,0,25398,132,22104,200000,0.8703047484053863,0.11052,10,179,0.18,1,0,0.64,0,1,0
USR6843,23,3,44734,140,57307,100000,1.2810613850762285,0.57307,6,555,0.89,1,0,0.11,0,1,0
USR1267,62,3,58566,156,27152,500000,0.4636137007820237,0.054304,7,423,0.73,0,0,0.04,0,1,0
USR6414,34,3,57215,219,48330,200000,0.844708555448746,0.24165,8,524,0.99,1,0,0.15,2,0,0
USR8865,42,3,49835,248,105688,200000,2.1207585030600984,0.52844,0,18,0.39,2,1,1.0,1,1,1
USR8397,44,1,25841,76,26543,500000,1.0271661313416665,0.053086,5,505,0.04,1,0,0.78,1,0,0
USR9411,62,1,38081,278,9755,500000,0.25616449147869014,0.01951,16,631,0.93,1,0,0.85,0,0,0
USR5621,46,2,57496,70,69200,200000,1.2035619869208294,0.346,16,410,0.04,0,1,0.84,1,1,0
USR8052,64,0,5159,297,1000,200000,0.1938360147315371,0.005,3,173,0.13,0,1,0.66,0,0,0
USR1724,67,1,41612,27,56578,500000,1.3596558684994713,0.113156,8,44,0.91,1,0,0.53,2,0,0
USR3398,28,5,54694,110,53763,500000,0.9829780231835302,0.107526,3,241,0.42,1,0,0.66,0,1,0
USR5662,29,3,26767,37,7531,100000,0.2813539059289423,0.07531,9,149,0.47,0,0,0.68,0,0,0
USR4971,21,2,46750,13,84975,200000,1.8176470588235294,0.424875,7,489,0.61,0,0,0.65,1,0,0
USR6283,47,4,39003,105,33712,200000,0.8643437684280696,0.16856,4,175,0.7,1,1,0.63,0,0,0
USR3350,23,2,53364,315,48654,100000,0.911738250505959,0.48654,0,291,0.54,0,0,0.35,0,0,0
USR3215,58,2,29106,101,55639,200000,1.9115989830275544,0.278195,6,189,0.7,0,0,0.97,1,0,0
USR9930,40,0,21095,71,12429,200000,0.5891917515999052,0.062145,3,299,0.17,0,0,0.37,0,0,0
USR8459,70,2,19583,33,16574,300000,0.846346320788439,0.055246666666666666,4,171,0.77,3,0,0.84,0,0,0
USR7384,28,1,26690,162,11397,300000,0.42701386286998877,0.03799,8,18,0.6,2,1,0.52,1,1,0
USR6417,20,1,43383,310,36243,200000,0.8354194039139755,0.181215,7,419,0.36,0,0,0.47,0,0,0
USR9137,29,1,28255,213,20748,200000,0.7343125110599894,0.10374,0,374,0.46,1,0,0.11,0,0,0
USR7838,35,2,25893,115,49324,100000,1.9049163866682115,0.49324,5,16,0.0,1,0,0.55,0,0,0
USR7190,41,4,58354,41,79118,300000,1.3558282208588956,0.26372666666666666,1,596,0.04,1,1,0.81,0,0,0
USR2002,51,0,52209,25,47502,500000,0.9098431304947423,0.095004,3,436,0.72,1,0,0.28,0,0,0
USR1973,50,2,22191,290,38950,500000,1.7552160785904196,0.0779,10,432,0.39,1,0,0.16,0,0,0
USR9988,61,3,40935,2,55347,100000,1.3520703554415536,0.55347,7,314,0.92,1,0,0.89,0,0,0
USR6825,30,1,34203,87,25267,200000,0.7387363681548402,0.126335,4,531,0.48,0,0,0.3,0,0,0
USR7112,21,2,16678,272,12405,100000,0.7437942199304473,0.12405,22,672,0.3,0,1,0.12,0,0,0
USR9053,19,4,40811,188,54317,500000,1.3309401876944942,0.108634,13,37,0.08,0,1,0.59,0,0,0
USR7973,70,2,53652,291,33168,200000,0.618206217848356,0.16584,9,664,0.83,0,0,0.09,0,0,0
USR1284,46,2,26827,102,21053,100000,0.7847690759309651,0.21053,1,334,0.62,0,0,0.02,2,1,0
USR1263,55,2,20283,277,18534,500000,0.9137701523443278,0.037068,18,472,0.3,3,0,1.0,2,0,0
USR1827,54,4,37552,229,23084,100000,0.6147209203238176,0.23084,15,168,0.23,0,0,0.75,0,0,0
USR8211,42,1,39283,285,51767,300000,1.3177965023037956,0.17255666666666666,5,612,0.55,2,1,0.32,0,1,0
USR3467,40,1,35754,55,40197,200000,1.1242658164121497,0.200985,7,544,0.57,0,0,0.65,1,1,0
USR1433,54,3,47125,126,82372,200000,1.747946949602122,0.41186,10,384,0.18,2,0,0.92,0,0,0
USR2091,26,2,54920,77,16107,200000,0.29328113619810636,0.080535,2,250,0.26,1,0,0.71,0,0,0
USR2232,34,1,45850,55,18069,100000,0.39408942202835334,0.18069,16,148,0.98,0,0,0.17,1,0,0
USR9065,41,2,58976,204,40829,300000,0.6922985621269669,0.13609666666666667,0,316,0.13,0,0,0.8,1,0,0
USR4895,56,1,16928,92,14144,300000,0.8355387523629489,0.04714666666666667,17,105,0.2,3,0,0.33,0,0,0
USR9416,61,3,48894,157,49130,100000,1.0048267681106067,0.4913,17,380,0.7,2,0,0.45,0,0,0
USR3326,51,2,6971,57,12394,500000,1.7779371682685412,0.024788,7,57,0.18,0,0,0.63,2,1,0
USR2628,68,2,38328,147,21475,300000,0.5602953454393654,0.07158333333333333,11,577,0.59,1,1,0.7,2,0,0
USR4526,38,4,24798,126,1000,200000,0.040325832728445844,0.005,17,531,0.94,1,0,0.51,0,0,0
USR4229,67,5,31007,168,27996,200000,0.9028928951527074,0.13998,6,100,0.86,2,0,0.73,2,0,0
USR1153,33,1,37466,302,49148,200000,1.3118027011156783,0.24574,6,585,0.53,0,0,0.36,2,0,0
USR2912,27,3,12816,209,7199,500000,0.5617197253433208,0.014398,2,598,0.94,0,0,0.09,0,0,0
USR5960,19,4,12675,168,10902,300000,0.8601183431952663,0.03634,14,693,0.73,1,0,0.29,0,0,0
USR1964,47,1,55112,69,107791,200000,1.9558535346204093,0.538955,2,429,0.11,0,0,0.49,0,0,0
USR1844,57,1,36742,11,26442,100000,0.7196668662566,0.26442,0,547,0.98,1,1,0.8,0,0,0
USR9537,65,4,38102,268,43792,500000,1.1493359928612672,0.087584,7,31,0.6,0,0,0.05,0,0,0
USR7575,67,1,16624,268,24247,200000,1.4585538979788257,0.121235,0,158,0.8,0,0,0.34,0,1,0
USR2948,34,2,33242,204,48718,200000,1.4655556224053907,0.24359,10,136,0.3,1,0,0.35,0,1,0
USR4106,44,3,7057,276,4798,100000,0.6798923055122573,0.04798,12,490,0.55,0,0,0.62,2,1,0
USR1035,69,0,53763,151,119277,500000,2.2185703922772166,0.238554,4,474,0.97,3,0,0.88,0,1,1
USR2421,29,2,10340,204,3508,200000,0.3392649903288201,0.01754,7,369,0.56,3,1,0.77,0,0,0
USR9047,19,3,36530,61,37532,100000,1.0274295099917876,0.37532,2,11,0.44,1,1,0.31,0,0,0
USR8297,19,2,14448,216,22777,300000,1.5764811738648947,0.07592333333333333,7,151,0.23,0,1,0.11,0,0,0
USR6610,51,4,19016,25,24773,200000,1.3027450567942784,0.123865,7,464,0.4,3,0,0.86,0,0,0
USR4376,43,4,15748,286,13741,500000,0.8725552451104902,0.027482,14,252,0.21,1,1,0.91,1,0,0
USR6099,20,2,49119,191,60786,200000,1.2375251939168144,0.30393,17,534,0.83,2,0,0.26,0,1,0
USR8870,30,2,11564,10,5985,300000,0.5175544794188862,0.01995,0,303,0.29,0,0,0.59,0,0,0
USR7643,30,4,31794,187,47320,500000,1.4883311316600616,0.09464,8,634,0.56,1,0,0.63,1,0,0
USR2397,26,0,42456,146,46324,200000,1.0911060863011117,0.23162,4,384,0.35,3,0,0.08,1,0,0
USR7652,59,2,36535,41,72344,500000,1.9801286437662515,0.144688,2,77,0.31,2,1,0.27,0,0,0
USR9290,26,5,48439,326,33688,300000,0.6954726563306427,0.11229333333333333,6,635,0.2,0,1,0.13,1,0,0
USR4955,37,2,6391,260,6673,500000,1.0441245501486465,0.013346,0,112,0.28,1,0,0.92,0,0,0
USR8790,54,2,17729,141,19619,500000,1.1066049974617858,0.039238,12,156,0.22,1,0,0.22,2,0,0
USR3290,59,2,21316,96,13467,500000,0.631778945393132,0.026934,2,318,0.06,3,0,0.7,2,0,0
USR8301,38,1,26140,216,26950,500000,1.0309869931140014,0.0539,14,66,0.16,1,0,0.77,0,0,0
USR6576,53,1,32301,125,22465,300000,0.6954893037367265,0.07488333333333333,9,463,0.84,0,0,0.66,0,0,0
USR8607,57,3,41185,288,51831,100000,1.2584921694791793,0.51831,0,464,0.78,3,0,0.85,0,0,0
USR4105,65,2,28181,39,21248,200000,0.7539831801568433,0.10624,5,651,0.13,0,0,0.32,1,0,0
USR2755,56,3,41135,142,59821,500000,1.454260362221952,0.119642,10,615,0.49,0,0,0.03,2,0,0
USR9432,35,2,41698,37,36031,300000,0.8640942011607271,0.12010333333333334,2,238,0.78,0,0,0.03,0,0,0
USR6772,31,1,43278,308,58790,300000,1.3584269143675771,0.19596666666666668,12,151,0.43,0,0,0.48,2,0,0
USR8389,66,1,29985,19,40737,200000,1.3585792896448223,0.203685,17,180,0.36,1,0,0.17,0,0,0
USR9513,36,3,21205,105,33917,200000,1.599481254421127,0.169585,9,321,0.56,0,0,0.46,0,0,0
USR5812,61,2,21650,93,15018,500000,0.6936720554272517,0.030036,16,360,0.81,1,0,0.51,0,0,0
USR9325,35,0,40983,349,32471,100000,0.7923041261010663,0.32471,9,629,0.07,0,0,0.5,1,1,0
USR5452,20,1,17164,124,20148,200000,1.1738522488930319,0.10074,0,355,0.95,0,0,0.47,0,0,0
USR4048,67,7,29335,21,9303,300000,0.3171297085392875,0.03101,18,332,0.47,3,0,0.21,0,1,0
USR4342,28,2,56265,197,49814,200000,0.88534612992091,0.24907,1,543,0.24,3,0,0.95,0,0,0
USR2770,22,5,53543,155,52931,100000,0.9885699344452122,0.52931,1,304,0.8,0,0,0.56,0,0,0
USR8095,24,1,48252,155,73154,100000,1.516082234933267,0.73154,6,262,0.81,1,0,0.94,1,0,0
USR4181,53,0,44161,13,1000,200000,0.022644414755100654,0.005,8,126,0.54,1,0,0.71,0,0,0
USR6606,39,1,20479,232,40285,200000,1.9671370672396113,0.201425,8,331,0.73,1,1,0.58,0,0,0
USR2855,67,4,11078,39,12496,200000,1.128001444304026,0.06248,20,204,0.94,1,0,0.62,0,1,0
USR6753,47,2,18573,269,22640,300000,1.218973779141765,0.07546666666666667,7,461,0.74,0,0,0.34,0,1,0
USR2054,20,0,44102,291,73359,300000,1.6633939503877375,0.24453,2,211,0.66,0,1,0.51,1,0,0
USR1608,19,2,44563,199,49190,500000,1.1038305320557413,0.09838,0,630,0.1,3,0,0.28,0,0,0
USR3454,35,1,29255,256,25607,300000,0.8753033669458212,0.08535666666666666,5,27,0.94,1,0,0.33,0,1,0
USR1823,44,3,44009,144,26928,100000,0.6118748437819537,0.26928,4,504,0.84,1,0,0.74,0,1,0
USR3921,25,3,58504,80,62447,100000,1.0673971010529195,0.62447,18,119,0.37,1,0,0.97,2,0,0
USR4668,50,1,27759,87,23493,200000,0.8463201123959797,0.117465,9,463,0.68,0,0,0.32,0,0,0
USR5556,64,2,19298,107,8799,300000,0.4559539848688983,0.02933,8,572,0.68,1,0,0.06,0,0,0
USR2890,41,4,50129,9,66956,100000,1.3356739611801551,0.66956,17,264,0.98,0,0,0.32,2,0,0
USR4497,23,1,35961,296,32347,300000,0.8995022385361919,0.10782333333333333,4,97,0.32,3,0,0.83,0,0,0
USR9616,54,1,19433,58,24987,500000,1.28580250090053,0.049974,2,597,0.96,1,0,0.21,1,0,0
USR2193,48,0,19702,287,16392,500000,0.8319967515988225,0.032784,1,684,0.72,0,0,0.66,2,0,0
USR2801,50,1,37671,73,13131,100000,0.3485705184359322,0.13131,8,266,0.41,3,0,0.85,0,1,0
USR9782,61,3,42124,213,9428,300000,0.223815402146045,0.031426666666666665,3,360,0.75,1,0,0.81,0,1,0
USR1094,47,0,50772,322,49817,100000,0.9811904199164894,0.49817,4,352,0.06,2,0,0.29,0,1,0
USR2964,27,2,41951,128,50831,200000,1.2116755262091488,0.254155,25,694,0.88,0,0,0.24,1,0,0
USR5119,48,1,42549,135,1000,100000,0.023502314978025334,0.01,14,312,0.33,0,1,0.18,2,1,0
USR3833,55,1,27097,67,21920,100000,0.8089456397387165,0.2192,11,155,0.01,1,0,0.39,0,0,0
USR9440,56,1,20760,200,18806,500000,0.9058766859344894,0.037612,2,57,0.6,1,0,0.72,0,0,0
USR2584,52,2,37224,29,48467,200000,1.3020363206533418,0.242335,3,7,0.1,1,0,0.41,1,0,0
USR2987,44,2,33831,323,1000,300000,0.02955868877656587,0.0033333333333333335,14,692,0.44,1,0,0.03,0,0,0
USR1690,66,1,26435,234,39867,200000,1.5081142424815586,0.199335,3,178,0.15,2,1,0.94,0,1,0
USR7100,35,1,59428,95,40359,300000,0.6791243185030625,0.13453,10,502,0.54,2,0,0.49,0,0,0
USR7825,42,3,6029,303,2585,500000,0.42876098855531597,0.00517,12,107,0.77,2,0,0.02,2,0,0
USR4804,25,1,19728,190,19982,200000,1.012875101378751,0.09991,18,262,0.64,0,0,0.64,0,1,0
USR3372,54,2,34623,121,5276,300000,0.15238425324206453,0.017586666666666667,0,619,0.52,1,1,0.62,2,0,0
USR1029,28,3,9216,37,9542,200000,1.0353732638888888,0.04771,4,408,0.93,1,0,0.88,0,0,0
USR2425,20,3,11719,83,7450,200000,0.6357197713115453,0.03725,10,269,0.93,0,1,0.32,1,0,0
USR3936,40,6,52082,181,94443,200000,1.8133520218117585,0.472215,12,235,0.53,1,0,0.07,2,0,0
USR3577,59,3,53903,165,47603,100000,0.8831233883086285,0.47603,9,502,0.74,1,0,0.48,0,0,0
USR8392,62,1,40870,54,53609,300000,1.311695620259359,0.17869666666666667,7,517,0.72,0,1,0.84,1,0,0
USR7791,48,2,20168,99,11652,300000,0.5777469258230861,0.03884,8,73,0.71,1,1,0.37,1,1,0
USR7048,42,3,34482,111,1000,500000,0.02900063801403631,0.002,11,697,0.42,3,0,0.71,0,0,0
USR5140,51,0,52659,217,24456,100000,0.4644220361191819,0.24456,6,134,0.58,1,1,0.91,0,1,0
USR6739,51,1,51049,356,57034,100000,1.1172402985367,0.57034,7,296,0.37,0,0,0.37,0,1,0
USR7490,18,2,30682,364,20608,500000,0.671664167916042,0.041216,4,178,0.48,1,0,0.74,1,0,0
USR9704,56,1,47357,204,79895,200000,1.687078995713411,0.399475,5,636,0.9,2,0,0.83,0,0,0
USR4538,59,1,9583,128,1000,100000,0.10435145570280706,0.01,11,539,0.7,3,0,0.37,0,0,0
USR6275,49,0,21462,205,20925,300000,0.974979032708974,0.06975,6,216,0.08,2,1,0.41,2,0,0
USR8258,18,2,30639,271,47252,500000,1.5422174352948856,0.094504,16,422,0.92,0,0,0.06,0,0,0
USR6333,70,1,22910,90,4279,100000,0.18677433435181143,0.04279,2,86,0.15,0,0,0.51,0,0,0
USR6138,44,2,30091,226,26213,300000,0.871124256422186,0.08737666666666667,5,304,0.02,1,1,0.14,2,0,0
USR7679,20,0,38734,57,1000,100000,0.025817111581556255,0.01,12,297,0.31,2,0,0.12,0,0,0
USR3409,21,2,53783,253,68158,200000,1.2672777643493298,0.34079,5,366,0.82,2,0,0.17,0,1,0
USR7646,20,2,45526,214,37226,300000,0.8176865966700347,0.12408666666666666,8,153,1.0,1,0,0.67,0,0,0
USR7932,20,5,28465,332,67811,300000,2.38225891445635,0.22603666666666666,10,40,0.4,0,0,0.29,2,0,0
USR8540,62,1,18596,261,14401,500000,0.7744138524413853,0.028802,8,417,0.36,0,0,0.54,0,1,0
USR8241,43,1,14037,253,17945,200000,1.2784070670371162,0.089725,1,333,0.68,3,0,0.33,0,0,0
USR7765,54,2,24480,212,18967,500000,0.774795751633987,0.037934,18,208,0.04,0,0,0.68,1,1,0
USR1294,50,3,33522,225,14229,200000,0.4244675138714874,0.071145,6,97,0.14,1,0,0.81,0,0,0
USR8367,70,2,26602,265,25075,500000,0.9425983008796331,0.05015,0,446,0.42,0,0,0.18,1,0,0
USR8786,49,6,33575,361,39172,200000,1.1667014147431125,0.19586,24,153,0.43,0,1,0.83,0,0,0
USR6904,41,2,44934,119,95436,500000,2.1239150754439846,0.190872,10,34,0.7,1,0,0.46,1,0,0
USR1476,31,1,19722,154,20783,100000,1.053797789270865,0.20783,0,339,0.76,0,0,0.5,0,0,0
USR6470,34,2,49787,352,52148,300000,1.0474220177958102,0.17382666666666666,3,200,0.59,0,1,0.8,0,0,0
USR6377,43,3,8332,45,5591,300000,0.6710273643783006,0.018636666666666666,0,463,0.39,1,0,0.31,1,0,0
USR4141,38,1,13727,168,7903,200000,0.5757266700662927,0.039515,2,82,0.81,0,1,0.25,0,0,0
USR4051,61,2,27209,15,23576,200000,0.8664780036017494,0.11788,5,644,0.68,0,0,0.65,1,0,0
USR4727,51,2,7258,218,12391,200000,1.7072196197299532,0.061955,9,376,0.77,1,1,0.3,0,0,0
USR1846,19,0,30728,66,33732,200000,1.0977609997396511,0.16866,18,291,0.6,1,1,0.63,0,0,0
USR8646,38,0,15333,47,5966,500000,0.38909541511771994,0.011932,6,259,0.96,1,0,0.51,0,0,0
USR8551,43,1,43597,300,29448,200000,0.6754593205954538,0.14724,3,688,0.97,1,0,0.26,0,0,0
USR4594,70,1,34113,324,52762,200000,1.5466830826957465,0.26381,16,214,0.48,2,1,0.67,0,0,0
USR1352,32,6,35541,180,45922,500000,1.2920851973776766,0.091844,10,384,0.61,1,1,0.44,1,1,0
USR4572,33,0,49124,57,35113,100000,0.7147829981271884,0.35113,15,472,0.93,1,0,0.11,2,1,0
USR2331,40,4,8373,194,9035,300000,1.0790636569927148,0.030116666666666667,8,224,0.41,0,0,0.74,0,1,0
USR3362,53,2,21988,289,16084,300000,0.731489903583773,0.05361333333333333,2,207,0.65,2,0,0.81,2,0,0
USR1063,43,1,20398,16,17017,300000,0.834248455730954,0.056723333333333334,0,553,0.3,0,0,0.63,1,0,0
USR3831,27,3,38837,102,42910,500000,1.1048742178850066,0.08582,1,123,0.76,0,0,0.4,1,1,0
USR1049,51,2,58989,81,48564,300000,0.8232721354828867,0.16188,3,361,0.69,2,0,0.85,1,0,0
USR8605,64,2,57679,25,1076,500000,0.018654969746354826,0.002152,7,424,0.59,0,0,0.56,2,0,0
USR1989,48,1,35599,126,36950,500000,1.037950504227647,0.0739,5,15,0.26,0,1,0.18,0,0,0
USR1843,46,3,21588,296,9612,100000,0.4452473596442468,0.09612,13,339,0.5,0,1,0.03,1,0,0
USR3664,57,2,44598,84,77093,200000,1.728620117494058,0.385465,1,492,0.9,2,0,0.62,0,0,0
USR3942,43,2,28063,280,23230,200000,0.8277803513523144,0.11615,5,389,0.03,0,1,0.47,1,0,0
USR1942,56,1,21831,182,5875,300000,0.26911272960469057,0.019583333333333335,29,54,0.42,0,1,0.72,0,1,1
USR2318,57,2,9235,33,1000,500000,0.10828370330265295,0.002,1,324,0.95,2,0,0.63,2,1,0
USR4183,37,2,8113,95,16361,100000,2.0166399605571304,0.16361,5,354,0.23,2,0,0.75,0,0,0
USR6623,21,1,6233,15,1076,300000,0.17262955238248034,0.003586666666666667,8,156,0.39,1,0,0.86,2,1,0
USR3774,31,2,25838,312,17269,100000,0.6683566839538664,0.17269,11,666,0.93,3,0,0.33,1,1,0
USR4995,70,1,9718,287,1000,100000,0.10290183165260341,0.01,0,468,0.95,1,0,0.32,2,0,0
USR7246,28,1,30004,132,61305,100000,2.043227569657379,0.61305,5,279,0.19,0,0,0.15,1,0,0
USR9670,44,6,43258,309,27075,100000,0.6258957880623237,0.27075,11,632,0.32,1,0,0.35,2,0,0
USR4102,45,4,42850,161,58446,500000,1.3639673278879814,0.116892,2,100,0.89,0,0,0.37,0,1,0
USR6987,61,3,23506,24,37271,100000,1.5855951671913553,0.37271,15,493,0.01,1,0,0.29,0,0,0
USR2240,64,1,34372,275,61532,300000,1.7901780519027115,0.20510666666666666,4,126,0.08,3,0,0.79,1,1,0
USR4972,39,1,29105,122,49716,200000,1.7081601099467445,0.24858,8,13,0.09,3,0,0.71,2,1,0
USR7311,33,1,5596,200,7699,200000,1.3758041458184418,0.038495,1,62,0.04,0,1,0.1,1,0,0
USR6630,55,3,44989,261,1000,300000,0.022227655649158684,0.0033333333333333335,6,545,0.51,3,1,0.88,0,1,0
USR5737,65,4,34905,136,5818,100000,0.16668099126199684,0.05818,13,549,0.65,3,0,0.21,0,0,0
USR5188,57,1,42772,25,21814,100000,0.5100065463387262,0.21814,4,392,0.11,0,0,0.9,1,0,0
USR8399,43,2,27954,223,34509,100000,1.2344923803391286,0.34509,5,136,0.37,0,0,0.14,0,1,0
USR7501,57,3,38399,32,83398,100000,2.1718794760280216,0.83398,14,208,0.3,3,0,0.73,0,0,0
USR8061,54,2,11553,248,12183,500000,1.0545312905738768,0.024366,11,397,0.4,3,0,0.27,0,0,0
USR8462,49,5,50809,303,53319,100000,1.0494006967269578,0.53319,11,353,0.19,1,0,0.68,0,1,0
USR7876,37,0,29814,274,39939,500000,1.3396055544375125,0.079878,0,27,0.88,1,0,0.08,2,1,0
USR5321,58,4,19072,178,35475,200000,1.8600566275167785,0.177375,6,396,0.49,2,0,0.65,1,0,0
USR1243,37,0,8498,224,6494,500000,0.7641798070134149,0.012988,6,34,0.96,0,0,0.31,2,0,0
USR7476,67,1,58604,84,102313,100000,1.745836461674971,1.02313,11,250,0.86,1,1,0.73,1,0,0
USR7688,70,3,25058,300,33058,100000,1.3192593183813552,0.33058,8,558,0.17,0,0,0.03,0,1,0
USR9245,56,2,7169,35,3547,100000,0.4947691449295578,0.03547,2,340,0.95,1,0,0.99,0,1,0
USR4889,39,2,35860,22,26565,200000,0.74079754601227,0.132825,13,506,0.07,0,1,0.99,0,0,0
USR8182,66,4,53016,218,62558,100000,1.1799834012373622,0.62558,25,75,0.59,0,1,0.1,0,0,0
USR7287,54,2,27945,30,10148,100000,0.36314188584719986,0.10148,1,436,0.02,3,0,0.26,0,1,0
USR1082,64,3,12747,297,7539,300000,0.5914332784184514,0.02513,12,223,0.82,0,0,0.27,0,1,0
USR9651,64,0,6656,322,9992,200000,1.5012019230769231,0.04996,13,627,0.64,0,0,0.88,0,0,0
USR6059,21,4,30504,281,26586,200000,0.8715578284815106,0.13293,2,60,0.6,3,0,0.06,2,0,0
USR9068,47,1,19480,229,16236,300000,0.8334702258726899,0.05412,5,343,0.16,3,1,0.1,0,0,0
USR1302,40,0,59961,253,67226,100000,1.1211620886909826,0.67226,5,294,0.46,1,0,0.33,0,0,0
USR2828,41,1,59354,280,1000,500000,0.016848064157428313,0.002,14,227,0.05,3,0,0.37,0,0,0
USR2893,30,1,49016,52,66776,100000,1.3623306675371307,0.66776,23,15,0.15,3,0,0.17,0,1,0
USR1477,44,2,36453,135,48958,200000,1.343044468219351,0.24479,7,583,0.12,3,0,0.46,0,0,0
USR4896,60,2,10684,72,6018,500000,0.5632721827031074,0.012036,15,230,0.47,1,0,0.29,0,0,0
USR9868,66,3,41105,209,54101,500000,1.3161659165551636,0.108202,3,654,0.09,0,1,0.62,1,1,0
USR8394,64,1,47984,336,46850,500000,0.9763671223741247,0.0937,16,314,0.56,0,1,0.37,0,1,0
USR4038,60,1,11283,177,11771,300000,1.0432509084463353,0.03923666666666667,13,66,0.63,1,0,0.95,0,0,0
USR9595,32,4,27856,308,43245,300000,1.5524483055715106,0.14415,10,229,0.33,0,1,0.23,0,0,0
USR4106,53,3,5311,99,6981,200000,1.3144417247222746,0.034905,15,128,0.31,3,0,0.23,0,1,0
USR8681,29,1,11934,37,24956,100000,2.091168091168091,0.24956,0,329,0.52,0,1,0.25,1,0,0
USR3529,30,4,49692,74,67346,500000,1.3552684536746358,0.134692,23,78,0.16,0,0,0.59,2,0,0
USR8213,19,4,45232,114,51675,500000,1.1424434029006014,0.10335,2,490,0.51,0,0,0.69,0,0,0
USR4644,36,1,7345,329,1562,200000,0.21266167460857727,0.00781,21,435,0.92,0,0,0.64,2,0,0
USR3009,56,1,54430,249,34856,200000,0.6403821422009921,0.17428,1,565,0.61,3,0,0.81,2,0,0
USR1119,44,1,8226,132,4603,300000,0.5595672258691953,0.015343333333333334,12,388,0.97,1,0,0.51,0,1,0
USR4779,36,1,25178,220,31756,200000,1.2612598300103264,0.15878,7,545,0.23,0,0,0.01,0,1,0
USR5860,51,3,36811,116,14565,100000,0.395669772622314,0.14565,1,478,0.22,0,1,0.33,0,0,0
USR2462,50,1,40242,1,29254,100000,0.7269519407584116,0.29254,8,674,0.27,1,0,0.45,1,0,0
USR6533,23,3,15037,347,21115,100000,1.4042029660171578,0.21115,2,550,0.21,1,0,0.34,2,0,0
USR2423,53,1,12087,293,9048,200000,0.748572846860263,0.04524,27,648,0.79,1,1,0.98,0,0,1
USR5176,27,3,20314,74,43297,500000,2.1313872206360145,0.086594,8,127,0.29,0,0,0.3,2,0,0
USR1508,19,1,16183,79,1000,200000,0.06179323981956374,0.005,6,429,0.91,1,0,0.28,2,1,0
USR8108,25,3,48311,282,1000,100000,0.020699219639419595,0.01,2,451,0.15,1,0,0.29,2,0,0
USR4187,31,3,44060,262,1000,200000,0.022696323195642305,0.005,5,288,0.69,1,0,0.65,0,0,0
USR4271,52,3,53239,339,1000,300000,0.018783222825372377,0.0033333333333333335,3,259,0.6,0,0,0.81,0,0,0
USR1055,49,4,23819,305,38913,100000,1.6336957890759478,0.38913,7,331,0.59,2,1,0.58,1,0,0
USR7623,41,2,21651,86,35478,200000,1.6386310101150063,0.17739,5,377,0.09,1,0,0.03,0,0,0
USR6474,21,2,47549,30,1000,500000,0.021030936507602682,0.002,0,483,0.49,0,0,0.44,0,1,0
USR4215,66,0,13461,153,8493,100000,0.6309338087809226,0.08493,3,517,0.17,3,0,0.07,1,0,0
USR9785,29,2,19190,200,17566,100000,0.915372589890568,0.17566,4,492,0.65,1,1,0.61,0,0,0
USR4821,18,0,52369,241,68060,500000,1.2996238232542152,0.13612,3,519,0.13,0,0,0.33,2,0,0
USR3648,34,2,48111,219,41664,300000,0.8659973810563073,0.13888,9,159,0.66,0,1,0.11,0,0,0
USR7642,51,2,20411,116,17427,300000,0.8538043211993533,0.05809,17,480,0.68,2,1,0.78,0,1,0
USR8218,27,1,44760,324,33674,500000,0.7523235031277927,0.067348,3,131,0.2,2,0,0.17,1,1,0
USR1723,66,0,17589,84,1638,100000,0.09312638580931264,0.01638,0,388,0.57,3,1,0.53,2,0,0
USR4490,24,3,10224,319,6917,500000,0.6765453834115805,0.013834,5,149,0.86,1,0,1.0,1,0,0
USR2828,43,5,41819,258,70637,500000,1.689112604318611,0.141274,0,310,0.31,0,0,0.98,0,0,0
USR3921,52,1,36723,341,33910,200000,0.9233995043977888,0.16955,1,426,0.1,0,1,0.1,1,0,0
USR6555,19,2,23645,349,17494,200000,0.7398604356100655,0.08747,4,571,0.17,0,0,0.86,0,0,0
USR6826,31,5,43121,53,59425,100000,1.378098838153104,0.59425,1,148,0.83,3,0,0.05,1,0,0
USR4928,60,1,38180,62,50699,500000,1.3278941854374018,0.101398,2,683,0.55,0,0,0.98,2,0,0
USR7908,35,3,17805,151,12093,300000,0.6791912384161752,0.04031,10,466,0.31,1,0,0.44,0,0,0
USR7367,21,1,31947,163,26035,300000,0.8149435001721601,0.08678333333333334,15,686,0.64,0,0,0.23,1,0,0
USR2028,56,4,5538,139,1000,300000,0.18057060310581438,0.0033333333333333335,14,302,0.84,1,0,0.7,1,0,0
USR1454,64,2,13691,68,8030,200000,0.5865166897962165,0.04015,7,208,0.94,0,1,0.79,1,0,0
USR5905,65,1,29175,331,24497,500000,0.8396572407883461,0.048994,0,96,0.85,0,0,0.96,0,1,0
USR1586,67,2,39585,151,48130,300000,1.21586459517494,0.16043333333333334,6,519,0.79,0,0,0.63,1,0,0
USR7943,30,1,54389,215,63960,200000,1.1759730827924764,0.3198,3,583,0.42,3,0,0.8,2,1,0
USR9363,50,3,6095,2,5897,300000,0.9675143560295324,0.019656666666666666,10,201,0.76,0,0,0.71,0,0,0
USR2672,70,5,29531,59,49541,200000,1.6775930378246589,0.247705,2,639,0.08,1,0,0.62,2,0,0
USR6627,22,4,24297,108,16248,100000,0.6687245338930732,0.16248,7,466,0.38,0,1,0.26,2,0,0
USR8605,63,1,42263,8,90554,200000,2.142630669853063,0.45277,25,56,0.37,0,0,0.43,1,0,0
USR1728,54,1,30297,344,37838,300000,1.2489025316037892,0.12612666666666666,5,238,0.2,3,0,0.58,2,0,0
USR7041,40,0,51075,17,92467,500000,1.8104160548213413,0.184934,2,238,0.33,1,1,0.67,0,1,0
USR4085,69,2,52131,135,1000,300000,0.019182444227043408,0.0033333333333333335,12,347,0.42,1,0,0.64,2,0,0
USR9408,43,1,52507,243,43763,200000,0.8334698230712095,0.218815,17,434,0.17,0,1,0.31,2,1,0
USR7092,22,1,15286,6,16073,300000,1.051485018971608,0.05357666666666667,0,569,0.43,1,0,0.13,2,0,0
USR9561,66,3,45377,153,51231,300000,1.129008087797783,0.17077,5,119,0.18,0,0,0.83,1,0,0
USR7822,27,3,50256,192,34252,300000,0.6815504616364215,0.11417333333333334,7,59,0.56,1,0,0.18,0,0,0
USR1781,52,4,58020,268,89382,300000,1.5405377456049638,0.29794,1,672,0.47,0,0,0.48,2,0,0
USR1678,48,2,17398,308,13489,200000,0.7753190021841591,0.067445,2,291,0.35,0,0,0.29,0,0,0
USR7472,49,2,35238,252,48194,100000,1.367671263976389,0.48194,22,123,0.26,0,1,0.16,0,0,0
USR7869,57,3,58552,151,1000,200000,0.01707883590654461,0.005,10,335,1.0,3,0,0.41,1,0,0
USR8059,50,1,37021,30,15145,500000,0.4090921368952757,0.03029,2,545,0.97,1,0,0.58,0,0,0
USR6736,70,4,5230,182,2311,200000,0.4418738049713193,0.011555,3,430,0.56,1,0,0.05,0,1,0
USR9368,22,1,35238,347,79917,500000,2.267920994381066,0.159834,1,205,0.62,1,0,0.74,1,0,0
USR9842,25,2,38649,286,53161,500000,1.3754819012134856,0.106322,9,470,0.62,3,0,0.5,0,0,0
USR4934,63,1,39762,292,59845,100000,1.5050802273527488,0.59845,1,89,0.19,0,1,0.63,0,0,0
USR5052,23,2,29281,62,8017,300000,0.27379529387657525,0.026723333333333335,11,561,0.14,2,1,0.98,1,0,0
USR4983,68,0,42891,107,1000,100000,0.023314914550838173,0.01,16,81,0.61,3,1,0.16,1,1,0
USR3467,42,2,20361,68,25340,200000,1.2445361229802072,0.1267,6,157,0.08,0,0,0.46,1,0,0
USR3286,35,4,11753,48,1000,300000,0.08508465923593976,0.0033333333333333335,0,400,0.72,2,0,0.21,0,1,0
USR4836,66,3,32639,247,47807,500000,1.4647201201017188,0.095614,6,241,0.1,0,0,0.22,0,0,0
USR3906,33,2,48367,39,32935,100000,0.6809394835321604,0.32935,19,656,0.0,1,0,0.73,1,1,0
USR6166,30,3,34864,348,28077,100000,0.8053292794860027,0.28077,22,695,0.92,2,0,0.39,0,0,0
USR8661,56,2,57861,216,122242,300000,2.1126838457683066,0.40747333333333335,16,70,0.89,0,0,0.06,0,0,0
USR3824,63,2,42675,204,7027,300000,0.16466315172817808,0.023423333333333334,0,49,0.09,1,1,0.27,0,0,0
USR2980,19,3,43577,314,1000,500000,0.02294788535236478,0.002,2,77,0.55,3,1,0.44,1,1,0
USR4177,59,2,32513,96,35924,500000,1.1049118814012857,0.071848,26,244,0.69,0,0,0.44,2,0,0
USR4226,25,3,45244,216,19292,300000,0.42639908054106623,0.06430666666666666,2,159,0.38,2,0,0.07,0,0,0
USR7670,69,1,5753,332,11233,500000,1.9525464974795759,0.022466,2,538,0.64,2,0,0.42,0,1,0
USR7713,28,2,40195,241,47523,300000,1.1823112327403906,0.15841,9,515,0.93,1,0,0.99,0,0,0
USR1455,58,3,8281,154,10879,100000,1.3137302258181378,0.10879,12,60,0.48,0,0,0.39,1,0,0
USR2351,66,0,55758,161,36995,100000,0.6634922342982172,0.36995,5,552,0.89,0,0,0.85,1,0,0
USR2300,46,1,46313,291,19155,200000,0.41359877356249863,0.095775,23,653,0.61,0,0,0.55,0,0,0
USR7964,49,4,50905,217,99359,200000,1.9518514880660054,0.496795,1,619,0.18,2,0,0.82,1,0,0
USR8007,63,2,55368,166,1000,500000,0.01806097384770987,0.002,1,597,0.52,2,1,0.16,0,0,0
USR3975,24,0,49691,304,18157,300000,0.36539816063271013,0.06052333333333333,1,241,0.18,0,1,0.59,0,0,0
USR1717,39,4,18554,83,14746,200000,0.7947612374690094,0.07373,21,401,0.76,0,1,0.58,0,0,0
USR1155,21,0,31165,80,26001,100000,0.8343012995347345,0.26001,17,532,0.86,2,1,0.02,1,0,0
USR7482,18,0,59076,53,93681,500000,1.585770871419866,0.187362,22,176,0.61,3,0,0.93,0,0,0
USR1378,36,4,21605,279,36247,500000,1.677713492247165,0.072494,9,201,0.03,3,0,0.08,0,0,0
USR4637,41,0,17501,238,1000,500000,0.05713959202331295,0.002,12,105,0.56,2,0,0.23,1,0,0
USR3264,23,3,57086,117,73766,300000,1.2921907297761273,0.24588666666666667,6,587,0.1,2,0,0.12,2,0,0
USR6648,26,2,21855,81,25729,300000,1.177259208419126,0.08576333333333333,5,441,0.12,0,0,0.94,0,0,0
USR1648,24,1,22738,60,49391,300000,2.1721787316386667,0.16463666666666665,8,14,0.49,1,1,0.66,0,0,0
USR5574,62,1,22456,241,33058,100000,1.4721232632703953,0.33058,9,70,0.76,1,0,0.36,2,0,0
USR2448,70,3,28488,333,28365,200000,0.9956823925863522,0.141825,0,546,0.33,0,1,0.39,2,0,0
USR8507,53,4,5739,107,7577,100000,1.320264854504269,0.07577,22,371,0.61,1,0,0.55,1,1,0
USR5826,33,1,18185,228,22993,200000,1.264393731097058,0.114965,6,261,0.04,2,0,0.45,2,0,0
USR7245,28,1,5001,221,1472,100000,0.2943411317736453,0.01472,0,473,0.63,1,1,0.04,1,1,0
USR9490,56,1,54076,130,89525,300000,1.6555403506176491,0.29841666666666666,9,318,0.27,2,0,0.17,2,0,0
USR4179,41,1,23082,349,20387,500000,0.8832423533489299,0.040774,16,358,0.15,3,0,0.44,0,1,0
USR3696,36,1,47891,131,86964,200000,1.8158735461777786,0.43482,3,343,0.73,1,0,0.47,2,1,1
USR8945,54,2,5741,361,2842,500000,0.4950357080647971,0.005684,3,466,0.44,0,1,0.74,2,0,0
USR8287,54,4,26202,173,34691,200000,1.3239829020685443,0.173455,3,63,0.16,0,1,0.33,2,1,0
USR9576,52,5,35938,254,18231,200000,0.5072903333518838,0.091155,2,625,0.53,0,0,0.28,0,1,0
USR2350,51,5,44230,250,81574,300000,1.8443138141532895,0.27191333333333334,10,125,0.43,0,0,0.07,1,0,0
USR8897,46,2,43215,107,71810,100000,1.6616915422885572,0.7181,2,586,0.51,0,1,0.32,1,0,0
USR1848,25,1,26441,365,36047,500000,1.3632994213532015,0.072094,4,393,0.27,1,0,0.22,0,0,0
USR2151,64,1,43433,328,45818,500000,1.0549121635622682,0.091636,0,257,0.47,0,0,0.12,0,1,0
USR5467,66,2,18104,103,35285,500000,1.9490167918692,0.07057,4,434,0.87,0,0,0.66,1,0,0
USR3809,70,4,49213,7,9774,200000,0.1986060593745555,0.04887,0,169,0.69,3,0,0.59,0,0,0
USR1672,43,1,39729,61,39663,100000,0.9983387449973571,0.39663,2,108,0.29,0,1,0.93,2,0,0
USR3835,30,0,6688,218,5174,100000,0.7736244019138756,0.05174,9,55,0.15,2,0,0.47,0,1,0
USR4162,28,4,54461,334,65587,300000,1.2042929802978277,0.21862333333333334,8,212,0.89,0,0,0.88,0,0,0
USR7636,64,1,16422,32,4297,300000,0.2616611862136159,0.014323333333333334,9,138,0.06,3,1,0.9,0,0,0
USR6207,35,1,26927,111,17267,300000,0.6412522746685483,0.057556666666666666,5,195,0.52,1,0,0.8,0,0,0
USR7162,25,3,9268,355,5975,500000,0.6446914113077256,0.01195,14,108,0.15,0,0,0.87,1,0,0
USR5848,52,1,10642,250,12931,500000,1.2150911482803983,0.025862,10,271,0.35,1,0,0.87,0,0,0
USR1149,49,2,10650,43,1000,500000,0.09389671361502347,0.002,4,356,0.45,0,0,0.76,0,0,0
USR9573,46,1,55288,186,36690,300000,0.6636159745333526,0.1223,5,648,0.31,0,0,0.68,2,0,0
USR2607,37,0,29683,244,28995,200000,0.9768217498231311,0.144975,0,357,0.21,0,0,0.09,2,0,0
USR6096,26,2,28880,254,32559,300000,1.1273891966759002,0.10853,3,95,0.03,0,0,0.44,2,0,0
USR9050,60,3,45636,103,25772,100000,0.5647295994390393,0.25772,1,430,0.19,3,0,0.5,0,0,0
USR4189,28,4,30025,262,2257,300000,0.0751706910907577,0.007523333333333333,13,649,0.05,2,0,0.63,0,0,0
USR1444,56,2,45478,160,44914,300000,0.9875983992259993,0.14971333333333334,1,328,0.8,1,0,0.65,0,1,0
USR6568,58,3,29536,65,18318,500000,0.6201923076923077,0.036636,13,241,0.49,1,1,0.79,0,1,0
USR8377,20,2,7415,252,13711,200000,1.8490896830748482,0.068555,14,136,0.6,2,0,0.71,2,1,1
USR2205,50,2,25822,172,35845,200000,1.3881573851754319,0.179225,2,512,0.01,3,0,0.18,1,0,0
USR5261,40,3,57623,270,36254,500000,0.6291584957395484,0.072508,10,166,0.82,2,0,0.86,0,1,0
USR1792,68,2,20375,354,16772,200000,0.8231656441717792,0.08386,1,45,0.26,3,0,0.36,0,0,0
USR6887,23,2,14595,98,17469,500000,1.1969167523124358,0.034938,4,416,0.66,0,1,0.96,0,0,0
USR5465,21,0,27165,304,41473,500000,1.5267071599484632,0.082946,6,656,0.73,3,1,0.62,2,0,0
USR5208,26,0,36334,178,36476,100000,1.0039081851709144,0.36476,2,141,0.65,0,1,0.76,0,1,0
USR6917,46,0,48223,3,52884,500000,1.0966551230740518,0.105768,9,450,0.67,0,0,0.99,2,0,0
USR8754,49,1,5148,292,1398,500000,0.2715617715617716,0.002796,17,56,0.39,0,0,0.29,2,0,0
USR4642,34,2,7363,153,9987,300000,1.3563764769794922,0.03329,4,402,0.98,0,0,0.84,0,0,0
USR2500,44,3,57100,197,65820,500000,1.1527145359019264,0.13164,0,573,0.6,0,0,0.65,1,0,0
USR9246,41,2,23531,219,9274,100000,0.39411839700820195,0.09274,10,125,0.67,0,0,0.01,0,0,0
USR8994,52,4,48304,295,22791,500000,0.4718242795627691,0.045582,4,432,0.74,1,0,0.9,0,0,0
USR2257,63,2,39055,85,16035,100000,0.41057483036743053,0.16035,0,583,0.64,2,0,0.13,0,1,0
USR9744,44,6,42280,239,84836,500000,2.0065279091769157,0.169672,4,491,1.0,1,0,0.71,1,0,1
USR9741,29,3,32559,133,46218,100000,1.4195153413802635,0.46218,10,363,0.52,1,0,0.91,0,1,0
USR5644,54,1,45755,240,84254,200000,1.8414162386624413,0.42127,29,290,0.29,0,0,1.0,0,0,1
USR4242,58,1,23767,150,51235,100000,2.1557201161274033,0.51235,14,477,0.84,0,0,0.71,0,0,1
USR6923,66,1,19379,85,33539,100000,1.7306878579906084,0.33539,4,63,0.91,1,0,0.23,0,0,0
USR8633,42,3,33222,116,1021,300000,0.030732647041117334,0.0034033333333333333,0,567,0.69,1,0,0.78,1,0,0
USR1870,36,2,28857,192,69264,100000,2.4002495061856743,0.69264,8,459,0.24,0,0,0.01,0,0,0
USR5199,36,1,58646,277,122754,300000,2.0931350816764995,0.40918,0,412,0.77,0,1,0.33,2,0,0
USR6967,20,2,9075,164,8507,500000,0.9374104683195592,0.017014,6,623,0.64,0,1,0.8,0,0,0
USR7632,36,1,38679,150,13609,300000,0.3518446702344942,0.04536333333333333,17,214,0.68,0,0,0.11,0,0,0
USR9595,69,1,20601,103,9064,500000,0.4399786418135042,0.018128,15,372,0.12,0,0,0.83,2,1,0
USR7821,26,1,46475,315,76974,300000,1.65624529316837,0.25658,4,197,0.46,3,0,0.57,0,0,0
USR3727,64,3,20073,128,10714,500000,0.5337518059084342,0.021428,0,16,0.55,1,0,0.68,1,0,0
USR8336,29,0,47032,282,47334,100000,1.006421160061235,0.47334,7,574,0.17,0,0,0.33,0,0,0
USR7352,65,1,59463,99,46754,200000,0.7862704538956998,0.23377,4,104,0.29,0,0,0.34,0,1,0
USR6385,68,1,44001,221,81227,500000,1.8460262266766665,0.162454,1,250,0.47,0,1,0.15,0,1,0
USR1619,24,1,53879,89,93117,200000,1.7282614747860947,0.465585,10,139,0.01,1,0,0.88,0,0,0
USR7373,38,4,50802,321,96278,100000,1.895161607810716,0.96278,20,647,0.66,1,0,0.86,0,1,1
USR8549,30,2,59490,91,47843,100000,0.8042191965036141,0.47843,23,208,0.15,0,1,0.74,2,0,0
USR2407,68,3,41984,230,70434,300000,1.6776391006097562,0.23478,2,653,0.49,1,0,0.32,1,0,0
USR8159,37,2,7472,5,8363,200000,1.119245182012848,0.041815,26,120,0.78,0,1,0.27,0,0,0
USR9142,50,0,27955,237,27324,500000,0.9774280093006618,0.054648,9,252,0.82,0,0,0.77,0,1,0
USR2029,30,2,58094,176,87747,300000,1.5104313698488656,0.29249,0,213,0.96,1,0,0.9,2,0,0
USR8441,70,0,23134,347,10884,300000,0.47047635514826663,0.03628,3,497,0.1,0,0,0.38,1,0,0
USR6613,66,4,57831,296,23538,200000,0.4070135394511594,0.11769,4,426,0.36,2,0,0.98,2,0,0
USR1665,57,1,41861,38,32307,200000,0.7717684718473041,0.161535,11,654,0.31,1,0,0.39,0,0,0
USR1477,29,1,39341,260,13465,300000,0.342263796039755,0.04488333333333333,8,495,0.46,2,0,0.01,2,0,0
USR2870,27,2,6049,74,4452,300000,0.7359894197387998,0.01484,0,487,0.2,0,0,0.36,1,0,0
USR3870,18,0,36149,151,75123,500000,2.07814877313342,0.150246,4,145,0.45,0,0,0.85,2,1,1
USR6694,43,3,20032,79,8126,100000,0.40565095846645366,0.08126,16,667,0.33,0,0,0.27,0,0,0
USR8422,22,2,45452,177,77302,100000,1.7007392413975182,0.77302,9,687,0.99,0,0,0.61,1,0,0
USR8786,47,3,7604,63,13096,300000,1.7222514466070489,0.043653333333333336,11,394,0.61,2,0,0.53,1,0,0
USR3486,58,2,47001,327,73700,200000,1.568051743579924,0.3685,1,440,0.33,0,1,0.06,0,0,0
USR8302,29,1,15420,157,11868,500000,0.7696498054474709,0.023736,4,697,0.26,0,0,0.49,2,0,0
USR2859,41,3,41077,247,36418,200000,0.8865788640845241,0.18209,4,519,0.8,0,0,0.48,0,0,0
USR1224,32,1,32080,111,14975,300000,0.4668017456359102,0.049916666666666665,7,583,0.05,1,1,0.8,2,1,0
USR5207,33,3,6381,176,4344,200000,0.6807710390220969,0.02172,12,142,0.34,0,1,0.2,2,0,0
USR9803,60,3,30386,332,46811,200000,1.5405449878233397,0.234055,4,79,0.81,0,0,0.31,1,0,0
USR5122,19,2,52184,149,95465,300000,1.8293921508508355,0.31821666666666665,15,347,0.72,0,0,0.26,1,0,0
USR1122,49,3,28013,243,23975,300000,0.8558526398457859,0.07991666666666666,7,501,0.21,0,0,0.52,0,1,0
USR9827,35,3,15237,165,9381,300000,0.6156723764520575,0.03127,9,10,0.84,0,0,0.6,1,1,0
USR7211,48,2,22019,25,15523,300000,0.7049820609473636,0.051743333333333336,2,142,0.36,1,0,0.85,1,0,0
USR5781,27,2,40264,64,54071,500000,1.3429117822372343,0.108142,10,109,0.02,0,0,0.05,2,1,0
USR4300,31,3,7681,143,6645,100000,0.865121728941544,0.06645,24,338,0.95,0,0,0.52,0,0,0
USR5324,56,2,55437,90,74191,300000,1.3382939192236232,0.24730333333333332,13,533,0.62,3,1,0.85,0,0,0
USR5715,26,2,24633,199,17145,300000,0.6960175374497625,0.05715,6,42,0.32,2,0,0.83,1,0,0
USR9794,64,0,43866,309,30524,200000,0.6958464414352802,0.15262,16,41,0.99,2,0,0.23,0,0,0
USR6951,36,1,18682,59,40639,200000,2.1753024301466652,0.203195,2,115,0.69,1,0,0.87,2,0,0
USR1127,57,4,14094,55,18739,500000,1.3295728678870442,0.037478,14,519,0.19,0,0,0.73,0,1,0
USR9878,57,3,45654,99,60435,500000,1.3237613352608752,0.12087,4,319,0.97,0,1,0.12,1,0,0
USR2756,54,1,20151,153,15303,200000,0.7594164061336907,0.076515,14,7,0.07,0,0,0.46,2,0,0
USR4141,18,1,45743,75,41161,500000,0.8998316682333909,0.082322,19,636,0.9,0,0,0.8,2,0,0
USR2870,18,2,16382,168,24343,100000,1.4859602002197534,0.24343,11,131,0.84,1,0,0.9,2,0,0
USR8915,38,3,56730,96,9745,100000,0.17177860038780188,0.09745,2,332,0.86,3,0,0.75,0,0,0
USR9926,48,2,19577,254,25424,200000,1.2986668028809316,0.12712,0,406,0.83,1,0,0.31,0,0,0
USR7573,45,1,55390,229,1000,100000,0.018053800324968405,0.01,7,13,0.7,2,0,0.41,1,0,0
USR7980,56,2,18831,181,17577,300000,0.9334076788274653,0.05859,4,485,0.31,0,0,0.56,1,0,0
USR2778,25,0,14923,102,12200,500000,0.8175299872679757,0.0244,4,629,0.33,2,0,0.5,0,0,0
USR2230,41,0,34989,49,14612,300000,0.41761696533196146,0.04870666666666667,2,24,0.74,0,0,0.77,1,1,0
USR1886,34,2,49815,167,34197,300000,0.6864799759108702,0.11399,4,689,0.7,2,0,0.39,1,0,0
USR8011,38,1,14429,252,14061,100000,0.974495807055236,0.14061,3,92,0.34,1,1,0.8,1,0,0
USR8754,31,0,17872,125,12945,100000,0.7243173679498657,0.12945,3,102,0.71,2,0,0.13,0,0,0
USR3171,25,4,40194,57,33782,100000,0.8404737025426681,0.33782,13,151,0.96,3,1,0.68,0,0,0
USR6739,53,2,13672,272,17838,100000,1.3047103569338794,0.17838,5,290,0.25,0,0,0.99,1,0,0
USR1766,61,1,35612,304,40041,500000,1.124368190497585,0.080082,3,197,0.24,1,1,0.28,1,0,0
USR9389,59,5,43402,328,48521,500000,1.117943873554214,0.097042,0,261,0.09,0,1,0.16,2,0,0
USR1292,57,3,48016,144,100898,200000,2.101341219593469,0.50449,13,529,0.34,0,0,0.77,2,1,1
USR8358,39,0,5992,251,2502,200000,0.4175567423230975,0.01251,6,97,0.14,0,0,0.36,0,0,0
USR5214,61,0,21854,270,12217,300000,0.55902809554315,0.040723333333333334,10,488,0.27,0,0,0.92,0,0,0
USR6460,31,5,37085,95,16793,200000,0.4528245921531617,0.083965,11,430,0.78,0,1,0.03,1,0,0
USR3785,24,2,27432,254,32355,100000,1.179461942257218,0.32355,8,409,0.91,2,0,0.12,2,0,0
USR2375,18,1,56026,327,63773,300000,1.138275086566951,0.21257666666666666,10,455,0.4,0,0,1.0,0,1,0
USR6476,53,1,48886,237,1000,100000,0.02045575420365749,0.01,6,211,0.7,0,0,0.18,2,0,0
USR7847,22,4,59560,357,56842,300000,0.9543653458697112,0.18947333333333333,4,264,0.85,0,0,0.1,0,0,0
USR6362,53,1,23069,317,12975,100000,0.56244310546621,0.12975,4,559,0.71,1,0,0.4,2,0,0
USR3868,21,5,52984,63,66800,100000,1.2607579646685791,0.668,11,150,0.15,3,1,0.61,0,0,0
USR7515,51,1,7560,83,12729,300000,1.6837301587301587,0.04243,9,548,0.44,0,1,0.95,2,0,0
USR6667,69,2,41806,190,4467,300000,0.10685069128833181,0.01489,1,422,0.64,0,1,0.46,0,0,0
USR1246,21,2,48052,154,38160,100000,0.7941396820111546,0.3816,15,435,0.69,1,0,0.3,0,0,0
USR1506,27,4,25134,129,34613,100000,1.3771385374393252,0.34613,4,323,0.67,0,0,0.26,1,1,0
USR2910,35,0,24624,268,1000,100000,0.04061078622482131,0.01,7,498,0.68,0,0,0.77,1,0,0
USR6029,37,1,41384,162,37463,300000,0.9052532379663638,0.12487666666666666,3,252,0.6,0,0,0.21,1,0,0
USR7520,65,1,6725,323,3332,200000,0.49546468401486987,0.01666,5,379,0.51,1,0,0.33,0,0,0
USR3075,64,2,26836,189,39757,300000,1.481480101356387,0.13252333333333333,7,48,0.36,1,0,0.98,0,0,0
USR3232,33,2,48039,197,50681,200000,1.0549969816191012,0.253405,3,555,0.73,2,0,0.89,2,0,0
USR2204,41,1,42021,136,32720,100000,0.7786582899026677,0.3272,7,287,0.82,1,1,0.04,2,0,0
USR8906,59,1,17798,73,10587,200000,0.5948421170918081,0.052935,4,408,0.59,1,0,0.13,2,0,0
USR7314,18,3,54411,34,34212,200000,0.628769917847494,0.17106,5,365,0.33,0,0,0.8,1,0,0
USR8940,54,4,39459,139,37982,100000,0.9625687422387795,0.37982,23,601,0.94,0,0,0.9,0,0,0
USR8156,59,8,26810,210,11423,100000,0.42607236105930624,0.11423,1,465,0.12,0,0,0.05,0,1,0
USR1225,64,2,39703,113,56091,500000,1.4127647784802155,0.112182,2,521,0.1,0,0,0.6,2,0,0
USR9383,38,3,46147,110,33993,500000,0.7366242659327801,0.067986,3,357,0.1,0,0,0.17,0,0,0
USR1133,34,1,21771,96,10397,100000,0.47756189426301043,0.10397,5,286,0.8,3,0,0.48,1,0,0
USR5266,21,7,16474,211,21005,100000,1.2750394561126623,0.21005,3,115,0.9,0,0,0.92,2,0,0
USR8577,59,3,28161,45,34610,500000,1.2290046518234439,0.06922,9,492,0.85,0,0,0.75,1,1,0
USR2179,34,4,17927,312,17867,100000,0.9966530930997936,0.17867,17,336,0.23,0,1,0.23,0,0,0
USR3348,61,1,44543,159,59753,200000,1.3414677951642233,0.298765,2,180,0.43,2,0,0.46,1,0,0
USR8681,21,1,29129,133,1000,500000,0.034330049091970204,0.002,5,161,0.41,0,0,0.33,2,1,0
USR5787,38,1,27888,296,20581,200000,0.7379876649454963,0.102905,10,325,0.04,0,1,0.18,0,1,0
USR8269,26,1,41486,116,88890,300000,2.1426505327098297,0.2963,1,422,0.75,0,0,0.4,2,1,1
USR4160,58,2,33718,196,39915,300000,1.1837890740850585,0.13305,12,375,0.81,1,0,0.52,2,0,0
USR7978,35,6,38820,29,20961,100000,0.5399536321483771,0.20961,22,496,0.06,0,0,0.49,0,1,0
USR6801,45,1,38235,252,21844,300000,0.5713090100693082,0.07281333333333333,6,519,0.57,2,0,0.52,2,1,0
USR1968,20,0,42656,319,85769,300000,2.010713615903976,0.2858966666666667,5,405,0.02,3,0,0.22,0,0,0
USR2107,70,1,43708,158,55857,300000,1.2779582685091975,0.18619,12,351,0.87,1,1,0.05,1,0,0
USR3895,66,4,46108,130,17591,500000,0.38151730719181054,0.035182,31,359,0.01,0,1,0.48,2,0,0
USR1047,34,5,32806,119,40628,200000,1.238431994147412,0.20314,1,325,0.49,1,1,0.1,0,0,0
USR8939,30,4,11863,209,25098,100000,2.115653713225997,0.25098,0,351,0.23,0,0,0.93,2,0,0
USR2947,34,1,46439,101,54571,500000,1.1751114365081075,0.109142,5,499,0.35,2,1,0.84,1,0,0
USR6592,32,1,49404,62,83299,500000,1.6860780503602948,0.166598,3,294,0.15,3,0,0.56,0,1,0
USR2891,67,1,14727,95,10964,300000,0.7444829225232567,0.036546666666666665,14,564,0.4,3,0,0.17,2,0,0
USR7069,21,5,25554,232,19486,500000,0.7625420677780387,0.038972,9,643,0.22,3,0,0.31,0,1,0
USR5533,20,2,33055,320,54623,500000,1.6524882771139011,0.109246,28,663,0.45,0,0,0.95,1,0,0
USR1671,33,1,35654,86,1000,300000,0.028047343916531103,0.0033333333333333335,7,677,0.31,2,1,0.47,0,1,0
USR6917,59,4,30632,247,27276,500000,0.8904413685035257,0.054552,18,141,0.92,0,0,0.79,0,0,0
USR5241,54,3,48951,225,8352,300000,0.17061959919102776,0.02784,14,92,0.08,0,0,0.71,0,0,0
USR2756,49,2,35771,92,19125,300000,0.5346509742528864,0.06375,14,696,0.38,1,0,0.49,1,0,0
USR2400,54,1,17685,149,24815,500000,1.4031665253039298,0.04963,3,325,0.78,1,1,0.68,0,1,0
USR6635,66,3,11581,168,9576,500000,0.8268716000345393,0.019152,10,476,0.01,2,0,0.03,2,1,0
USR1723,27,0,20095,318,9979,100000,0.4965911918387659,0.09979,3,437,0.2,0,0,0.76,2,1,0
USR8449,58,5,8440,233,9576,200000,1.1345971563981043,0.04788,15,443,0.38,3,1,0.18,1,0,0
USR5170,19,1,26531,127,22273,500000,0.8395084994911612,0.044546,5,540,0.09,2,0,0.28,2,0,0
USR8805,66,0,51416,41,36060,300000,0.7013381048700793,0.1202,10,361,0.92,1,0,0.67,0,0,0
USR6614,51,6,6395,176,9207,200000,1.439718530101642,0.046035,22,311,0.82,0,0,0.82,1,1,1
USR8688,33,1,31726,9,41600,100000,1.3112273844796067,0.416,5,295,0.58,1,1,0.29,2,0,0
USR3772,67,3,12539,311,13860,300000,1.105351303931733,0.0462,1,101,0.95,0,1,0.54,0,0,0
USR7672,68,3,49082,249,52091,300000,1.0613055702701601,0.17363666666666666,7,41,0.84,0,0,0.49,2,0,0
USR1001,70,2,47644,336,66994,100000,1.4061371841155235,0.66994,0,534,0.05,1,1,0.29,0,0,0
USR3635,41,2,31696,330,41496,500000,1.3091872791519434,0.082992,11,293,0.72,1,1,0.36,0,0,0
USR9936,61,4,31783,237,37105,100000,1.167448006796086,0.37105,11,300,0.94,1,0,0.74,0,0,0
USR7101,66,1,6243,266,7176,500000,1.149447381066795,0.014352,20,673,0.33,0,0,0.19,2,0,0
USR9854,57,3,32219,216,30671,300000,0.9519538160712623,0.10223666666666667,2,14,0.79,1,1,0.97,2,0,0
USR4906,42,1,59875,314,1000,100000,0.016701461377870562,0.01,10,407,0.96,0,0,0.66,1,1,0
USR6798,44,1,55087,254,71374,200000,1.2956595930074246,0.35687,0,33,0.44,1,1,0.55,0,0,0
USR1198,47,3,57604,321,64743,300000,1.12393236580793,0.21581,5,652,0.77,1,1,0.02,2,1,0
USR4129,52,2,57964,300,53167,200000,0.9172417362500863,0.265835,3,591,0.21,1,1,0.58,0,0,0
USR9154,60,3,33777,9,32339,200000,0.9574266512715753,0.161695,0,426,0.71,2,0,0.58,2,0,0
USR2501,44,2,24046,32,38244,100000,1.5904516343674624,0.38244,6,348,0.82,0,0,0.25,2,0,0
USR1099,40,2,9471,249,21228,500000,2.241368387709851,0.042456,0,628,0.21,3,1,0.93,2,0,0
USR4025,60,4,27303,143,5387,300000,0.1973043255319928,0.017956666666666666,15,355,0.29,1,1,0.96,0,0,0
USR8706,23,2,20685,110,20664,300000,0.9989847715736041,0.06888,4,255,0.74,0,0,0.78,2,0,0
USR9237,45,1,24678,291,4187,500000,0.16966528892130642,0.008374,3,334,0.59,0,0,0.52,1,0,0
USR8987,23,3,23834,223,38004,200000,1.5945288243685491,0.19002,13,466,0.06,1,1,0.53,1,0,0
USR2614,46,1,51138,69,33421,300000,0.6535453087723415,0.11140333333333333,3,357,0.37,3,0,0.75,1,0,0
USR9360,43,4,31056,84,50265,500000,1.6185278207109737,0.10053,10,441,0.79,2,0,0.15,1,0,0
USR4838,28,1,12959,96,12941,200000,0.9986110039354889,0.064705,8,122,0.86,2,0,0.19,1,0,0
USR4048,36,3,13216,279,8789,300000,0.6650272397094431,0.029296666666666665,15,397,0.06,1,1,0.64,2,0,0
USR5300,27,3,37823,329,38527,500000,1.0186130132459086,0.077054,18,240,0.46,3,0,0.16,1,0,0
USR3922,57,1,19272,341,23360,100000,1.2121212121212122,0.2336,4,513,0.15,1,0,0.88,0,0,0
USR2907,49,1,24658,70,1000,500000,0.04055478952064239,0.002,10,157,0.91,0,0,0.8,2,0,0
USR8715,42,3,40783,39,63482,300000,1.556579947527156,0.21160666666666667,6,363,0.88,0,1,0.15,0,1,0
USR8337,49,0,30944,313,24661,200000,0.796955791106515,0.123305,5,466,0.25,0,1,0.58,2,1,0
USR1659,64,2,42943,54,20324,300000,0.4732785320075449,0.06774666666666666,4,597,0.07,0,0,0.09,0,0,0
USR6663,35,2,40318,124,1000,200000,0.02480281760007937,0.005,15,19,0.17,3,0,0.7,2,0,0
USR3188,62,2,51254,94,69506,500000,1.3561087915089554,0.139012,8,388,0.14,0,0,0.18,1,1,0
USR4787,56,1,54307,61,16264,200000,0.2994825713075662,0.08132,15,5,0.88,0,1,0.18,1,0,0
USR2393,39,0,47436,241,47791,200000,1.0074837676026647,0.238955,8,500,0.43,0,1,0.37,1,0,0
USR3158,38,1,39110,265,37036,300000,0.946970084377397,0.12345333333333333,6,94,0.69,0,0,0.5,0,0,0
USR3870,42,5,34546,299,69331,300000,2.006918311816129,0.23110333333333333,7,311,0.27,1,1,0.94,0,0,0
USR7395,38,1,7016,332,7370,300000,1.0504561003420751,0.024566666666666667,0,160,0.86,0,0,0.02,0,1,0
USR1622,25,4,33375,75,39657,300000,1.1882247191011237,0.13219,5,658,0.06,0,0,0.63,2,1,0
USR6446,63,1,10959,134,19447,200000,1.7745232229217995,0.097235,10,569,0.53,3,1,0.6,0,0,0
USR7966,68,0,50242,86,69149,300000,1.3763186178894153,0.23049666666666666,10,110,0.24,0,1,0.66,1,0,0
USR2675,56,0,20853,29,17087,300000,0.819402484055052,0.05695666666666667,3,194,0.25,0,0,0.55,0,0,0
USR7727,25,3,42394,78,14670,500000,0.3460395338963061,0.02934,1,27,0.6,0,0,0.2,0,0,0
USR4515,64,2,6635,364,3524,500000,0.53112283345893,0.007048,12,445,0.68,0,0,0.29,2,1,0
USR4938,25,0,12445,234,11630,100000,0.9345118521494576,0.1163,3,691,0.47,2,1,0.57,2,1,0
USR1931,20,5,48005,107,30012,100000,0.6251848765753567,0.30012,8,633,0.19,0,1,0.51,2,1,0
USR4166,48,3,13095,106,4406,500000,0.3364642993508973,0.008812,17,321,0.32,0,0,0.46,0,0,0
USR4280,26,1,58822,289,20063,300000,0.34107986807657,0.06687666666666667,14,680,1.0,0,0,0.1,0,0,0
USR9802,33,2,55256,353,83253,100000,1.5066780078181554,0.83253,11,636,0.95,1,0,0.79,2,0,0
USR8038,70,4,36562,47,34841,100000,0.9529292708276352,0.34841,10,192,0.16,0,1,0.5,2,0,0
USR9382,66,2,36450,167,53126,200000,1.457503429355281,0.26563,18,294,0.72,3,0,0.9,0,0,0
USR9962,68,1,37515,309,1000,100000,0.026656004264960682,0.01,10,72,0.86,2,0,0.15,1,0,0
USR5736,52,1,48496,13,45639,100000,0.9410879247773012,0.45639,22,168,0.39,0,0,0.3,2,1,0
USR5366,64,6,29559,246,19195,300000,0.6493792076863223,0.06398333333333334,13,120,0.19,0,0,0.69,0,0,0
USR1395,55,1,16441,234,18820,300000,1.1446992275409038,0.06273333333333334,2,566,0.11,0,0,0.91,0,0,0
USR5191,60,2,37987,178,10779,300000,0.2837549688051175,0.03593,18,590,0.4,0,0,0.5,0,1,0
USR6875,38,1,14863,30,19109,300000,1.285675839332571,0.06369666666666667,4,36,0.54,3,1,0.16,1,0,0
USR5354,61,1,8679,107,2603,200000,0.29991934554672195,0.013015,15,276,0.34,1,0,0.13,0,0,0
USR5889,68,2,23879,159,7697,500000,0.32233343104820134,0.015394,2,686,0.0,0,0,0.27,0,1,0
USR9421,69,1,59150,13,78124,300000,1.320777683854607,0.26041333333333333,5,180,0.55,0,0,0.33,1,1,0
USR5460,37,0,21862,72,1275,200000,0.0583203732503888,0.006375,18,391,0.65,0,1,0.76,1,0,0
USR8278,55,2,25012,36,14917,100000,0.5963937310091156,0.14917,18,573,0.85,1,0,0.53,1,0,0
USR3970,58,0,34527,1,20952,100000,0.6068294378312625,0.20952,11,547,0.73,0,1,0.1,1,0,0
USR3460,51,1,49595,123,86403,300000,1.742171589878012,0.28801,9,454,0.7,3,0,0.18,0,0,0
USR2619,18,2,24233,80,24301,200000,1.002806090867825,0.121505,6,28,0.71,1,0,0.53,0,1,0
USR1320,29,5,16574,70,1369,200000,0.08259925184023169,0.006845,17,155,0.5,2,0,0.55,2,0,0
USR3909,33,2,36940,117,30347,200000,0.8215213860314022,0.151735,10,248,0.26,0,0,0.82,1,0,0
USR2601,45,3,45251,258,1000,300000,0.022098959139024554,0.0033333333333333335,6,413,0.56,0,0,0.3,2,0,0
USR2949,21,2,50976,246,80390,500000,1.577016635279347,0.16078,10,132,0.87,1,0,0.7,2,0,0
USR6831,44,1,37256,13,60248,200000,1.617135494953833,0.30124,2,491,0.07,3,0,0.54,2,1,0
USR8479,49,3,10321,64,17543,500000,1.6997383974421083,0.035086,13,551,0.36,0,0,0.78,2,0,0
USR4610,21,2,15086,128,12588,500000,0.8344160148482036,0.025176,4,370,0.26,0,1,0.12,2,1,0
USR2883,38,1,24509,22,1000,500000,0.04080133828389571,0.002,0,620,0.41,2,0,0.91,1,1,0
USR2657,22,1,25930,51,37944,200000,1.4633243347473968,0.18972,11,628,0.44,0,0,0.51,1,0,0
USR8749,42,2,18239,218,32318,300000,1.7719173200285103,0.10772666666666667,8,225,0.08,0,1,0.62,0,1,0
USR6955,33,2,30420,283,31418,200000,1.0328073635765944,0.15709,10,657,0.03,1,0,0.65,0,0,0
USR1782,58,2,14404,103,18124,300000,1.2582615940016662,0.06041333333333333,3,135,0.04,2,1,0.36,2,1,0
USR4935,67,4,53954,53,1000,300000,0.018534307002261184,0.0033333333333333335,12,658,0.64,1,0,0.69,0,0,0
USR5748,59,0,15582,100,5596,200000,0.35913233217815427,0.02798,21,468,0.43,3,0,0.55,1,0,0
USR3907,25,3,11332,292,11184,100000,0.9869396399576421,0.11184,6,624,0.92,1,1,0.91,2,0,0
USR6597,31,1,36724,38,93732,200000,2.5523363468031803,0.46866,16,569,0.19,3,0,0.35,2,0,0
USR7137,30,2,40399,231,1000,300000,0.024753087947721478,0.0033333333333333335,4,333,0.18,2,1,0.61,0,1,0
USR4485,47,1,18236,268,7901,300000,0.4332638736565036,0.026336666666666668,10,294,0.65,1,1,0.39,1,1,0
USR6205,59,2,48819,340,56152,500000,1.1502079108543806,0.112304,3,507,0.55,0,0,0.19,0,0,0
USR7700,50,5,38145,17,44208,100000,1.1589461266221,0.44208,6,550,0.37,1,1,0.69,1,0,0
USR8084,64,3,35928,322,46746,200000,1.3011022044088176,0.23373,16,419,0.06,3,0,0.84,0,0,0
USR7342,38,2,47216,63,41797,100000,0.8852295831921383,0.41797,2,519,0.65,2,0,0.21,0,0,0
USR2006,36,3,44157,335,102748,200000,2.3268790905179246,0.51374,6,630,0.83,0,0,0.22,0,0,0
USR2850,53,3,17832,165,28294,100000,1.5866980708838043,0.28294,1,552,0.51,3,1,0.27,1,0,0
USR9572,26,5,52101,7,28493,200000,0.5468800982706666,0.142465,21,278,0.86,2,0,0.14,0,0,0
USR7124,32,1,53577,334,37250,100000,0.6952610261866099,0.3725,16,183,0.91,0,1,0.55,0,0,0
USR3190,41,1,59145,294,172531,500000,2.91708512976583,0.345062,2,559,0.83,2,0,0.83,1,0,1
USR2448,51,1,52802,242,27847,200000,0.5273853263133972,0.139235,3,302,0.66,1,0,0.03,1,0,0
USR8715,65,1,54025,325,32775,300000,0.6066635816751504,0.10925,4,25,0.95,0,0,0.45,0,0,0
USR6652,64,4,40797,308,37372,500000,0.9160477486089663,0.074744,6,130,0.04,3,0,0.68,1,0,0
USR2670,21,2,44038,280,17174,500000,0.3899813797175167,0.034348,17,329,0.1,2,0,0.18,1,0,0
USR3412,50,3,46259,112,37049,100000,0.8009036079465618,0.37049,6,331,0.34,0,0,0.71,1,0,0
USR9400,32,3,18116,108,23041,300000,1.2718591300507838,0.07680333333333333,14,413,0.79,3,1,0.8,2,0,0
USR4734,33,3,34733,344,35130,500000,1.0114300521118245,0.07026,11,660,0.07,3,0,0.64,0,1,0
USR4707,38,1,32769,353,34456,500000,1.0514815832036375,0.068912,4,505,0.5,3,0,0.21,0,0,0
USR6105,52,1,5710,22,1000,200000,0.17513134851138354,0.005,5,260,0.55,1,0,0.76,0,1,0
USR1840,50,2,24088,107,21721,300000,0.9017353038857523,0.07240333333333333,7,645,0.68,1,0,0.14,2,0,0
USR1260,33,1,15385,110,5484,200000,0.3564510887227819,0.02742,3,103,0.24,0,0,0.42,1,0,0
USR2147,59,2,9237,3,3513,100000,0.3803182851575187,0.03513,4,404,0.09,1,0,0.62,0,0,0
USR9172,56,2,39321,295,34125,100000,0.867856870374609,0.34125,8,690,0.04,2,0,0.92,1,1,0
USR8929,29,2,22412,176,29123,300000,1.2994378011779404,0.09707666666666667,1,248,0.42,0,1,0.54,0,0,0
USR4636,37,0,58219,88,51066,100000,0.8771363300640684,0.51066,1,653,0.66,0,0,0.74,0,0,0
USR8066,49,1,19585,182,26216,300000,1.338575440388052,0.08738666666666667,21,91,0.95,1,0,0.51,2,0,0
USR7735,36,1,18307,333,9917,500000,0.5417053586059977,0.019834,1,14,0.43,0,1,0.35,2,0,0
USR9538,52,2,45091,298,23789,500000,0.5275775653678118,0.047578,11,346,0.62,0,0,0.7,0,0,0
USR5140,49,2,58201,145,36553,200000,0.628047628047628,0.182765,7,686,0.05,0,0,0.39,0,0,0
USR5316,59,0,5218,335,1000,500000,0.19164430816404754,0.002,2,225,0.11,0,1,0.88,0,1,0
USR4311,29,3,45879,68,67453,500000,1.4702369275703482,0.134906,0,586,0.38,1,0,0.47,2,0,0
USR5964,64,1,38128,317,56318,300000,1.4770772135963073,0.18772666666666665,16,496,0.75,1,1,0.08,0,0,0
USR6162,46,0,41617,248,35369,300000,0.8498690439003292,0.11789666666666666,2,542,0.16,0,0,0.85,1,0,0
USR1457,39,2,44164,349,41663,200000,0.9433701657458563,0.208315,10,646,0.41,0,0,0.88,0,0,0
USR7784,55,2,53640,60,48448,500000,0.9032065622669649,0.096896,6,215,0.92,0,0,0.3,1,0,0
USR7035,65,1,58024,237,65994,100000,1.1373569557424514,0.65994,10,431,0.99,1,0,0.74,1,0,0
USR2673,39,2,12406,341,13316,100000,1.0733516040625504,0.13316,6,90,0.72,1,0,0.69,1,0,0
USR8497,41,3,17349,342,27714,200000,1.59744077468442,0.13857,6,659,0.85,0,0,0.12,0,0,0
USR5226,65,2,15267,203,12264,300000,0.8033012379642366,0.04088,1,667,0.52,0,0,0.85,2,0,0
USR5998,24,1,50237,186,81087,500000,1.6140892171108943,0.162174,6,422,0.04,1,0,0.21,1,0,0
USR2970,53,4,28712,126,14918,300000,0.5195736974087489,0.04972666666666667,14,158,0.11,3,1,0.83,1,0,0
USR8695,40,3,22368,13,27168,300000,1.2145922746781115,0.09056,6,468,0.39,0,0,0.96,2,0,0
USR5892,21,2,25326,217,44466,200000,1.755745084103293,0.22233,5,351,0.55,1,0,0.1,1,0,0
USR6213,22,2,59018,168,11245,300000,0.19053509098918975,0.037483333333333334,18,700,0.55,0,0,0.87,2,1,0
USR8603,65,1,14644,312,16979,100000,1.1594509696804152,0.16979,21,210,0.88,0,0,0.5,1,0,0
USR7524,47,2,28949,305,8454,100000,0.2920308128087326,0.08454,12,348,0.97,0,0,0.31,2,1,0
USR3148,23,2,10883,101,9523,100000,0.8750344574106405,0.09523,9,347,0.39,3,0,0.14,0,1,0
USR8422,70,3,37837,261,39984,500000,1.0567433993181277,0.079968,6,116,0.09,0,1,0.85,0,0,0
USR3417,37,4,49436,226,103014,500000,2.083785095881544,0.206028,8,251,0.4,1,0,0.04,1,0,0
USR1916,58,2,54663,81,38814,500000,0.7100598210855606,0.077628,5,629,0.42,2,0,0.07,0,0,0
USR7320,34,3,31877,14,23343,200000,0.7322834645669292,0.116715,9,356,0.33,0,0,0.69,0,0,0
USR8206,34,1,20855,229,29934,100000,1.4353392471829298,0.29934,12,451,0.38,0,0,0.15,0,0,0
USR6258,47,2,45508,254,75653,100000,1.6624110046585217,0.75653,9,388,0.5,0,0,0.98,2,0,0
USR3456,43,2,41988,240,21421,300000,0.5101695722587406,0.07140333333333333,0,71,0.96,1,0,0.36,2,0,0
USR7351,63,0,26565,236,44398,300000,1.671296819122906,0.14799333333333334,3,35,0.98,0,0,0.05,0,1,0
USR7447,32,2,20698,279,1000,100000,0.04831384674847811,0.01,11,121,0.44,0,1,0.36,2,0,0
USR7881,40,1,38756,106,77977,100000,2.0119981422231397,0.77977,11,361,0.41,2,1,0.74,2,0,0
USR2731,52,0,18574,42,15874,500000,0.8546355120060299,0.031748,14,228,0.22,0,0,0.31,2,0,0
USR6070,50,4,13310,12,24622,300000,1.8498873027798648,0.08207333333333333,8,43,0.25,0,1,0.52,2,0,0
USR6536,53,1,33114,355,32098,300000,0.9693181131847557,0.10699333333333333,3,319,0.48,0,0,0.92,1,1,0
USR3697,19,0,45998,146,53430,300000,1.1615722422714032,0.1781,0,138,0.39,0,0,0.53,0,0,0
USR6366,63,1,17706,308,1000,500000,0.05647803004631199,0.002,3,74,0.05,0,0,0.09,1,0,0
USR6472,25,2,46383,133,10406,100000,0.22434943837181726,0.10406,8,237,0.68,1,0,0.09,0,0,0
USR2976,32,1,20307,204,27573,100000,1.3578076525336091,0.27573,5,201,0.46,3,0,0.53,0,0,0
USR3600,22,4,11025,5,1000,300000,0.09070294784580499,0.0033333333333333335,7,32,0.26,2,0,0.78,2,1,0
USR8535,49,3,26784,44,32192,100000,1.2019115890083631,0.32192,6,470,0.71,2,1,0.3,1,1,0
USR9940,27,0,17869,266,23799,200000,1.3318596451955902,0.118995,20,427,0.89,0,0,0.11,2,1,0
USR3241,24,1,57995,164,6650,500000,0.11466505733252867,0.0133,3,687,0.03,0,0,0.47,0,0,0
USR8900,23,1,45839,292,23938,200000,0.5222190710966644,0.11969,7,673,0.22,0,0,0.61,1,0,0
USR9396,32,3,22257,109,17527,200000,0.7874825897470459,0.087635,8,42,0.71,0,0,0.2,1,0,0
USR5753,60,2,26392,337,1000,200000,0.03789026977872082,0.005,4,258,0.16,1,0,0.19,0,0,0
USR6630,32,3,49036,316,101138,200000,2.0625254914756503,0.50569,7,685,0.64,0,0,0.45,0,0,0
USR7080,26,0,57390,101,84212,300000,1.4673636522042168,0.28070666666666666,15,569,0.17,0,0,0.11,0,0,0
USR8239,27,0,15634,69,19692,100000,1.2595624920046053,0.19692,8,597,0.39,0,0,0.51,0,0,0
USR8205,23,3,50628,302,11573,100000,0.2285889231255432,0.11573,7,421,0.31,1,0,0.51,0,1,0
USR9264,68,5,24841,129,3535,500000,0.14230506018276237,0.00707,2,73,0.68,1,0,0.19,0,1,0
USR8649,41,2,14422,141,24073,500000,1.6691859658854529,0.048146,0,475,0.66,1,0,0.56,0,0,0
USR3814,24,2,24476,127,22501,500000,0.9193087105736232,0.045002,5,635,0.52,1,0,0.99,1,0,0
USR2853,42,0,38267,308,13852,500000,0.36198290955653695,0.027704,8,669,0.33,3,1,0.8,2,0,0
USR2296,21,5,22008,310,33734,500000,1.532806252271901,0.067468,1,195,0.13,0,0,0.74,1,1,0
USR2740,35,2,8852,170,10945,100000,1.2364437415273384,0.10945,10,34,0.67,0,0,0.38,0,1,0
USR8875,28,0,48422,48,21912,500000,0.45252158109950025,0.043824,5,466,0.77,3,0,0.38,0,1,0
USR7135,18,1,16136,253,19043,100000,1.1801561725334655,0.19043,3,176,0.42,0,0,0.14,0,0,0
USR9041,62,3,58828,51,106749,300000,1.8145950907731012,0.35583,6,507,0.48,2,0,0.54,2,0,0
USR9706,31,2,35966,144,45194,200000,1.2565756547850748,0.22597,4,12,0.74,3,0,0.15,1,0,0
USR4760,43,1,22754,157,5477,100000,0.24070493100114265,0.05477,10,408,0.25,1,0,0.79,0,0,0
USR6372,31,3,40107,197,53249,200000,1.3276734734584985,0.266245,2,298,0.48,1,0,0.74,0,1,0
USR2024,54,2,44069,130,71749,300000,1.6281059247997458,0.23916333333333334,12,294,0.66,3,0,0.37,1,0,0
USR8190,62,4,49056,162,46111,100000,0.9399665688193085,0.46111,14,415,0.1,1,1,0.88,0,0,0
USR2515,55,2,42285,259,47760,300000,1.1294785384888257,0.1592,11,110,0.31,3,0,0.37,0,1,0
USR6902,52,4,48460,208,61740,300000,1.2740404457284358,0.2058,3,469,0.97,0,0,0.52,0,0,0
USR1308,58,1,14743,204,17348,300000,1.1766940242827104,0.057826666666666665,2,385,0.79,1,0,0.3,1,0,0
USR6205,45,0,12020,183,13288,500000,1.1054908485856905,0.026576,9,57,0.69,0,1,0.17,1,1,0
USR4343,42,2,10407,102,8541,100000,0.8206976073796484,0.08541,5,371,0.72,3,0,0.1,0,0,0
USR6903,49,2,26314,275,9903,200000,0.3763395910921943,0.049515,6,97,0.28,0,0,0.69,2,0,0
USR1520,30,0,26735,251,31141,200000,1.164802693098934,0.155705,4,520,0.31,2,0,0.07,2,1,0
USR6607,70,0,26557,187,27303,300000,1.0280905222728471,0.09101,11,675,0.1,0,0,0.45,2,0,0
USR9601,23,1,14376,340,1000,300000,0.06956037840845854,0.0033333333333333335,7,572,0.13,1,0,0.89,2,1,0
USR1300,35,1,33289,123,22653,500000,0.6804950584277089,0.045306,13,251,0.0,0,0,0.91,2,0,0
USR2424,24,1,30112,186,38296,200000,1.2717853347502657,0.19148,3,234,0.2,2,0,0.55,0,0,0
USR6354,27,1,10341,278,1000,500000,0.09670244657189826,0.002,2,356,0.28,2,1,0.22,2,0,0
USR7561,27,0,7094,15,1000,500000,0.14096419509444602,0.002,21,116,0.95,0,0,0.94,2,0,0
USR6053,27,2,51637,3,32176,100000,0.6231190812789279,0.32176,9,108,0.67,0,0,0.69,1,0,0
USR3955,29,2,37559,50,36199,100000,0.9637903032562102,0.36199,11,173,0.42,3,0,0.27,2,0,0
USR6322,35,3,54045,330,38646,100000,0.7150707743547045,0.38646,25,519,0.43,0,0,0.76,0,0,0
USR6267,30,2,25155,46,48013,500000,1.9086861458954483,0.096026,8,464,0.95,1,0,0.7,0,0,0
USR9974,57,0,23537,305,38524,500000,1.6367421506564133,0.077048,6,635,0.34,2,0,0.65,1,0,0
USR6050,52,3,8706,302,1000,500000,0.11486331265793706,0.002,11,354,0.11,3,0,0.57,1,0,0
USR7345,47,2,27093,246,24511,100000,0.9046986306426014,0.24511,4,57,0.44,0,0,0.87,0,1,0
USR9781,25,2,44034,85,24764,500000,0.5623836126629422,0.049528,8,545,0.87,0,1,0.83,2,0,0
USR7475,31,3,28596,66,37660,100000,1.316967408029095,0.3766,0,683,0.25,0,1,0.42,0,1,0
USR3395,61,1,54698,364,121592,200000,2.2229697612344146,0.60796,11,467,0.15,3,1,0.47,0,0,0
USR7718,37,0,17561,252,37137,500000,2.114742896190422,0.074274,1,179,0.49,1,0,0.35,0,1,0
USR1336,45,4,34225,280,51518,500000,1.50527392257122,0.103036,19,475,0.63,0,0,0.34,0,0,0
USR3126,32,4,47148,354,1000,100000,0.021209807414948673,0.01,8,97,0.35,3,0,0.71,1,0,0
USR7266,27,1,37081,284,76106,200000,2.0524257706102857,0.38053,10,283,0.95,0,0,0.91,0,0,1
USR4632,40,0,57197,201,47002,100000,0.8217563858244313,0.47002,6,163,0.96,1,1,0.7,1,1,0
USR9104,45,1,30450,185,24429,300000,0.8022660098522167,0.08143,0,229,0.03,2,0,0.78,1,0,0
USR1804,57,0,13457,273,8476,500000,0.6298580664338262,0.016952,8,481,0.27,0,0,0.82,1,1,0
USR7147,58,2,58887,108,105279,300000,1.7878139487492994,0.35093,3,575,0.3,0,0,0.27,2,0,0
USR9217,56,2,42230,323,104229,100000,2.4681269239876866,1.04229,9,280,0.75,0,0,0.1,0,0,0
USR3538,32,6,51794,342,71607,200000,1.3825346565239216,0.358035,10,5,0.59,1,0,0.58,0,0,0
USR8858,40,3,48518,163,87441,300000,1.8022383445319263,0.29147,6,272,0.04,1,0,0.35,0,0,0
USR1722,36,1,5514,163,1000,500000,0.18135654697134568,0.002,12,59,0.81,0,1,0.8,1,0,0
USR4771,60,1,28815,311,13154,500000,0.4564983515530106,0.026308,17,179,0.41,1,0,0.35,0,0,0
USR5534,26,4,41959,166,71094,200000,1.6943683119235444,0.35547,10,445,0.19,2,0,0.28,0,1,0
USR7927,51,2,50267,98,58238,100000,1.158573219010484,0.58238,3,153,0.65,3,0,0.53,0,0,0
USR7355,68,0,21999,9,1000,300000,0.045456611664166556,0.0033333333333333335,3,147,0.86,0,0,0.41,0,0,0
USR1994,62,2,7422,182,2770,300000,0.3732147669091889,0.009233333333333333,9,413,0.92,3,0,0.8,0,0,0
USR7911,42,1,11760,193,6220,100000,0.5289115646258503,0.0622,0,269,0.49,3,1,0.01,0,0,0
USR7073,43,5,57401,344,8185,100000,0.14259333461089527,0.08185,3,10,0.36,0,1,0.26,0,0,0
USR4424,46,0,27287,92,48346,100000,1.7717594458899844,0.48346,2,475,0.81,0,1,0.28,1,0,0
USR2013,67,4,27499,43,56486,500000,2.0541110585839486,0.112972,1,639,0.12,2,0,0.41,0,1,0
USR7412,23,1,56948,354,54358,300000,0.9545199129029992,0.18119333333333335,9,117,0.22,1,1,0.51,2,1,0
USR8332,39,3,57392,348,78938,500000,1.3754181767493727,0.157876,1,151,0.68,3,0,0.09,1,0,0
USR3965,38,2,42790,34,25673,100000,0.5999766300537509,0.25673,3,364,0.09,1,0,0.66,0,0,0
USR9721,64,3,16412,144,5558,100000,0.3386546429441872,0.05558,0,521,0.39,2,1,0.31,0,0,0
USR1595,57,2,29300,340,1561,300000,0.05327645051194539,0.005203333333333333,16,386,0.09,0,1,0.45,1,0,0
USR2722,34,2,26402,120,16787,300000,0.6358230437088099,0.05595666666666667,4,59,0.38,0,0,0.85,0,0,0
USR6057,22,0,54714,340,49524,300000,0.9051431077969075,0.16508,7,298,0.22,1,0,0.85,1,0,0
USR9367,20,2,36620,238,60668,100000,1.6566903331512834,0.60668,5,36,0.12,0,0,0.43,0,0,0
USR7190,30,1,6143,146,7131,200000,1.1608334689890933,0.035655,1,317,0.93,0,0,0.21,1,0,0
USR3238,41,2,17217,279,17800,300000,1.0338618806993087,0.059333333333333335,25,595,0.53,1,0,0.23,2,1,0
USR6081,65,2,22935,355,24959,300000,1.0882494004796164,0.08319666666666667,1,405,0.62,1,0,0.97,2,0,0
USR8654,52,1,57118,134,108094,300000,1.8924682236772996,0.3603133333333333,11,137,0.66,0,0,0.48,0,0,0
USR6010,51,0,36683,58,44002,100000,1.199520213722978,0.44002,0,432,0.68,0,0,0.32,0,0,0
USR4754,19,2,7455,250,14221,200000,1.9075788061703554,0.071105,18,431,0.73,2,0,0.01,0,0,0
USR3966,51,2,8763,20,4127,100000,0.47095743466849255,0.04127,18,297,0.1,1,0,0.61,1,0,0
USR8609,44,3,16997,272,10488,500000,0.6170500676589986,0.020976,4,693,0.62,0,0,0.34,0,1,0
USR2915,61,3,41777,318,34504,300000,0.8259089929865716,0.11501333333333333,0,35,0.18,0,0,0.33,1,0,0
USR8729,50,2,29166,100,45726,200000,1.56778440650072,0.22863,12,33,0.4,1,0,0.59,1,0,0
USR6641,23,1,55998,265,62408,300000,1.1144683738704955,0.20802666666666667,6,477,0.56,1,0,0.45,0,0,0
USR9432,42,1,52359,195,85248,100000,1.6281441585973757,0.85248,8,97,0.91,0,0,0.18,2,0,0
USR1360,39,2,7934,285,3623,500000,0.4566422989664734,0.007246,16,422,0.85,3,0,0.86,2,1,0
USR4692,59,1,23015,157,14347,200000,0.6233760590918966,0.071735,2,581,0.02,2,0,0.38,1,0,0
USR6695,27,1,45971,8,80638,300000,1.7541058493398012,0.26879333333333333,0,50,0.9,0,0,0.21,2,1,0
USR8070,66,1,19833,239,31731,200000,1.5999092421721373,0.158655,8,427,0.87,1,0,0.55,2,1,0
USR7296,57,6,18612,202,13087,100000,0.7031485063399957,0.13087,2,153,0.09,0,0,0.53,1,0,0
USR7674,70,2,18454,263,36000,200000,1.9507965752682346,0.18,6,692,0.75,2,0,0.17,2,0,0
USR2830,41,0,54599,160,14674,500000,0.26875950108976354,0.029348,16,228,0.71,0,0,0.58,2,0,0
USR8457,66,3,35267,280,19283,500000,0.546771769643009,0.038566,0,308,0.49,0,1,0.58,1,1,0
USR4396,33,0,59720,109,71293,300000,1.1937876758204957,0.23764333333333335,6,403,0.28,1,1,0.07,1,0,0
USR8857,19,2,17502,115,35108,200000,2.0059421780367956,0.17554,31,513,0.23,3,0,0.7,0,0,0
USR8191,33,0,15390,196,4671,200000,0.30350877192982456,0.023355,15,545,0.84,3,0,0.73,2,0,0
USR3393,30,2,45575,300,59423,500000,1.3038507953922107,0.118846,10,526,0.8,1,0,0.09,0,0,0
USR5524,51,2,52508,194,75814,200000,1.44385617429725,0.37907,1,532,0.65,2,0,0.84,2,0,0
USR9222,62,1,38074,49,75084,100000,1.972054420339339,0.75084,12,309,0.56,0,1,0.78,2,0,0
USR7306,38,5,5827,3,10868,100000,1.8651106916080316,0.10868,0,452,0.21,0,1,0.38,2,0,0
USR3522,67,1,41264,314,47033,200000,1.1398070957735555,0.235165,8,529,0.65,1,0,0.84,2,1,0
USR9082,22,2,59361,4,40512,500000,0.6824682872593116,0.081024,0,642,0.29,0,0,0.6,2,0,0
USR4536,52,3,28095,120,15960,500000,0.5680726107848372,0.03192,4,641,0.23,2,1,0.82,0,0,0
USR1454,28,1,42118,262,70322,100000,1.6696424331639679,0.70322,1,440,0.65,2,0,0.79,1,0,0
USR8264,54,2,10042,159,13190,500000,1.3134833698466442,0.02638,9,252,0.77,3,1,0.07,0,0,0
USR1519,19,1,14642,84,25341,100000,1.7307061876792789,0.25341,1,386,0.73,0,0,0.19,1,1,0
USR7697,32,1,47279,155,28591,500000,0.6047293724486559,0.057182,2,684,0.29,3,0,0.73,0,0,0
USR2838,41,2,17930,305,35566,300000,1.9836029001673174,0.11855333333333333,0,40,0.52,1,0,0.01,0,0,0
USR9700,48,1,37029,280,49815,100000,1.3452969294336872,0.49815,21,373,0.95,3,1,0.26,1,0,0
USR3869,54,2,5900,43,4059,300000,0.6879661016949152,0.01353,4,344,0.68,0,1,0.28,0,1,0
USR1012,43,0,21967,314,13774,300000,0.6270314562753221,0.045913333333333334,2,515,0.55,0,0,0.51,0,0,0
USR8821,67,2,35333,134,39080,300000,1.1060481702657572,0.13026666666666667,3,43,0.52,0,1,0.31,0,1,0
USR2980,58,1,45072,332,44852,200000,0.9951189208377706,0.22426,0,580,0.32,1,0,0.0,2,0,0
USR6308,67,1,41202,277,1000,200000,0.024270666472501336,0.005,4,57,0.12,3,0,0.78,2,0,0
USR9577,42,3,19476,59,32234,200000,1.655062641199425,0.16117,3,37,0.38,0,0,0.91,0,0,0
USR4141,67,1,24796,364,30475,500000,1.2290288756251009,0.06095,20,395,0.53,0,0,0.04,2,0,0
USR2349,60,3,44468,127,26347,500000,0.5924934784564181,0.052694,5,241,0.79,2,0,0.91,1,1,0
USR7236,24,2,48190,326,61765,300000,1.2816974476032372,0.20588333333333333,2,309,0.36,2,0,0.34,0,0,0
USR6255,30,0,57835,269,1000,500000,0.01729056799515864,0.002,0,82,0.71,1,0,0.32,1,0,0
USR3616,32,0,44498,71,36196,200000,0.8134298170704302,0.18098,1,598,0.25,1,0,0.07,1,0,0
USR5201,21,1,40521,238,25707,200000,0.6344117864810839,0.128535,16,485,0.02,1,1,0.01,2,0,0
USR6724,64,1,43548,29,30870,200000,0.7088729677597134,0.15435,7,594,0.86,0,0,0.91,0,1,0
USR5625,49,2,34445,119,15710,300000,0.4560894179126143,0.052366666666666666,6,305,0.96,3,1,0.22,0,0,0
USR2245,49,3,17161,169,7804,300000,0.4547520540761028,0.026013333333333333,10,140,0.4,0,1,0.93,0,0,0
USR6106,54,1,48031,158,101608,200000,2.1154670941683498,0.50804,7,20,0.37,0,0,0.53,1,0,0
USR5806,60,3,27615,160,17540,100000,0.6351620496107188,0.1754,13,414,0.13,1,0,0.35,0,0,0
USR5004,40,1,38330,86,26340,300000,0.6871901904513436,0.0878,5,624,0.27,1,1,0.6,0,0,0
USR9213,59,3,37361,312,89960,300000,2.4078584620326007,0.29986666666666667,3,549,0.33,0,0,0.58,0,1,0
USR6847,62,1,54894,290,114748,500000,2.0903559587568767,0.229496,15,167,0.16,0,0,0.76,0,1,1
USR4040,59,3,18374,28,39893,200000,2.1711657777294002,0.199465,7,33,0.32,2,0,0.15,1,0,0
USR1274,54,2,54151,230,1000,100000,0.018466879651345313,0.01,0,286,0.89,0,0,0.91,2,0,0
USR3765,19,3,37195,316,13073,300000,0.35147197203925257,0.043576666666666666,0,474,0.38,3,0,0.59,0,0,0
USR2284,46,3,57203,22,90109,300000,1.5752495498487842,0.3003633333333333,2,211,0.17,1,0,0.03,2,0,0
USR4156,69,3,58931,125,59186,100000,1.0043270943985338,0.59186,12,423,0.73,0,1,0.83,0,0,0
USR2486,34,1,8257,322,11274,100000,1.3653869444108029,0.11274,8,24,0.56,0,0,0.15,0,0,0
USR5798,66,2,55396,318,20578,500000,0.3714708643223337,0.041156,18,582,0.07,0,1,0.57,0,0,0
USR7825,18,1,51765,262,1000,300000,0.019318072056408772,0.0033333333333333335,0,137,0.09,0,0,0.3,0,0,0
USR2247,68,5,12421,216,9762,200000,0.7859270590129619,0.04881,1,63,0.26,0,0,0.57,2,0,0
USR7722,54,1,7353,150,11007,100000,1.4969400244798041,0.11007,3,639,0.4,0,0,0.87,1,0,0
USR5014,47,0,57115,90,24321,100000,0.425825089731244,0.24321,21,160,0.41,1,0,0.6,2,1,0
USR2464,47,1,57704,109,97615,100000,1.6916504921669209,0.97615,1,135,0.82,0,0,1.0,2,1,0
USR1505,69,2,34763,116,8497,500000,0.2444265454650059,0.016994,6,680,0.89,2,0,0.71,0,0,0
USR9729,35,0,38606,68,34923,300000,0.9046003211935969,0.11641,10,299,0.66,3,0,0.35,1,0,0
USR2848,22,4,37928,138,1000,200000,0.026365745623286228,0.005,0,449,0.31,1,1,0.45,0,1,0
USR2405,49,3,19880,137,22065,100000,1.1099094567404426,0.22065,7,636,0.69,0,0,0.66,0,0,0
USR2891,66,0,38345,206,37261,300000,0.9717303429391055,0.12420333333333333,3,242,0.41,1,0,0.95,1,0,0
USR5119,42,1,15827,39,36262,200000,2.2911480381626337,0.18131,1,472,0.37,3,0,0.64,0,0,0
USR8439,36,3,9595,95,7198,200000,0.7501823866597186,0.03599,14,380,0.28,0,0,0.77,0,0,0
USR1545,58,1,39985,80,42505,500000,1.0630236338626986,0.08501,10,227,0.46,0,1,0.79,1,1,0
USR2639,39,1,54083,272,68449,100000,1.2656287558012684,0.68449,3,508,0.34,3,0,0.73,2,1,0
USR8698,46,3,18777,36,19836,100000,1.0563987857485222,0.19836,0,249,0.61,0,1,0.87,0,0,0
USR2621,20,2,9426,16,7537,100000,0.7995968597496287,0.07537,4,69,0.85,2,0,0.0,0,1,0
USR8341,28,1,9856,161,5409,300000,0.5488027597402597,0.01803,24,37,0.26,0,0,0.59,0,0,0
USR3342,45,2,39651,354,20110,200000,0.507175102771683,0.10055,13,489,0.81,0,0,0.88,0,0,0
USR5662,40,1,44402,246,66906,100000,1.506824016936174,0.66906,16,507,0.89,3,0,0.52,0,0,0
USR5841,49,2,11206,252,1642,200000,0.14652864536855256,0.00821,0,263,0.48,2,1,0.83,0,0,0
USR7621,64,2,21732,227,34847,100000,1.6034879440456469,0.34847,7,363,0.47,1,0,0.51,1,1,0
USR8293,26,0,25392,289,1320,200000,0.05198487712665406,0.0066,3,410,0.89,2,0,0.06,0,0,0
USR3867,39,1,34467,228,44251,200000,1.2838657266370732,0.221255,1,609,0.75,0,1,0.92,2,0,0
USR8140,49,2,6908,208,3350,200000,0.48494499131441804,0.01675,2,336,0.11,0,0,0.68,0,1,0
USR8677,61,2,11354,83,14976,300000,1.3190065175268628,0.04992,13,361,0.99,3,0,0.02,0,0,0
USR3663,48,3,42599,272,14311,500000,0.3359468532125167,0.028622,4,427,0.6,1,0,0.48,2,1,0
USR7960,61,2,59252,1,113193,500000,1.9103658948221156,0.226386,1,375,0.67,3,0,0.51,0,0,0
USR7808,54,2,38791,110,78116,100000,2.013766079760769,0.78116,20,359,0.09,3,0,0.17,2,0,0
USR1012,21,2,47932,301,1833,500000,0.03824167570725194,0.003666,3,256,0.15,2,0,0.46,2,1,0
USR6316,53,2,8498,288,4202,500000,0.4944692868910332,0.008404,2,202,0.48,3,0,0.83,2,0,0
USR3884,20,5,30719,192,41186,100000,1.3407337478433543,0.41186,8,553,0.97,0,0,0.29,1,1,0
USR6537,59,4,18988,340,33784,100000,1.77922898672846,0.33784,4,315,0.93,0,0,0.23,2,0,0
USR6335,53,4,43151,252,87127,200000,2.0191189080206717,0.435635,4,128,0.86,1,1,0.22,2,0,0
USR5331,37,5,13679,205,4085,100000,0.2986329410044594,0.04085,0,391,0.51,2,0,0.58,1,0,0
USR8095,44,2,8486,342,17390,300000,2.049257600754183,0.057966666666666666,9,171,0.37,1,0,0.3,1,1,0
USR8190,44,2,27400,193,5474,500000,0.19978102189781022,0.010948,6,669,0.28,2,1,0.52,2,0,0
USR6243,20,2,39436,280,41145,300000,1.0433360381377421,0.13715,14,57,0.03,0,1,0.37,0,0,0
USR3858,20,2,42338,289,55535,300000,1.3117057962114413,0.18511666666666668,5,677,0.32,0,0,0.64,0,0,0
USR4053,53,1,21294,82,20074,300000,0.9427068657837888,0.06691333333333334,12,682,0.63,0,0,0.61,0,1,0
USR3530,54,2,11022,47,13684,200000,1.2415169660678642,0.06842,7,200,0.48,1,0,0.73,1,0,0
USR5475,61,1,18792,291,32755,300000,1.7430289484887187,0.10918333333333333,11,156,0.46,0,0,0.34,0,1,0
USR4457,26,1,52728,233,70179,300000,1.3309626763768776,0.23393,6,476,0.5,0,0,0.78,1,0,0
USR2682,50,2,42432,113,47718,100000,1.1245757918552035,0.47718,2,647,0.73,0,0,0.84,0,0,0
USR2012,26,2,43909,29,39928,200000,0.9093352160149399,0.19964,5,569,0.84,0,0,0.58,1,0,0
USR2242,51,0,29527,82,21438,300000,0.726047346496427,0.07146,3,111,0.3,1,0,0.48,2,0,0
USR7821,64,3,45506,87,70845,100000,1.5568276710763416,0.70845,9,213,0.65,2,0,0.88,0,0,0
USR5854,31,4,47202,70,41490,300000,0.8789881784670142,0.1383,4,679,0.42,1,0,0.13,1,0,0
USR9597,41,0,7871,20,1117,100000,0.1419133528141278,0.01117,0,31,0.6,1,0,0.88,1,0,0
USR4668,69,5,17815,188,16921,500000,0.9498175694639349,0.033842,4,449,0.02,1,0,0.93,0,1,0
USR3270,26,2,25561,24,23862,200000,0.93353155197371,0.11931,6,147,0.96,0,0,0.61,0,1,0
USR3116,21,3,31363,12,7598,300000,0.24225998788381214,0.025326666666666667,7,424,0.45,0,0,0.99,0,0,0
USR2126,40,1,46576,158,37027,200000,0.7949802473376847,0.185135,0,40,0.08,3,0,0.95,0,0,0
USR6173,29,2,15729,147,17215,300000,1.094475173246869,0.057383333333333335,1,131,0.81,3,0,0.54,0,1,0
USR3925,38,3,54864,92,37455,100000,0.6826881014873141,0.37455,9,47,0.07,1,1,0.82,2,1,0
USR6258,51,0,34230,7,52296,100000,1.5277826468010518,0.52296,11,598,0.74,3,0,0.29,2,0,0
USR2818,32,3,16163,317,1000,300000,0.061869702406731425,0.0033333333333333335,2,280,0.85,1,0,0.23,0,1,0
USR2070,60,5,12400,349,1000,100000,0.08064516129032258,0.01,13,116,0.91,0,0,0.38,1,0,0
USR7728,58,3,22608,227,16689,500000,0.7381900212314225,0.033378,2,16,0.03,3,0,0.99,0,0,0
USR7791,32,2,59005,307,81534,500000,1.381815100415219,0.163068,0,312,0.02,0,0,0.8,0,0,0
USR3377,69,0,36272,308,14101,200000,0.38875716806352006,0.070505,9,277,0.55,3,0,0.13,2,0,0
USR7265,49,2,16107,224,11723,100000,0.7278202023964736,0.11723,5,594,0.12,0,1,0.76,0,0,0
USR8282,37,2,17748,3,6417,300000,0.36156186612576063,0.02139,4,409,0.57,0,1,0.72,0,0,0
USR7406,25,1,28836,131,44036,500000,1.5271188791788042,0.088072,6,149,0.01,0,0,0.17,0,1,0
USR1125,41,4,34910,197,25205,100000,0.7219994270982526,0.25205,2,68,0.96,3,0,0.27,2,0,0
USR1526,40,3,26927,252,36690,200000,1.3625728822371597,0.18345,1,30,0.22,0,0,0.01,1,1,0
USR4091,35,2,46618,187,72519,500000,1.5556008408769144,0.145038,15,606,0.8,0,1,0.87,0,1,0
USR7788,67,2,16928,49,7964,500000,0.4704631379962193,0.015928,3,401,0.59,1,0,0.58,0,0,0
USR5720,33,2,43513,302,20887,300000,0.48001746604463036,0.06962333333333333,5,74,0.33,2,0,0.37,0,0,0
USR8937,70,1,49641,201,36652,300000,0.7383412904655426,0.12217333333333333,0,6,0.26,0,0,0.58,0,0,0
USR4535,43,3,59428,134,82039,100000,1.3804772161270782,0.82039,3,666,0.92,3,0,0.85,2,1,0
USR9119,63,2,41104,228,64891,300000,1.5787028026469443,0.21630333333333332,1,106,0.29,0,0,0.11,2,0,0
USR4198,29,1,54268,171,54247,500000,0.9996130316208447,0.108494,5,68,0.99,1,1,0.68,1,1,0
USR2614,69,1,39459,183,12380,200000,0.31374337920373047,0.0619,6,536,0.39,0,0,0.62,0,1,0
USR2580,67,2,30505,43,43502,300000,1.4260613014259957,0.14500666666666667,5,468,0.46,2,0,0.2,1,0,0
USR1248,69,2,20402,130,16524,500000,0.809920596019998,0.033048,15,124,0.41,1,0,0.72,0,1,0
USR7480,41,3,56238,69,63066,200000,1.1214125680145097,0.31533,2,544,0.66,0,0,0.19,2,0,0
USR9597,70,1,49895,196,40971,200000,0.8211444032468184,0.204855,9,78,0.07,1,0,0.11,2,0,0
USR6375,22,2,24093,345,51247,500000,2.1270493504337358,0.102494,10,549,0.69,0,0,0.79,1,1,1
USR1858,45,0,6637,341,8107,200000,1.2214856109688113,0.040535,1,529,0.33,0,1,0.19,2,0,0
USR2402,54,1,45785,128,23185,500000,0.5063885552036693,0.04637,7,238,0.42,2,0,0.33,0,1,0
USR6211,59,1,13998,63,27416,300000,1.9585655093584797,0.09138666666666667,7,181,0.21,0,0,0.61,0,0,0
USR3784,26,1,19789,27,6434,100000,0.32513012279549247,0.06434,13,592,0.96,3,0,0.21,0,0,0
USR2468,40,3,23038,348,25732,500000,1.1169372341349075,0.051464,9,521,0.03,2,0,0.08,1,1,0
USR4606,35,2,18866,198,45636,200000,2.418954733382805,0.22818,17,89,1.0,1,0,0.1,0,1,1
USR4706,48,2,59235,211,46127,500000,0.7787119101882333,0.092254,8,64,0.2,0,1,0.18,0,0,0
USR1784,18,0,17115,86,1000,200000,0.05842827928717499,0.005,3,606,0.43,3,0,0.4,0,1,0
USR2490,52,3,25767,57,39294,500000,1.52497380370241,0.078588,2,118,0.9,1,1,0.28,2,0,0
USR2394,21,0,50013,245,76332,300000,1.5262431767740388,0.25444,1,140,0.94,0,0,0.62,2,0,0
USR3529,37,2,10721,129,3314,500000,0.30911295588098125,0.006628,11,452,0.05,0,1,0.1,0,1,0
USR3185,46,3,18513,9,8487,300000,0.4584346135148274,0.02829,3,162,0.89,1,1,0.77,1,0,0
USR5194,55,1,9633,129,7885,300000,0.8185404339250493,0.026283333333333332,24,396,0.58,3,0,0.75,2,0,0
USR6133,61,1,20641,110,35998,200000,1.7440046509374545,0.17999,1,674,0.69,1,0,0.97,1,0,0
USR6903,52,0,49649,224,55224,300000,1.112288263610546,0.18408,4,608,0.56,1,0,0.8,0,0,0
USR4816,70,1,37008,64,39954,200000,1.079604409857328,0.19977,2,415,0.09,3,0,0.14,2,0,0
USR7354,29,2,31225,314,39450,500000,1.2634107285828662,0.0789,6,58,0.88,0,1,0.42,0,0,0
USR5064,60,1,6794,248,15412,100000,2.2684721813364734,0.15412,19,540,0.02,0,0,0.87,0,0,0
USR7214,25,0,26009,90,17774,100000,0.6833788304048598,0.17774,2,70,0.39,3,0,0.92,2,0,0
USR4626,64,1,44552,236,54038,500000,1.2129197342431317,0.108076,13,95,0.02,2,0,0.17,0,0,0
USR5160,23,2,29640,15,22049,200000,0.74389338731444,0.110245,0,351,0.13,0,0,0.49,0,0,0
USR4783,65,1,45692,160,55573,200000,1.2162522979952728,0.277865,5,458,0.79,1,1,0.12,0,0,0
USR1138,19,2,10198,44,15702,100000,1.5397136693469309,0.15702,13,320,0.53,0,0,0.49,0,0,0
USR3863,30,3,37225,36,55640,200000,1.4946944257891202,0.2782,8,625,0.34,1,0,0.22,0,0,0
USR1176,36,2,6616,79,6784,500000,1.0253929866989118,0.013568,9,656,0.7,2,0,0.02,1,0,0
USR4728,64,1,21308,280,37779,200000,1.7729960578186597,0.188895,2,84,0.25,2,0,0.28,1,0,0
USR4175,23,1,25891,17,33824,300000,1.3063999073036963,0.11274666666666666,2,45,0.79,2,0,0.85,0,0,0
USR3663,69,3,48704,187,79559,300000,1.6335208607095926,0.2651966666666667,23,348,0.25,1,0,0.76,0,0,0
USR5805,66,0,25983,180,26070,100000,1.0033483431474426,0.2607,0,666,0.18,2,0,0.16,2,0,0
USR4490,65,2,8423,169,15022,100000,1.7834500771696544,0.15022,5,594,0.89,3,0,0.64,2,1,0
USR6479,63,3,43824,42,24182,200000,0.5517981014968967,0.12091,0,138,0.75,2,1,0.12,0,0,0
USR4920,45,4,7812,164,1707,100000,0.21850998463901689,0.01707,2,309,0.26,0,1,0.24,1,0,0
USR6433,53,4,57313,303,58275,100000,1.0167850225952226,0.58275,10,23,0.18,1,0,0.11,0,0,0
USR7024,67,2,50653,297,111004,300000,2.191459538428129,0.37001333333333336,16,118,0.14,0,1,0.6,0,0,0
USR2383,70,5,10656,325,14682,300000,1.3778153153153154,0.04894,2,181,0.23,2,1,0.36,0,0,0
USR7866,40,1,7402,129,11545,200000,1.5597135909213726,0.057725,4,230,0.96,1,0,0.86,2,1,0
USR9219,53,2,38370,69,23350,500000,0.6085483450612458,0.0467,0,70,0.0,1,0,0.57,0,1,0
USR4309,66,2,16475,145,23460,200000,1.4239757207890744,0.1173,0,89,0.14,1,0,0.27,1,0,0
USR4801,24,1,20164,52,35528,100000,1.7619519936520531,0.35528,3,181,0.51,1,0,0.9,2,0,0
USR1505,64,0,38260,2,41507,200000,1.0848667015159434,0.207535,4,384,0.09,1,0,0.74,2,0,0
USR1702,21,3,54938,208,31237,100000,0.5685864064945939,0.31237,12,241,0.43,1,1,0.15,1,0,0
USR2178,56,4,22887,16,55807,300000,2.438371127714423,0.18602333333333335,20,261,0.5,2,1,0.32,2,0,0
USR9070,39,2,47083,313,1000,500000,0.021239088418325086,0.002,0,230,0.65,1,1,0.93,2,0,0
USR6848,57,0,43575,81,40764,100000,0.9354905335628227,0.40764,2,520,0.72,0,0,0.37,2,0,0
USR2533,39,1,55707,296,22572,200000,0.40519144811244545,0.11286,7,318,0.15,1,0,0.77,0,0,0
USR8608,55,2,45814,131,64149,200000,1.4002051774566726,0.320745,16,408,0.53,3,1,0.34,1,0,0
USR4867,57,2,31430,331,67885,500000,2.1598790964047088,0.13577,13,539,0.34,0,0,0.77,2,1,1
USR8549,61,0,23993,312,18616,200000,0.7758929687825615,0.09308,23,675,0.29,0,0,0.95,1,0,0
USR5067,64,1,26468,91,14070,200000,0.5315853105636995,0.07035,10,261,0.3,3,0,0.5,0,1,0
USR3645,56,2,56596,227,110177,200000,1.9467276839352605,0.550885,6,390,0.55,0,0,0.44,2,0,0
USR4110,65,3,59115,332,101412,300000,1.715503679269221,0.33804,3,363,0.05,0,0,0.08,0,1,0
USR1861,64,0,58846,178,17867,100000,0.303623016007885,0.17867,0,255,0.2,2,0,0.59,0,0,0
USR8957,61,2,42177,280,54516,300000,1.292552813144605,0.18172,1,266,0.95,2,1,0.36,2,0,0
USR8946,22,2,33337,235,22049,300000,0.6613972463029066,0.07349666666666667,5,145,0.89,0,0,0.29,0,1,0
USR2509,50,2,16311,32,2425,100000,0.1486726748819815,0.02425,5,101,0.83,3,1,0.31,0,0,0
USR2025,68,1,17823,189,31387,500000,1.7610391067721483,0.062774,10,388,0.64,1,0,0.07,1,0,0
USR5489,66,3,35592,153,20453,500000,0.5746516071027197,0.040906,0,181,0.17,0,0,0.06,1,0,0
USR9946,58,2,28276,141,30522,500000,1.0794313198472203,0.061044,21,623,0.14,3,0,0.38,0,0,0
USR4183,51,2,8916,214,3510,100000,0.3936742934051144,0.0351,3,487,0.49,0,0,0.07,0,0,0
USR9931,32,1,23311,262,30879,100000,1.3246535970142852,0.30879,8,480,0.58,0,0,0.54,0,0,0
USR9468,54,1,21768,207,28016,100000,1.2870268283719222,0.28016,3,698,0.28,0,0,0.66,0,0,0
USR6656,28,3,27535,50,23891,100000,0.8676593426548029,0.23891,1,633,0.51,0,0,0.13,0,0,0
USR5783,68,1,58450,226,1000,500000,0.01710863986313088,0.002,13,549,0.54,0,1,0.65,2,0,0
USR9844,23,3,8875,191,6078,200000,0.6848450704225352,0.03039,5,226,0.65,0,0,0.63,0,1,0
USR4901,48,0,40322,309,1000,500000,0.024800357125142603,0.002,3,159,0.75,2,0,0.39,0,0,0
USR3114,57,5,11897,101,17311,200000,1.4550727074052283,0.086555,9,89,0.14,0,0,0.39,1,1,0
USR3887,60,1,29463,364,57564,500000,1.9537725282557785,0.115128,19,468,0.48,0,0,0.54,0,0,0
USR5184,54,0,51762,297,42527,500000,0.8215872647888413,0.085054,4,68,0.7,0,0,0.37,0,0,0
USR7359,21,2,16308,151,9961,200000,0.6108045131223939,0.049805,14,398,0.57,3,0,0.3,0,0,0
USR5786,48,3,23299,4,42812,200000,1.8375037555259883,0.21406,23,590,0.27,3,1,0.69,0,0,0
USR1814,30,1,31123,151,34913,500000,1.121774893165826,0.069826,7,273,0.64,1,0,0.89,2,0,0
USR5794,25,3,48337,333,12708,100000,0.2629041934749778,0.12708,3,229,0.82,0,0,0.19,0,0,0
USR3527,51,4,16831,27,18967,500000,1.1269086804111461,0.037934,5,339,0.59,0,0,0.25,1,1,0
USR7899,34,4,28443,64,24874,300000,0.8745209717680976,0.08291333333333334,6,649,0.31,1,0,0.55,0,0,0
USR4628,59,3,34797,158,45838,500000,1.3172974681725436,0.091676,7,681,0.55,1,0,0.57,2,1,0
USR5312,18,4,19822,191,36614,100000,1.8471395419231158,0.36614,14,166,0.26,0,0,0.99,1,1,1
USR2653,22,0,40894,288,25394,300000,0.6209712916320242,0.08464666666666666,8,133,0.98,3,0,0.18,0,0,0
USR3253,35,2,17768,312,1000,100000,0.05628095452498874,0.01,7,462,0.45,0,0,0.42,1,0,0
USR7084,63,1,34099,326,16614,200000,0.4872283644681662,0.08307,18,110,0.26,2,0,0.14,2,1,0
USR7969,53,2,35980,337,28188,100000,0.7834352418010005,0.28188,2,51,0.73,2,0,0.22,0,1,0
USR7392,32,1,5837,97,3446,200000,0.5903717663183142,0.01723,5,502,0.17,2,1,0.73,0,0,0
USR6603,49,3,10850,263,5098,500000,0.46986175115207374,0.010196,2,412,0.36,0,0,0.5,0,0,0
USR8000,53,3,31924,126,34348,500000,1.0759303345445432,0.068696,16,392,0.91,2,0,0.47,0,1,0
USR6216,37,1,9504,201,7935,300000,0.8349116161616161,0.02645,2,694,1.0,0,0,0.01,0,0,0
USR6323,24,1,16292,252,11095,500000,0.6810090842131107,0.02219,14,304,0.8,0,0,0.81,0,0,0
USR2540,23,2,9360,1,19415,300000,2.0742521367521367,0.06471666666666667,8,503,0.66,3,0,0.57,0,1,0
USR4441,58,2,33539,23,40159,100000,1.197382152121411,0.40159,9,329,0.84,2,1,0.18,1,0,0
USR7238,29,1,56223,43,47510,200000,0.8450278355833022,0.23755,2,39,0.0,0,0,0.81,0,1,0
USR1336,56,1,42993,161,84173,200000,1.9578303444746818,0.420865,1,574,0.27,1,0,0.31,2,0,0
USR7838,63,1,14250,265,10014,100000,0.7027368421052631,0.10014,4,191,0.7,2,1,0.73,0,1,0
USR8022,23,5,24244,24,31983,500000,1.319213001154925,0.063966,19,34,0.94,0,0,0.59,2,0,0
USR8495,47,4,58146,271,82659,300000,1.4215767206686616,0.27553,7,287,0.24,3,0,0.98,0,0,0
USR8918,46,1,53532,202,53902,100000,1.0069117537174026,0.53902,12,123,0.79,2,0,0.03,0,0,0
USR4957,47,3,11227,352,18350,200000,1.634452658769039,0.09175,7,503,0.68,1,0,0.42,0,0,0
USR1634,23,5,22791,266,38416,300000,1.6855776402966083,0.12805333333333332,12,384,0.33,1,0,0.16,0,0,0
USR9480,54,2,14108,231,5404,200000,0.3830450808052169,0.02702,13,284,0.15,1,1,0.08,0,0,0
USR6291,27,1,48117,158,38969,500000,0.8098800839620093,0.077938,13,187,0.59,0,1,0.79,0,1,0
USR5483,25,1,46464,60,87163,100000,1.8759254476584022,0.87163,13,225,0.37,1,0,0.01,0,0,0
USR3658,20,1,55476,14,42667,500000,0.7691073617420146,0.085334,25,456,0.95,3,0,0.3,1,0,0
USR2635,53,2,53445,42,38995,200000,0.7296285901393956,0.194975,1,98,0.76,0,0,0.53,2,0,0
USR4350,40,2,16498,223,20152,100000,1.2214813916838405,0.20152,5,458,0.79,1,1,0.01,0,0,0
USR6043,65,0,58401,57,96629,500000,1.65457783257136,0.193258,1,181,0.9,0,0,0.24,1,0,0
USR8947,45,3,12420,276,13389,500000,1.0780193236714977,0.026778,0,97,0.3,1,1,0.49,2,0,0
USR4918,30,2,46353,210,117705,300000,2.5393178435052746,0.39235,4,359,0.56,3,0,0.1,1,1,0
USR8941,27,4,53809,263,86540,500000,1.608281142559795,0.17308,2,679,0.25,2,0,0.5,0,0,0
USR5201,68,0,40153,270,24510,200000,0.6104151620053296,0.12255,7,120,0.82,1,0,0.94,2,1,0
USR3558,39,2,59066,125,63172,100000,1.069515457285071,0.63172,0,244,0.05,0,0,0.59,0,0,0
USR4212,20,2,27009,243,18561,200000,0.6872153726535599,0.092805,16,154,0.95,2,0,0.94,0,0,0
USR3525,24,2,37146,353,22113,300000,0.5952996284929737,0.07371,2,353,0.93,1,0,0.43,1,0,0
USR4754,36,2,32450,150,22706,100000,0.6997226502311248,0.22706,8,472,0.24,1,0,0.8,2,0,0
USR9690,59,1,30168,281,22202,300000,0.7359453725802174,0.07400666666666667,4,220,0.9,2,0,0.95,0,0,0
USR5735,64,2,56539,298,57527,500000,1.017474663506606,0.115054,1,343,0.81,1,0,0.34,2,0,0
USR1626,69,2,43403,20,5832,200000,0.1343685920328088,0.02916,3,60,0.17,1,0,0.74,0,1,0
USR8784,33,2,12565,313,14240,200000,1.1333068046159969,0.0712,7,584,0.91,0,0,0.49,1,1,0
USR5966,67,1,21998,30,1156,300000,0.05255023183925812,0.003853333333333333,5,148,0.29,1,0,1.0,0,0,0
USR6901,19,0,34234,276,30970,500000,0.9046561897528772,0.06194,2,416,0.44,0,1,0.01,2,1,0
USR2960,58,4,19659,301,21919,100000,1.1149600691795107,0.21919,7,330,0.34,1,0,0.16,0,0,0
USR2581,48,1,55459,248,32456,100000,0.5852251212607512,0.32456,5,435,0.13,1,0,0.51,0,0,0
USR4944,69,2,54588,104,49944,200000,0.9149263574411959,0.24972,8,271,0.14,1,0,0.32,2,0,0
USR8467,35,2,6914,215,11140,300000,1.6112236042811687,0.03713333333333333,20,527,0.27,0,1,0.07,0,1,0
USR4377,64,3,24036,315,18854,300000,0.7844067232484606,0.06284666666666666,0,143,0.66,0,1,0.83,2,0,0
USR4056,68,3,41021,65,26115,300000,0.6366251432193267,0.08705,12,632,0.71,1,1,0.64,0,0,0
USR8290,37,2,35439,26,35875,300000,1.0123028302152994,0.11958333333333333,6,166,0.37,0,0,0.19,1,0,0
USR6028,65,1,17552,365,36646,500000,2.0878532360984505,0.073292,7,443,0.17,3,1,0.46,2,1,0
USR7911,29,1,36066,339,28265,500000,0.7837021017024344,0.05653,9,438,0.64,1,0,0.0,2,0,0
USR1254,50,3,39996,38,26883,200000,0.6721422142214222,0.134415,11,627,0.6,1,0,0.67,0,0,0
USR1221,70,4,53555,298,80181,500000,1.4971711324806274,0.160362,4,292,0.96,0,0,0.17,1,0,0
USR3533,49,1,52974,208,106828,200000,2.0166119228300676,0.53414,6,53,0.23,0,1,0.2,1,0,0
USR4348,60,2,47290,296,20042,300000,0.42381053076760417,0.06680666666666667,5,124,0.09,1,0,0.28,0,0,0
USR3305,50,3,23445,304,13109,100000,0.5591384090424397,0.13109,3,178,0.34,1,0,0.07,0,0,0
USR7504,23,3,41949,111,7853,200000,0.1872035090228611,0.039265,8,549,0.6,3,1,0.06,1,0,0
USR2286,59,1,46042,156,14916,300000,0.3239650753659702,0.04972,7,356,0.01,3,0,0.1,1,0,0
USR7004,29,2,13838,193,22092,300000,1.59647347882642,0.07364,17,85,0.36,2,0,0.38,2,0,0
USR3860,28,3,42462,352,18260,500000,0.4300315576279968,0.03652,2,73,0.4,0,0,0.4,0,0,0
USR1095,40,1,50175,67,86804,500000,1.730024912805182,0.173608,15,599,0.03,3,0,0.94,0,0,0
USR6128,68,4,56752,119,47047,500000,0.8289928108260501,0.094094,10,312,0.7,0,0,0.35,2,0,0
USR3956,58,1,49180,16,46061,500000,0.9365799105327369,0.092122,6,333,1.0,0,0,0.33,0,0,0
USR9292,58,0,9342,162,17025,300000,1.8224149004495824,0.05675,5,347,0.14,2,0,0.65,1,0,0
USR3447,44,2,13980,272,24039,200000,1.7195278969957082,0.120195,7,219,0.68,0,1,0.88,1,0,0
USR4607,19,2,22675,238,11502,100000,0.5072546857772877,0.11502,1,630,0.56,1,0,0.11,1,0,0
USR5839,67,1,59422,29,91775,200000,1.5444616472013732,0.458875,19,700,0.86,0,0,0.08,0,1,0
USR3210,50,0,17747,164,22698,200000,1.2789767284611484,0.11349,3,573,0.63,0,0,0.49,0,1,0
USR7367,51,3,49550,267,58839,100000,1.1874672048435924,0.58839,13,409,0.23,2,0,0.52,2,1,0
USR6642,55,2,5289,58,1902,200000,0.35961429381735677,0.00951,0,193,0.06,3,0,0.13,1,0,0
USR6975,35,5,36033,336,22162,300000,0.6150473177365193,0.07387333333333333,14,221,0.11,1,0,0.11,0,0,0
USR7534,41,5,13679,220,9019,300000,0.6593318225016449,0.030063333333333334,9,184,0.05,0,0,0.62,0,0,0
USR6674,63,1,33697,164,36455,500000,1.0818470486986973,0.07291,7,671,0.33,0,0,0.22,0,0,0
USR1879,29,3,50355,317,85576,500000,1.6994538774699632,0.171152,14,424,0.21,1,1,0.8,2,0,0
USR7777,28,1,56398,33,37063,100000,0.6571686939253165,0.37063,18,379,0.89,0,1,0.35,1,0,0
USR1935,57,2,7816,111,7261,200000,0.9289918116683725,0.036305,9,250,0.2,2,0,0.29,2,0,0
USR2495,33,4,14345,7,15731,200000,1.0966190310212618,0.078655,5,337,0.07,0,1,0.58,1,0,0
USR9584,57,3,8703,57,5564,500000,0.6393197747903022,0.011128,1,339,0.95,1,1,0.82,1,0,0
USR7914,62,0,22546,336,16779,500000,0.7442118335846714,0.033558,1,480,0.37,3,0,0.75,0,0,0
USR9442,56,5,28453,87,19441,300000,0.6832671423048536,0.06480333333333334,2,299,0.28,1,0,0.04,2,0,0
USR6518,25,3,58246,46,29134,200000,0.5001888541702435,0.14567,2,58,0.62,0,0,0.56,2,1,0
USR4353,39,3,12443,118,9391,100000,0.7547215301776099,0.09391,8,86,0.12,0,0,0.37,0,0,0
USR8822,59,1,45707,205,101481,100000,2.220250727459689,1.01481,11,448,0.78,1,0,0.09,2,0,0
USR4319,42,1,40817,259,63775,100000,1.5624617193816301,0.63775,3,414,0.76,0,0,0.34,0,0,0
USR4162,68,0,22458,71,24912,300000,1.109270638525247,0.08304,5,532,0.36,1,1,0.62,1,0,0
USR2072,63,1,45657,30,12363,300000,0.27077994611998163,0.04121,14,85,0.69,0,0,0.44,0,0,0
USR4572,27,3,53883,55,50419,200000,0.9357125624037266,0.252095,10,137,0.55,0,0,0.58,0,0,0
USR1222,27,1,38460,256,32019,300000,0.8325273010920436,0.10673,0,614,0.55,3,0,0.42,0,1,0
USR7214,21,1,5946,188,1195,500000,0.20097544567776657,0.00239,0,524,0.96,2,0,0.26,0,1,0
USR5681,28,3,54739,167,102758,300000,1.8772356089807998,0.34252666666666665,7,113,0.94,1,0,0.22,0,1,1
USR9417,60,3,52336,96,49150,500000,0.9391241210638949,0.0983,7,527,0.47,3,1,0.3,1,0,0
USR3334,41,4,29720,221,23281,100000,0.7833445491251683,0.23281,6,365,0.37,0,0,0.26,2,0,0
USR9429,45,1,5082,138,5570,100000,1.0960251869342779,0.0557,9,120,0.43,3,0,0.06,0,0,0
USR6348,61,1,39830,317,1000,500000,0.025106703489831784,0.002,19,436,0.36,1,1,0.37,1,0,0
USR2279,27,1,21811,70,32626,500000,1.4958507175278528,0.065252,11,655,0.36,3,0,0.94,0,0,0
USR9350,47,3,38266,313,28657,100000,0.7488893534730571,0.28657,0,465,0.31,2,0,0.8,1,0,0
USR6572,34,2,35971,83,39382,500000,1.094826387923605,0.078764,16,366,0.53,0,0,0.9,0,1,0
USR1139,30,3,58079,239,57362,100000,0.9876547461216618,0.57362,0,363,0.16,1,0,0.74,0,0,0
USR1641,34,3,8571,189,1000,500000,0.11667250029168125,0.002,16,448,0.13,2,0,0.41,0,0,0
USR4133,45,2,57480,34,58704,200000,1.021294363256785,0.29352,9,526,0.29,0,0,0.91,0,0,0
USR5172,70,2,23870,181,1807,200000,0.0757017176372015,0.009035,8,59,0.05,3,0,0.93,2,1,0
USR7488,53,0,5610,196,6367,200000,1.1349376114081997,0.031835,2,9,0.49,1,1,0.36,0,0,0
USR7374,35,3,16018,48,1000,500000,0.06242976651267324,0.002,12,396,0.47,3,0,0.3,0,0,0
USR6698,38,2,54623,257,45545,500000,0.8338062720831884,0.09109,13,426,0.81,0,1,0.26,0,1,0
USR1690,63,1,51963,317,36798,200000,0.7081577276138791,0.18399,10,634,0.71,0,0,0.42,0,0,0
USR9750,60,0,24177,190,17727,200000,0.7332175207842164,0.088635,4,414,0.38,1,0,0.13,0,0,0
USR8440,66,3,41190,221,61560,500000,1.4945375091041515,0.12312,4,48,0.34,0,0,0.01,0,1,0
USR2193,41,2,42529,345,65964,300000,1.5510357638317382,0.21988,3,362,0.24,1,0,0.03,1,0,0
USR4498,41,0,16441,354,25160,300000,1.530320540113132,0.08386666666666667,5,51,0.13,3,0,0.17,0,0,0
USR5010,40,5,21542,6,24098,200000,1.118651935753412,0.12049,0,655,0.24,0,0,0.34,2,0,0
USR9376,18,4,54643,128,143391,300000,2.6241421591054666,0.47797,10,613,0.67,0,0,0.5,0,0,0
USR8848,44,2,34774,305,51894,200000,1.4923218496577904,0.25947,8,344,0.94,0,0,0.68,0,0,0
USR1017,62,3,23004,146,18650,500000,0.8107285689445314,0.0373,4,123,0.85,1,0,0.84,1,0,0
USR1651,40,1,8866,188,15683,300000,1.768892397924656,0.052276666666666666,2,346,0.61,1,1,0.83,0,0,0
USR4784,50,2,8582,122,7326,500000,0.8536471684921929,0.014652,2,269,0.32,0,0,0.24,0,1,0
USR9854,43,3,34966,170,6057,100000,0.17322541897843619,0.06057,4,490,0.55,0,1,0.1,0,1,0
USR6414,23,1,9273,122,8746,100000,0.9431683381861318,0.08746,24,588,0.47,3,0,0.83,0,0,0
USR9327,70,0,31359,284,11838,200000,0.3774992825026308,0.05919,4,268,0.09,1,0,0.18,0,0,0
USR5707,32,2,24780,36,46022,200000,1.8572235673930588,0.23011,9,388,0.95,2,0,0.6,0,0,0
USR7076,41,1,7116,123,8031,100000,1.12858347386172,0.08031,8,385,0.62,0,0,0.4,1,0,0
USR8391,29,2,22267,60,10832,300000,0.4864597835361746,0.03610666666666667,18,145,0.98,3,0,0.67,1,1,0
USR1288,66,3,11542,344,8987,200000,0.7786345520706983,0.044935,13,506,0.43,0,0,0.42,0,1,0
USR5596,57,2,47980,82,53382,200000,1.112588578574406,0.26691,15,231,0.49,0,0,0.99,0,0,0
USR5384,42,2,57885,313,74281,200000,1.2832512740779132,0.371405,2,632,0.99,1,0,0.87,0,0,0
USR4494,60,3,28070,173,9251,200000,0.32956893480584254,0.046255,3,138,0.41,0,0,0.63,0,0,0
USR4273,61,1,21092,338,41790,100000,1.9813199317276693,0.4179,2,213,0.62,1,0,0.09,2,0,0
USR8328,69,2,40813,276,23081,200000,0.5655305907431456,0.115405,4,118,0.68,1,1,0.32,1,1,0
USR9255,18,2,55071,260,61197,300000,1.1112382197526829,0.20399,6,141,1.0,3,0,0.95,1,0,0
USR6935,22,6,33300,85,56515,200000,1.697147147147147,0.282575,11,197,0.87,1,0,0.46,0,0,0
USR1938,50,2,25246,149,6635,500000,0.26281391111463204,0.01327,8,661,0.03,0,1,0.49,0,0,0
USR4125,53,2,24607,282,4105,200000,0.16682244889665543,0.020525,4,383,0.77,1,0,0.31,0,0,0
USR4538,24,1,9746,28,22088,100000,2.2663656884875847,0.22088,4,297,0.11,2,0,0.49,0,0,0
USR8427,27,0,17949,131,19113,500000,1.0648504094935651,0.038226,2,155,0.09,1,0,0.71,1,1,0
USR7956,33,3,41926,358,9261,200000,0.22088918570815247,0.046305,9,530,0.93,0,0,0.43,1,0,0
USR7936,48,1,24945,325,10784,300000,0.4323110843856484,0.03594666666666667,0,37,0.13,0,0,0.53,1,0,0
USR7170,46,0,14713,97,14151,200000,0.9618024875960035,0.070755,2,100,0.36,1,0,0.97,1,1,0
USR2868,55,0,5583,224,7745,300000,1.3872469998208847,0.02581666666666667,0,160,0.2,1,1,0.61,0,0,0
USR3844,36,3,26949,312,26133,300000,0.9697205833240565,0.08711,5,507,0.16,0,0,0.69,0,0,0
USR9648,57,4,41024,230,21898,200000,0.5337851014040562,0.10949,2,248,0.38,1,1,0.2,1,0,0
USR5969,68,1,6365,316,1996,100000,0.31358994501178317,0.01996,5,186,0.18,0,0,0.38,2,0,0
USR6333,36,1,49649,69,63946,500000,1.287961489657395,0.127892,8,463,0.28,0,0,0.12,2,0,0
USR4112,45,2,48630,119,36074,100000,0.741805469874563,0.36074,23,579,0.49,3,0,0.74,1,0,0
USR6458,56,1,26137,197,30090,500000,1.1512415349887133,0.06018,2,379,0.03,3,0,0.31,0,0,0
USR3054,53,2,43055,151,48361,300000,1.1232377191963767,0.16120333333333334,12,528,0.59,1,0,0.05,0,0,0
USR8069,66,4,17696,249,10456,300000,0.590867992766727,0.03485333333333333,9,348,0.17,1,1,0.58,2,0,0
USR3486,40,1,37958,357,17856,100000,0.47041466884451233,0.17856,4,416,0.21,0,0,0.46,2,1,0
USR6973,47,4,23796,166,21957,300000,0.9227181038830056,0.07319,5,18,0.61,0,0,0.23,0,0,0
USR4289,20,1,47020,120,65753,200000,1.3984049340706082,0.328765,2,25,0.55,1,1,0.61,1,0,0
USR1632,53,1,35899,87,75931,500000,2.115128555112956,0.151862,15,326,0.09,2,1,0.86,0,0,0
USR7494,65,3,56026,190,25350,200000,0.4524684967693571,0.12675,2,373,0.88,1,0,0.65,0,1,0
USR3584,31,3,38368,23,10056,200000,0.26209341117598,0.05028,1,273,0.9,2,1,0.75,2,1,0
USR3856,19,1,24766,192,28664,200000,1.1573932003553258,0.14332,9,214,0.77,0,0,0.06,2,0,0
USR2129,23,2,18065,141,23869,500000,1.321284251314697,0.047738,11,512,0.86,1,1,0.51,0,0,0
USR6395,54,2,27214,67,1000,500000,0.03674579260674653,0.002,5,89,0.32,2,1,0.48,1,0,0
USR4305,43,2,16206,220,3625,100000,0.22368258669628532,0.03625,11,196,0.86,0,0,0.63,2,0,0
USR4274,42,1,13759,340,1000,200000,0.0726797005596337,0.005,11,318,0.64,0,1,0.31,1,0,0
USR6406,62,2,48518,4,10871,300000,0.22406117317284308,0.03623666666666667,5,642,0.81,1,1,0.54,0,0,0
USR7297,22,1,6680,277,8548,100000,1.2796407185628742,0.08548,5,330,0.08,1,1,0.12,2,1,0
USR7500,24,3,23975,147,16535,500000,0.6896767466110532,0.03307,3,408,0.27,3,0,0.99,0,1,0
USR2911,50,3,32111,326,51951,300000,1.6178568091931114,0.17317,9,237,0.49,3,0,0.97,2,1,0
USR7725,64,2,13806,298,1000,500000,0.07243227582210633,0.002,9,33,0.19,1,0,0.66,0,0,0
USR6640,44,0,22253,273,21670,500000,0.9738012852199703,0.04334,3,462,0.76,0,0,0.16,2,0,0
USR8059,24,0,5376,40,3815,500000,0.7096354166666666,0.00763,9,333,0.5,3,1,0.57,0,0,0
USR6917,59,1,25804,290,30122,300000,1.1673383971477291,0.10040666666666667,3,495,0.51,1,1,0.56,1,1,0
USR8602,25,1,20737,314,51518,500000,2.4843516419925735,0.103036,1,527,0.62,3,0,0.73,0,1,1
USR3207,64,1,36180,307,17805,500000,0.49212271973466004,0.03561,4,670,1.0,2,0,0.76,1,0,0
USR4557,28,3,52275,208,84436,300000,1.6152271640363463,0.28145333333333333,8,371,0.83,0,0,0.43,0,0,0
USR9787,19,2,55200,19,61630,300000,1.1164855072463769,0.20543333333333333,1,308,0.85,1,0,0.95,0,1,0
USR6059,66,2,26031,98,17130,500000,0.6580615420076064,0.03426,5,274,0.39,0,0,0.21,1,1,0
USR7757,42,2,15355,156,23568,200000,1.5348746336698145,0.11784,5,159,0.28,0,0,0.39,2,1,0
USR2041,50,4,54990,43,37632,500000,0.6843426077468631,0.075264,7,20,0.59,0,0,0.18,0,1,0
USR7731,65,0,26008,323,39219,500000,1.5079590895109196,0.078438,0,191,0.37,0,0,0.73,1,0,0
USR7043,18,0,52687,295,62310,300000,1.1826446751570596,0.2077,11,78,0.67,0,0,0.81,1,0,0
USR4827,50,3,16989,8,20106,500000,1.1834716581317324,0.040212,10,276,0.79,0,0,0.12,1,0,0
USR5784,47,0,15128,292,17883,300000,1.1821126388154415,0.05961,2,21,0.39,0,0,0.02,1,0,0
USR4057,19,1,15158,240,11330,300000,0.7474600870827286,0.037766666666666664,6,537,0.99,3,0,0.03,1,0,0
USR6037,53,0,11129,58,3000,500000,0.26956599874202536,0.006,14,237,0.55,2,0,0.64,0,0,0
USR8209,34,2,26940,338,37459,100000,1.3904602821083891,0.37459,5,102,0.77,0,0,0.12,0,0,0
USR7384,60,4,5661,158,1298,300000,0.2292881116410528,0.004326666666666667,11,524,0.49,0,0,0.72,2,0,0
USR8980,49,1,41993,115,5939,200000,0.14142833329364418,0.029695,18,612,0.22,0,0,0.93,0,1,0
USR4983,51,3,59730,336,45959,100000,0.7694458396115854,0.45959,10,600,0.09,0,1,0.98,2,0,0
USR7618,62,1,46461,155,53894,500000,1.1599836421945287,0.107788,9,341,0.3,1,0,0.74,0,0,0
USR7495,47,3,19065,191,25060,500000,1.3144505638604773,0.05012,1,11,0.42,1,0,0.92,2,1,0
USR9026,31,0,52379,32,91422,200000,1.7453941465090972,0.45711,1,619,0.81,0,0,0.71,2,0,0
USR3440,36,0,16502,331,18235,500000,1.105017573627439,0.03647,9,618,0.29,1,0,0.17,1,0,0
USR1997,19,2,54349,156,1000,500000,0.018399602568584517,0.002,7,628,0.45,0,0,0.11,0,1,0
USR3624,70,5,40330,225,17958,300000,0.44527646912968016,0.05986,18,417,0.24,0,0,0.07,1,0,0
USR1969,34,2,28999,172,32205,300000,1.1105555363978068,0.10735,16,141,0.73,2,1,0.35,0,0,0
USR1058,42,1,31745,269,39321,200000,1.238651756182076,0.196605,13,196,0.22,0,0,0.73,0,0,0
USR3247,65,2,48748,26,68470,200000,1.404570443915648,0.34235,1,390,0.59,1,0,0.61,0,0,0
USR6132,54,1,32011,354,51695,100000,1.614913623441942,0.51695,5,356,0.87,3,1,0.79,1,0,0
USR4516,22,2,44539,135,45047,100000,1.0114057343002762,0.45047,15,73,0.53,2,1,0.2,1,0,0
USR6327,53,3,56284,255,90788,100000,1.6130338995096298,0.90788,0,129,0.99,2,0,0.65,0,0,0
USR6941,26,2,5263,179,2326,100000,0.4419532585977579,0.02326,9,283,0.98,1,0,0.16,2,0,0
USR5278,68,4,32957,237,32358,100000,0.9818248020147465,0.32358,0,673,0.52,2,0,0.93,0,0,0
USR6374,54,2,58283,193,34087,500000,0.5848532162036958,0.068174,10,314,0.07,0,0,0.35,1,1,0
USR2187,19,1,20706,345,22360,100000,1.0798802279532502,0.2236,2,515,0.59,0,0,0.66,0,0,0
USR5116,24,4,44735,52,19103,200000,0.4270258187101822,0.095515,7,432,0.5,3,0,0.58,0,1,0
USR4260,57,1,6264,355,1000,500000,0.15964240102171137,0.002,3,377,0.91,0,0,0.37,1,1,0
USR6331,49,1,33959,24,69617,200000,2.0500309196383877,0.348085,6,603,0.96,0,0,0.42,2,0,0
USR7344,46,4,24938,68,1000,500000,0.04009944662763654,0.002,6,17,0.97,0,1,0.45,1,1,0
USR2050,34,2,59113,81,26439,100000,0.4472620235819532,0.26439,10,405,0.97,0,0,0.66,0,0,0
USR1200,61,0,50937,329,31250,500000,0.6135029546302295,0.0625,12,408,0.04,0,0,0.81,2,0,0
USR9241,45,1,16809,289,15239,300000,0.9065976560176097,0.050796666666666664,3,683,0.31,1,1,0.9,0,0,0
USR6170,49,2,20556,144,7130,300000,0.34685736524615685,0.023766666666666665,6,181,0.46,1,0,0.95,0,0,0
USR2049,32,2,27298,152,20540,500000,0.7524360759029965,0.04108,2,152,0.94,1,1,0.89,0,1,0
USR9992,27,1,35361,177,71927,300000,2.0340770905800176,0.23975666666666667,3,216,0.39,0,0,0.1,0,1,0
USR6480,23,1,8866,138,4910,100000,0.5538010376720054,0.0491,21,276,0.15,0,0,0.52,2,0,0
USR1218,46,2,27789,12,33671,100000,1.2116664867393574,0.33671,7,666,0.37,1,0,0.31,0,0,0
USR3699,66,1,8658,304,6026,500000,0.696003696003696,0.012052,12,555,0.16,0,1,0.27,0,0,0
USR5475,43,0,24432,200,21121,300000,0.864481008513425,0.07040333333333333,0,677,0.5,3,0,0.43,1,1,0
USR2553,52,1,37629,274,34189,300000,0.9085811475192006,0.11396333333333333,6,276,0.22,0,0,0.92,2,0,0
USR4502,47,0,23794,131,32443,500000,1.363494998739178,0.064886,2,587,0.03,1,0,0.59,0,0,0
USR1245,39,2,24605,273,22881,300000,0.9299329404592562,0.07627,10,57,0.71,0,1,0.78,1,1,0
USR3776,53,3,33301,88,35736,200000,1.0731209272994804,0.17868,2,656,0.06,0,1,0.51,0,0,0
USR3172,65,2,35825,96,55516,200000,1.5496441032798325,0.27758,5,553,0.38,1,0,0.53,2,0,0
USR2599,39,0,36651,116,28730,300000,0.7838803852555183,0.09576666666666667,16,166,0.18,1,0,0.94,2,0,0
USR7814,66,4,12028,300,22650,200000,1.8831060857998005,0.11325,9,675,0.75,0,0,0.19,2,0,0
USR3169,52,1,55590,332,60580,100000,1.0897643461054147,0.6058,3,630,0.56,3,1,0.25,1,1,0
USR4037,31,1,26577,83,13997,200000,0.5266583888324491,0.069985,16,540,0.47,0,0,0.06,2,0,0
USR9676,62,2,41312,357,44773,100000,1.0837771107668475,0.44773,6,248,0.5,0,0,0.71,1,0,0
USR9602,35,2,23560,197,26574,300000,1.1279286926994907,0.08858,6,638,0.24,2,0,0.03,0,0,0
USR9223,28,1,59462,104,93341,300000,1.5697588375769398,0.3111366666666667,4,395,0.72,1,0,0.63,2,0,0
USR2308,22,0,56290,95,33300,200000,0.5915793213714692,0.1665,9,331,0.22,3,1,0.75,0,0,0
USR4599,53,3,50134,125,15079,300000,0.3007739258786452,0.050263333333333333,1,358,0.33,0,0,0.77,1,0,0
USR9349,42,1,48015,353,44224,300000,0.9210455066125169,0.14741333333333334,20,409,0.7,0,1,0.45,2,0,0
USR5206,35,2,27385,4,24882,200000,0.9085995983202483,0.12441,16,623,0.1,1,0,0.85,0,1,0
USR9444,45,4,49568,15,41419,100000,0.8355995803744352,0.41419,1,163,0.81,0,0,0.32,2,0,0
USR1884,28,1,12353,130,27203,200000,2.2021371326803205,0.136015,3,205,0.37,0,0,0.17,0,0,0
USR9713,52,2,51238,320,29223,200000,0.5703384207033843,0.146115,9,30,0.97,1,1,0.78,0,0,0
USR9768,34,1,50018,2,40857,200000,0.8168459354632333,0.204285,4,356,0.92,0,0,0.26,0,1,0
USR1990,67,1,49949,96,1000,200000,0.020020420829245832,0.005,3,200,0.26,2,0,0.4,1,0,0
USR6530,21,0,51315,159,51366,500000,1.0009938614440221,0.102732,0,77,0.92,0,0,0.61,0,1,0
USR6523,33,2,22673,298,25078,300000,1.106073303047678,0.08359333333333334,1,148,0.82,0,0,0.91,1,0,0
USR1753,18,2,6779,234,8716,100000,1.2857353591975218,0.08716,5,226,0.4,0,0,0.68,1,0,0
USR8521,21,1,19581,222,25711,300000,1.3130585771921761,0.08570333333333334,4,61,0.21,1,0,0.12,1,0,0
USR2847,44,4,37570,203,6967,500000,0.1854405110460474,0.013934,17,405,0.22,0,1,0.2,0,0,0
USR7836,54,5,54752,99,80596,100000,1.4720192869666862,0.80596,19,195,0.81,1,1,0.04,0,1,0
USR4865,31,3,42963,359,46721,100000,1.0874706142494706,0.46721,7,138,0.1,0,0,0.57,0,0,0
USR1497,25,1,32073,309,26116,100000,0.8142674523742712,0.26116,4,298,0.29,1,0,0.29,0,0,0
USR5499,55,1,38108,168,53280,300000,1.3981316259053218,0.1776,0,277,0.63,0,0,0.22,0,1,0
USR6747,30,1,17929,333,27481,300000,1.5327681410006135,0.09160333333333333,9,59,0.1,1,0,0.73,1,1,0
USR5238,54,2,11646,360,16585,200000,1.424094109565516,0.082925,7,131,0.26,3,0,0.4,0,0,0
USR8345,44,3,41020,195,35806,500000,0.8728912725499757,0.071612,19,582,0.02,1,1,0.54,1,1,0
USR5798,70,2,56544,126,49826,100000,0.88118986983588,0.49826,3,182,0.39,2,1,0.38,0,1,0
USR5331,69,1,54480,303,53389,100000,0.9799743024963289,0.53389,6,274,0.0,1,1,0.86,2,0,0
USR4888,42,0,31232,223,37661,500000,1.2058465676229508,0.075322,15,542,0.86,1,0,0.57,1,0,0
USR2215,58,1,11480,60,4731,200000,0.41210801393728225,0.023655,4,145,0.15,1,1,0.57,1,0,0
USR8542,29,0,24318,178,13268,100000,0.5456040792828357,0.13268,1,145,0.34,2,0,0.88,0,0,0
USR5253,19,0,20861,105,14610,100000,0.7003499352859403,0.1461,13,453,0.13,3,0,0.04,0,0,0
USR2698,24,2,6497,230,2970,100000,0.4571340618747114,0.0297,13,538,0.75,1,0,0.24,0,0,0
USR6881,52,1,44695,357,39275,200000,0.8787336391095201,0.196375,0,386,0.31,2,0,0.16,0,1,0
USR3086,55,2,54920,216,60020,100000,1.0928623452294246,0.6002,2,325,0.98,3,0,0.66,1,0,0
USR7522,43,1,20716,146,36070,500000,1.7411662483104846,0.07214,17,392,0.91,0,1,0.95,1,0,0
USR6072,59,1,13616,258,2657,300000,0.19513807285546417,0.008856666666666667,1,457,0.1,0,1,0.6,0,0,0
USR5163,19,2,34080,184,36764,300000,1.078755868544601,0.12254666666666666,16,300,0.53,3,0,0.75,1,0,0
USR5074,19,2,41359,292,88038,200000,2.128629802461375,0.44019,3,285,0.3,1,0,0.82,0,0,0
USR6351,37,1,26280,9,1000,500000,0.0380517503805175,0.002,11,100,0.24,0,0,0.03,1,0,0
USR8095,41,2,57250,246,57097,300000,0.9973275109170305,0.19032333333333334,18,373,0.16,3,1,0.32,2,0,0
USR1018,56,3,16329,149,9811,500000,0.6008328740278033,0.019622,10,263,0.65,3,0,0.37,1,0,0
USR3267,58,4,48828,41,70386,200000,1.4415089702629638,0.35193,2,526,0.77,2,0,0.49,0,1,0
USR4617,38,0,32341,54,38564,500000,1.192418292569803,0.077128,24,352,0.89,0,0,0.42,0,1,0
USR2152,42,4,18066,39,26303,300000,1.4559393335547437,0.08767666666666667,2,594,0.52,2,0,0.33,2,0,0
USR2561,60,3,53562,33,33161,500000,0.6191142974496845,0.066322,4,600,0.92,0,0,0.48,0,0,0
USR1696,36,2,50304,347,25026,300000,0.4974952290076336,0.08342,17,56,0.5,1,0,0.73,1,0,0
USR9724,49,4,55507,120,99419,300000,1.7911074278919776,0.3313966666666667,5,31,0.81,2,0,0.15,2,0,0
USR9002,46,1,38724,62,11206,300000,0.2893812622662948,0.037353333333333336,7,382,0.58,0,0,0.6,0,0,0
USR3637,25,2,26266,336,22393,200000,0.8525470189598721,0.111965,9,417,0.02,1,0,0.07,0,1,0
USR1108,65,1,19770,313,23989,500000,1.213404147698533,0.047978,5,66,0.69,3,0,0.86,2,0,0
USR1768,42,1,45271,54,10952,500000,0.2419208764993042,0.021904,14,475,0.08,1,1,0.37,0,0,0
USR3934,64,1,8305,78,9095,200000,1.095123419626731,0.045475,6,16,0.44,1,0,0.55,1,1,0
USR7662,60,2,59119,47,32677,200000,0.5527326240294999,0.163385,6,582,0.69,0,1,0.94,2,0,0
USR3864,60,3,41576,34,8155,300000,0.19614681547046373,0.027183333333333334,12,304,0.95,3,1,0.32,0,0,0
USR8123,20,2,36004,309,18084,300000,0.5022775247194756,0.06028,13,397,0.91,1,1,0.09,1,0,0
USR9057,61,1,27425,123,18766,200000,0.6842661804922516,0.09383,1,669,0.51,0,0,0.6,0,0,0
USR8817,53,0,38756,175,48302,300000,1.2463102487356796,0.16100666666666666,3,656,0.09,3,0,0.99,2,0,0
USR4419,58,3,30638,209,2308,100000,0.07533128794307722,0.02308,6,69,0.52,0,1,0.48,2,0,0
USR5114,37,4,5797,211,5808,100000,1.0018975332068312,0.05808,1,114,0.77,0,0,0.96,1,0,0
USR5483,45,1,52922,167,22600,500000,0.4270435735610899,0.0452,14,679,0.61,1,0,0.25,2,0,0
USR6117,33,4,44414,317,69408,500000,1.562750484081596,0.138816,10,476,0.66,3,0,0.98,0,0,0
USR6293,18,4,47075,238,18326,100000,0.38929368029739775,0.18326,4,127,0.94,0,0,0.94,1,1,0
USR3489,64,2,16807,251,29546,300000,1.757957993693104,0.09848666666666667,0,533,0.56,3,0,0.95,1,0,0
USR6509,53,2,27812,153,14731,100000,0.5296634546239033,0.14731,5,374,0.38,0,0,0.36,0,0,0
USR9064,36,2,12904,204,23902,100000,1.8522938623682579,0.23902,8,341,0.49,0,1,0.33,2,0,0
USR3845,63,1,53556,168,41374,200000,0.7725371573679887,0.20687,6,490,0.48,0,1,0.88,1,0,0
USR3180,45,3,23645,328,24317,500000,1.0284203848593783,0.048634,5,150,0.26,3,1,0.38,1,1,0
USR3924,23,2,27423,355,1000,100000,0.03646574043685957,0.01,7,627,0.35,0,0,0.64,1,0,0
USR4283,25,4,9501,242,1000,300000,0.1052520787285549,0.0033333333333333335,1,196,0.92,1,0,0.83,2,0,0
USR7472,27,4,23297,334,2841,200000,0.12194703180667038,0.014205,8,555,0.95,0,1,0.83,0,0,0
USR7236,31,3,49268,322,66508,100000,1.3499228708289357,0.66508,0,345,0.55,0,1,0.56,1,1,0
USR6174,20,3,29636,360,46021,300000,1.5528748819003915,0.15340333333333334,15,133,0.11,0,0,0.99,1,0,0
USR1229,28,1,14867,254,12881,200000,0.8664155512208247,0.064405,5,32,0.05,1,1,0.67,0,0,0
USR6987,68,2,49628,226,80677,100000,1.6256347223341663,0.80677,2,455,0.08,1,0,0.36,1,0,0
USR2737,44,2,48874,145,83781,500000,1.714224331955641,0.167562,4,433,0.59,2,0,0.15,1,0,0
USR1259,33,2,16020,289,28253,300000,1.7636079900124844,0.09417666666666667,3,360,0.76,2,1,0.78,0,0,0
USR4079,44,3,28961,172,12927,300000,0.4463588964469459,0.04309,15,83,0.65,3,0,0.69,1,0,0
USR6610,60,2,49962,298,55043,500000,1.1016972899403548,0.110086,4,382,0.82,3,0,0.39,0,1,0
USR9052,33,0,15814,238,11171,100000,0.706399392942962,0.11171,4,459,0.64,1,0,0.45,0,0,0
USR6789,30,3,6487,58,1000,500000,0.15415446277169725,0.002,7,43,0.26,0,1,0.63,0,1,0
USR3221,43,2,28089,14,6912,500000,0.24607497596924063,0.013824,13,305,0.4,0,0,0.59,2,0,0
USR9132,22,0,9518,104,9587,500000,1.00724942214751,0.019174,5,203,0.33,2,1,0.44,2,0,0
USR6550,40,0,53819,240,34232,300000,0.6360578977684461,0.11410666666666666,10,228,0.15,2,0,0.66,0,0,0
USR1736,30,2,57669,330,80053,200000,1.388146144375661,0.400265,10,224,0.03,3,0,0.06,0,0,0
USR4333,24,2,40455,307,63771,100000,1.5763440860215054,0.63771,8,542,0.59,0,0,0.37,0,0,0
USR5212,24,1,57972,59,93131,200000,1.6064824397985233,0.465655,12,572,0.03,0,0,0.38,0,0,0
USR3702,70,2,42997,99,1000,300000,0.02325743656534177,0.0033333333333333335,10,688,0.47,1,0,0.24,0,0,0
USR2056,18,1,26103,353,27137,300000,1.0396123050990307,0.09045666666666667,6,388,0.68,0,0,0.46,0,0,0
USR5890,39,0,40987,152,24083,300000,0.5875765486617708,0.08027666666666666,1,429,0.05,1,1,0.94,0,0,0
USR3438,41,1,17483,4,16482,200000,0.942744380255105,0.08241,16,637,0.18,0,0,0.27,1,0,0
USR2492,38,2,16184,111,3949,100000,0.2440064260998517,0.03949,3,387,0.79,0,1,0.85,0,0,0
USR7881,67,2,7421,132,11881,500000,1.6009971701926964,0.023762,4,35,0.55,1,0,0.75,2,0,0
USR1824,46,1,48930,146,42802,200000,0.8747598610259555,0.21401,1,542,0.6,3,0,0.12,0,0,0
USR3098,70,4,32591,182,56315,300000,1.7279310239023042,0.18771666666666667,10,198,0.08,0,0,0.71,0,0,0
USR4145,44,2,5078,56,3319,100000,0.6536037810161481,0.03319,3,146,0.32,0,0,0.88,0,0,0
USR7945,49,3,10649,3,5759,100000,0.5408019532350455,0.05759,0,644,0.74,0,0,0.82,0,0,0
USR3831,49,1,38051,260,46122,300000,1.2121100628104386,0.15374,10,638,0.26,0,0,0.58,1,0,0
USR5894,53,0,12586,209,11053,200000,0.8781979977753059,0.055265,9,470,0.54,0,0,0.46,0,1,0
USR3017,60,1,10708,253,7918,100000,0.7394471423234964,0.07918,6,534,0.71,1,1,0.3,0,0,0
USR7766,21,2,58200,279,105331,200000,1.8098109965635738,0.526655,4,447,0.69,1,0,0.06,1,0,0
USR8749,65,3,44227,124,30975,200000,0.700364031021774,0.154875,1,650,0.68,1,1,0.5,0,1,0
USR7502,35,2,19307,221,36640,300000,1.8977572901020354,0.12213333333333333,2,27,0.15,0,0,0.93,0,0,0
USR8373,57,2,19135,337,18170,100000,0.9495688528873791,0.1817,9,591,0.25,2,0,0.62,0,0,0
USR8346,34,0,13647,271,24263,200000,1.7778999047409687,0.121315,6,273,0.86,0,1,0.54,0,1,0
USR9046,45,1,47750,269,91044,100000,1.9066806282722513,0.91044,6,370,0.12,1,0,0.06,2,0,0
USR9618,63,1,35534,112,49873,300000,1.4035290144650194,0.16624333333333333,12,541,0.3,0,1,0.52,0,0,0
USR7168,60,4,52652,272,1000,200000,0.01899263085922662,0.005,8,83,0.23,0,0,0.97,1,0,0
USR3739,26,2,13718,256,27501,500000,2.004738300043738,0.055002,2,159,0.03,0,0,0.93,0,1,1
USR6899,40,6,43885,151,66440,500000,1.513956932892788,0.13288,0,113,0.93,3,0,0.16,1,0,0
USR4929,28,2,53625,253,90202,100000,1.6820885780885781,0.90202,6,414,0.05,2,1,0.76,1,0,0
USR2200,36,2,20178,218,1000,100000,0.049558925562493805,0.01,1,54,0.43,3,0,0.25,2,0,0
USR3123,26,3,8823,64,11204,100000,1.269862858438173,0.11204,4,251,0.53,0,0,0.57,0,0,0
USR8527,41,4,6790,70,9664,300000,1.4232695139911635,0.03221333333333333,7,412,0.11,3,0,0.09,0,0,0
USR2545,49,3,44604,277,53396,100000,1.197112366603892,0.53396,11,145,0.26,2,0,0.26,0,0,0
USR7994,18,4,48791,274,62089,200000,1.2725502654178025,0.310445,1,248,0.7,3,1,0.09,0,1,0
USR4587,57,4,55654,269,81556,100000,1.4654112911920079,0.81556,3,30,0.88,3,0,0.31,1,0,0
USR6781,24,3,41008,210,99784,100000,2.4332813109637144,0.99784,12,475,0.84,1,0,0.05,0,1,1
USR3326,50,2,49881,300,1000,200000,0.02004771355826868,0.005,8,87,0.49,0,0,0.56,2,0,0
USR8902,29,0,49164,243,8920,500000,0.18143356927833373,0.01784,6,552,0.36,2,0,0.75,1,0,0
USR6813,66,4,18591,320,21824,500000,1.1739013501156474,0.043648,3,474,0.23,1,0,0.93,2,1,0
USR1585,28,2,43274,15,1000,500000,0.023108564033830936,0.002,6,228,0.0,2,0,0.06,2,0,0
USR8507,22,2,31263,130,35702,100000,1.1419889326040367,0.35702,2,580,0.73,1,0,0.28,0,0,0
USR2183,52,1,31914,258,24638,300000,0.772012283010591,0.08212666666666667,3,384,0.36,0,0,0.57,0,0,0
USR5313,23,3,6564,106,5301,500000,0.8075868372943327,0.010602,6,50,0.79,0,0,0.25,0,0,0
USR4534,65,1,17652,133,13178,500000,0.7465443009290732,0.026356,8,168,0.21,3,0,0.99,1,0,0
USR7175,57,1,31807,149,24997,200000,0.7858961863740686,0.124985,1,500,0.51,1,0,0.87,1,1,0
USR8177,66,4,6827,202,5661,200000,0.829207558224696,0.028305,15,201,0.88,0,1,0.65,0,0,0
USR1331,45,2,21016,164,63315,100000,3.012704606014465,0.63315,2,120,0.8,3,1,0.27,0,0,0
USR9699,55,0,37605,65,66312,100000,1.7633825289190268,0.66312,12,112,0.04,0,1,0.1,0,1,0
USR2836,70,3,35949,261,44043,500000,1.225152299090378,0.088086,3,68,0.62,3,0,0.99,2,0,0
USR5319,50,0,20138,362,33252,100000,1.6512066739497469,0.33252,15,413,0.29,3,0,0.89,0,1,0
USR4930,54,0,41271,337,23405,200000,0.5671052312761988,0.117025,12,640,0.07,2,0,0.44,2,1,0
USR7859,40,1,34455,198,13627,500000,0.39550137860978085,0.027254,1,547,0.98,1,0,0.06,1,0,0
USR7535,57,2,11161,62,17754,300000,1.5907176776274528,0.05918,11,447,0.83,0,0,0.27,1,0,0
USR6656,66,1,23882,234,22846,500000,0.9566200485721463,0.045692,11,192,0.09,1,1,0.94,1,0,0
USR7448,54,0,31670,277,33230,100000,1.0492579728449636,0.3323,13,335,0.75,0,0,0.17,0,0,0
USR6191,43,0,41898,39,62817,200000,1.4992839753687526,0.314085,2,147,0.68,0,1,0.27,2,0,0
USR1547,23,1,48701,218,44822,100000,0.9203507114843638,0.44822,21,302,0.19,1,0,0.59,0,0,0
USR3977,47,1,11003,330,10452,200000,0.9499227483413615,0.05226,5,550,0.55,1,0,0.08,2,0,0
USR8445,63,1,18365,308,37396,500000,2.0362646338143207,0.074792,10,61,0.04,0,1,0.2,0,1,0
USR6743,60,1,45521,227,64173,200000,1.409744952878891,0.320865,1,668,0.67,1,1,0.07,0,0,0
USR5330,39,2,40628,129,1000,100000,0.024613566998129367,0.01,6,579,0.42,0,0,0.38,2,0,0
USR2215,48,1,49216,31,69404,500000,1.4101918075422626,0.138808,7,238,0.69,0,0,0.91,2,0,0
USR8006,29,1,30429,192,30749,100000,1.0105162838082093,0.30749,2,587,0.32,1,0,0.04,2,0,0
USR5092,47,5,8110,16,3889,100000,0.47953144266337855,0.03889,4,356,0.94,2,0,0.29,0,0,0
USR8341,69,1,10375,225,9566,200000,0.9220240963855422,0.04783,2,306,0.1,0,1,0.77,2,0,0
USR5240,44,1,58322,47,22712,100000,0.38942423099345014,0.22712,7,107,0.16,0,0,0.53,2,0,0
USR3414,42,4,43822,241,34815,300000,0.7944639678700196,0.11605,6,421,0.56,1,1,0.92,2,1,0
USR7900,28,3,51651,265,25696,100000,0.4974927881357573,0.25696,7,649,0.41,0,1,0.63,2,1,0
USR7301,19,3,11580,54,1000,300000,0.08635578583765112,0.0033333333333333335,1,663,0.08,0,0,0.1,0,0,0
USR7818,40,5,24146,41,34243,100000,1.4181644992959497,0.34243,1,91,0.3,0,1,0.27,2,0,0
USR4510,19,1,44474,178,1000,100000,0.022485047443450104,0.01,7,514,0.06,0,0,0.45,0,1,0
USR4785,45,1,8884,8,8849,500000,0.9960603331832508,0.017698,9,285,0.66,2,1,0.02,0,1,0
USR1010,35,3,29513,80,1000,100000,0.033883373428658554,0.01,14,89,0.62,0,0,0.32,1,0,0
USR9823,57,2,5959,218,9756,300000,1.6371874475583152,0.03252,1,39,0.3,1,0,0.15,0,1,0
USR5813,28,0,24923,301,47574,100000,1.9088392248124222,0.47574,10,244,0.98,3,0,0.62,1,0,0
USR2069,29,0,39398,254,34242,200000,0.8691304127113051,0.17121,17,21,0.17,3,0,0.19,0,0,0
USR6908,61,3,54485,327,96688,100000,1.7745801596769752,0.96688,10,147,0.89,0,1,0.74,2,0,0
USR2382,70,3,25704,25,54752,100000,2.1300964830376596,0.54752,6,587,0.43,0,0,0.88,0,0,0
USR5409,30,1,13122,67,18123,500000,1.3811156835848193,0.036246,4,400,0.29,0,0,1.0,1,0,0
USR2315,30,0,14160,76,1000,200000,0.07062146892655367,0.005,6,646,0.95,3,0,0.62,0,0,0
USR1008,51,1,37246,110,34973,300000,0.9389733125704773,0.11657666666666666,1,461,0.98,0,1,0.17,1,0,0
USR7384,27,2,36994,55,21607,500000,0.5840676866518895,0.043214,0,251,0.62,0,0,0.75,0,0,0
USR5703,40,1,49010,145,72944,200000,1.4883493164660273,0.36472,7,627,0.29,3,0,0.55,0,0,0
USR9920,21,1,10481,238,6827,500000,0.6513691441656331,0.013654,8,680,0.21,2,1,0.61,0,0,0
USR9292,45,5,57572,247,58998,200000,1.0247689849232267,0.29499,5,14,0.8,3,1,0.88,2,0,0
USR1214,52,2,6871,337,11472,500000,1.6696259641973512,0.022944,5,104,0.36,0,1,0.77,0,0,0
USR7988,40,3,32668,19,39071,100000,1.1960022039916738,0.39071,8,69,0.2,1,0,0.32,2,0,0
USR9817,61,1,51297,345,75692,300000,1.4755638731309824,0.2523066666666667,3,409,0.81,3,1,0.35,0,1,0
USR3564,24,3,29988,317,48875,300000,1.6298185941043084,0.16291666666666665,20,274,0.73,0,1,0.84,0,0,0
USR4324,65,2,37022,349,31208,100000,0.8429582410458646,0.31208,4,114,0.65,2,0,0.91,0,0,0
USR8766,43,0,27804,184,75550,500000,2.717234930225867,0.1511,0,265,0.11,0,1,0.78,2,0,0
USR8574,30,2,7874,249,5187,300000,0.658750317500635,0.01729,0,549,0.76,3,1,0.44,2,0,0
USR6794,30,0,32474,285,32152,300000,0.9900843751924616,0.10717333333333333,7,138,0.51,0,0,0.08,1,0,0
USR7337,32,3,15177,295,3437,200000,0.2264610924425117,0.017185,12,22,0.81,0,0,0.92,0,0,0
USR9720,26,1,6605,224,8678,500000,1.3138531415594248,0.017356,3,39,0.22,2,0,0.86,0,0,0
USR9384,26,0,11306,196,1336,200000,0.11816734477268707,0.00668,5,643,0.67,3,0,0.52,0,0,0
USR7802,48,2,22162,337,40768,100000,1.839545167403664,0.40768,13,6,0.88,2,0,0.54,0,1,1
USR5759,67,2,57342,120,66955,500000,1.1676432632276517,0.13391,9,58,0.63,0,0,0.16,0,1,0
USR5558,63,0,55843,349,123270,100000,2.207438712103576,1.2327,7,77,0.53,0,1,0.43,1,0,0
USR3828,29,2,7943,177,7154,300000,0.9006672541860757,0.023846666666666665,9,166,0.97,2,0,0.88,0,0,0
USR6375,66,2,10283,71,17968,300000,1.7473499951376057,0.05989333333333333,0,117,0.31,0,0,0.8,0,1,0
USR4858,22,3,21087,329,36491,300000,1.730497462891829,0.12163666666666667,20,646,0.78,0,0,0.05,0,1,0
USR1435,44,2,10701,185,10763,100000,1.0057938510419586,0.10763,20,593,0.77,2,0,0.86,0,0,0
USR6248,44,2,41693,312,26312,100000,0.6310891516561533,0.26312,3,679,0.36,3,0,0.45,2,0,0
USR6732,26,2,11546,308,6407,100000,0.5549107916161441,0.06407,14,67,0.24,0,0,0.65,2,0,0
USR6650,42,0,20448,349,20339,200000,0.9946694053208138,0.101695,2,624,0.22,0,1,0.58,0,0,0
USR7404,23,5,32406,268,48878,500000,1.5083009319261864,0.097756,3,547,0.71,0,0,0.76,0,1,0
USR6172,31,1,19040,301,29654,300000,1.5574579831932773,0.09884666666666667,6,48,0.73,2,0,0.66,0,0,0
USR7930,24,4,42140,338,34703,200000,0.823516848599905,0.173515,6,466,0.67,1,0,0.88,0,0,0
USR1626,65,2,8421,187,4875,100000,0.5789098681866761,0.04875,3,322,0.56,0,0,0.41,0,0,0
USR5639,60,2,25253,86,8467,300000,0.3352868966063438,0.028223333333333333,2,674,0.78,0,0,0.99,0,0,0
USR2042,47,2,56738,318,54022,100000,0.9521308470513589,0.54022,2,409,0.43,2,0,0.07,2,1,0
USR6085,34,2,34994,130,51296,500000,1.4658512887923645,0.102592,6,375,0.59,0,0,0.85,0,1,0
USR3602,69,2,18494,200,1583,100000,0.08559532821455607,0.01583,6,583,0.2,1,0,0.3,2,0,0
USR2097,19,1,17948,279,26421,300000,1.4720860262981947,0.08807,3,445,0.12,0,0,0.19,0,0,0
USR9914,35,1,23872,266,34943,200000,1.4637650804289544,0.174715,5,353,0.46,0,0,0.67,2,0,0
USR7661,69,4,40176,157,36802,100000,0.9160195141377937,0.36802,9,41,0.44,0,0,0.67,0,0,0
USR3135,52,4,30654,106,22847,100000,0.7453187186011614,0.22847,5,613,0.6,0,0,0.43,1,0,0
USR5755,64,1,36709,254,43326,300000,1.1802555231687053,0.14442,0,694,0.45,1,0,0.65,1,0,0
USR6725,23,2,59916,197,72148,300000,1.204152480138861,0.24049333333333334,5,388,0.54,0,0,0.02,0,0,0
USR2923,53,1,32487,293,4319,300000,0.13294548588666236,0.014396666666666667,14,355,0.78,1,0,0.5,2,0,0
USR7817,58,2,34926,229,57557,200000,1.6479699937009678,0.287785,2,261,0.07,0,0,0.24,1,0,0
USR6182,55,4,15107,19,18078,300000,1.1966637982392268,0.06026,1,588,0.69,0,1,0.31,1,1,0
USR7856,20,3,45899,301,51000,500000,1.1111353188522626,0.102,8,215,0.73,1,0,0.19,0,0,0
USR4123,36,1,33935,248,45779,100000,1.349020185649035,0.45779,7,680,0.6,2,1,0.8,2,0,0
USR7123,53,4,34317,223,76226,200000,2.2212314596264244,0.38113,0,548,0.53,0,0,0.35,0,0,0
USR6269,30,1,17204,282,16457,300000,0.95657986514764,0.054856666666666665,11,539,0.1,3,1,0.67,0,1,0
USR3805,65,4,5005,41,3150,200000,0.6293706293706294,0.01575,7,650,0.28,1,0,0.45,1,1,0
USR4779,54,0,16008,267,21621,500000,1.3506371814092955,0.043242,21,71,0.01,0,0,0.84,1,0,0
USR5799,65,2,17040,11,19908,100000,1.1683098591549297,0.19908,5,231,0.75,1,0,0.01,0,0,0
USR1750,61,2,50213,107,64618,500000,1.2868779001453807,0.129236,0,53,0.31,0,0,0.77,2,0,0
USR8780,24,0,35312,51,47123,500000,1.3344755323969189,0.094246,3,636,0.03,0,1,0.59,0,0,0
USR3208,61,3,35319,250,57698,500000,1.633624961069113,0.115396,12,138,0.12,1,0,0.3,1,0,0
USR9610,70,3,12371,257,6425,200000,0.5193597930644248,0.032125,10,687,0.9,0,0,0.18,2,0,0
USR9788,34,1,44727,155,11923,500000,0.26657276365506294,0.023846,2,153,0.08,1,0,0.32,1,1,0
USR4036,64,3,56691,209,153680,200000,2.710835935157256,0.7684,7,250,0.45,1,1,0.46,0,0,0
USR6352,39,2,18408,273,11397,500000,0.6191329856584094,0.022794,20,61,0.88,0,0,0.91,1,0,0
USR8512,60,0,8704,240,12475,500000,1.433249080882353,0.02495,8,251,0.07,0,0,0.74,0,0,0
USR7415,53,5,50772,301,1000,100000,0.019695895375403765,0.01,14,588,0.94,0,0,0.34,0,0,0
USR8805,21,4,57254,2,36325,300000,0.6344534879659063,0.12108333333333333,13,223,0.93,0,1,0.96,1,0,0
USR6303,41,5,57592,214,28645,300000,0.4973781080705654,0.09548333333333334,1,92,0.34,0,0,0.15,0,0,0
USR6694,38,1,36435,164,12005,100000,0.32949087415946204,0.12005,5,664,0.79,0,0,0.03,2,1,0
USR3925,34,5,48935,274,56674,200000,1.1581485644221927,0.28337,5,454,0.35,3,0,0.44,1,0,0
USR4738,70,2,23736,13,1000,500000,0.04213009774182676,0.002,8,32,0.26,0,1,0.76,2,0,0
USR3377,33,1,20372,197,31616,100000,1.5519340270960142,0.31616,5,141,0.07,1,0,0.86,2,0,0
USR9075,67,2,8454,361,9367,300000,1.1079962148095577,0.031223333333333332,24,77,0.68,2,0,0.24,2,0,0
USR5812,37,1,50203,159,61647,200000,1.2279545047108738,0.308235,3,93,0.05,0,0,0.55,1,0,0
USR4470,18,0,21268,87,1690,200000,0.07946210268948656,0.00845,2,552,0.24,1,1,0.93,1,0,0
USR5888,59,2,32631,252,10476,200000,0.32104440562655145,0.05238,14,434,0.6,1,0,0.78,1,0,0
USR2463,33,2,51952,45,65670,100000,1.264051432091161,0.6567,17,630,0.56,3,0,0.01,2,0,0
USR4283,57,3,23172,364,1000,300000,0.043155532539271534,0.0033333333333333335,0,134,0.07,0,0,0.41,2,1,0
USR6405,60,1,20238,85,36603,300000,1.8086273347168693,0.12201,27,35,0.31,3,0,0.99,2,0,1
USR9177,45,0,9521,80,18792,100000,1.9737422539649196,0.18792,12,605,0.86,0,0,0.84,0,0,1
USR2215,62,2,18878,332,29638,300000,1.5699756330119716,0.09879333333333333,5,462,0.37,0,1,0.41,2,0,0
USR1622,53,1,23171,228,18742,200000,0.8088558974580294,0.09371,10,25,0.69,0,0,0.08,1,1,0
USR5868,57,4,54424,68,10318,300000,0.18958547699544318,0.03439333333333333,15,247,0.99,3,1,0.88,0,0,0
USR9157,42,2,39687,319,22488,100000,0.5666339103484769,0.22488,14,476,0.47,1,1,0.67,1,0,0
USR3475,39,4,32562,131,62523,200000,1.920121614151465,0.312615,25,681,0.85,3,0,1.0,0,0,1
USR5602,61,2,23006,153,17042,100000,0.740763279144571,0.17042,3,505,0.51,3,0,0.87,2,0,0
USR1077,42,5,44972,188,2664,300000,0.05923685848972694,0.00888,8,102,0.74,1,0,0.88,0,1,0
USR3528,65,1,31777,206,55032,500000,1.731818610945023,0.110064,17,538,0.11,0,0,0.58,0,1,0
USR7044,51,1,14926,81,28226,300000,1.8910625753718344,0.09408666666666667,5,631,0.31,0,0,0.51,2,0,0
USR6407,32,2,7509,134,11713,200000,1.5598614995338926,0.058565,1,441,0.6,0,0,0.72,0,0,0
USR3545,52,3,43848,39,81802,100000,1.865581098339719,0.81802,13,369,0.99,0,0,0.59,2,0,0
USR2065,22,0,9379,11,21552,100000,2.2978995628531824,0.21552,2,656,0.03,0,0,0.5,1,0,0
USR2991,48,0,30893,39,65534,500000,2.1213219823260934,0.131068,20,11,0.94,3,0,0.93,0,0,1
USR8545,64,3,28638,55,50443,200000,1.7614009358195404,0.252215,6,253,0.81,2,0,0.01,2,0,0
USR7896,44,1,55687,15,77989,100000,1.40048844434069,0.77989,7,631,0.81,0,0,0.22,0,0,0
USR2352,21,2,11553,102,11697,300000,1.0124642949883147,0.03899,2,326,0.77,3,0,0.79,0,0,0
USR2689,46,4,58101,348,47833,500000,0.8232732655203869,0.095666,11,693,0.89,0,0,0.72,2,0,0
USR3605,55,1,22829,1,22618,200000,0.9907573700118271,0.11309,2,226,0.42,0,0,0.43,1,0,0
USR6234,52,2,26140,304,36414,200000,1.3930374904361131,0.18207,8,599,0.39,0,0,0.58,0,0,0
USR4899,64,2,51379,46,94641,200000,1.8420171665466436,0.473205,4,646,0.92,0,0,0.08,0,0,0
USR8691,46,1,5649,141,2492,200000,0.44114002478314746,0.01246,4,446,0.22,2,0,0.79,2,0,0
USR3171,70,2,39942,121,20602,300000,0.5157979069650994,0.06867333333333334,19,295,0.03,3,0,0.41,1,0,0
USR6000,29,1,29107,91,1000,300000,0.03435599683924829,0.0033333333333333335,2,550,0.44,3,0,0.46,0,1,0
USR9253,29,1,29070,312,32055,100000,1.1026831785345717,0.32055,16,154,0.16,1,0,0.26,0,0,0
USR6397,56,2,7766,20,1000,200000,0.12876641771825909,0.005,0,538,0.36,0,0,0.92,1,0,0
USR1634,48,2,49349,195,9930,300000,0.20121988287503292,0.0331,1,421,0.43,0,0,0.47,0,0,0
USR4548,22,0,44998,82,26677,500000,0.5928485710476021,0.053354,5,97,0.58,0,0,0.73,2,1,0
USR6082,21,5,9383,161,4634,100000,0.4938718959820953,0.04634,9,346,0.99,3,0,0.77,2,0,0
USR8106,54,3,16837,235,10416,200000,0.618637524499614,0.05208,18,576,0.1,0,0,0.97,1,1,0
USR4443,19,5,37284,297,44985,300000,1.2065497264242033,0.14995,3,673,0.02,0,0,0.53,0,0,0
USR8450,28,2,57008,9,111041,200000,1.9478143418467584,0.555205,15,519,0.03,2,0,0.54,1,1,0
USR2024,43,1,50672,42,26518,500000,0.523326491948216,0.053036,0,347,0.39,3,0,0.07,0,0,0
USR7739,19,2,6759,261,8598,500000,1.2720816688859298,0.017196,14,62,0.06,0,0,0.07,0,1,0
USR8829,38,2,14339,214,9467,100000,0.6602273519771253,0.09467,12,197,0.8,3,0,0.35,0,0,0
USR8531,62,1,52814,3,65309,300000,1.236584996402469,0.21769666666666668,1,16,0.94,1,0,0.33,0,1,0
USR6357,69,1,31943,362,40137,200000,1.2565194252261842,0.200685,3,633,0.29,0,0,0.14,2,0,0
USR6044,59,0,56060,194,112175,500000,2.0009810916874775,0.22435,2,589,0.62,0,0,0.37,0,1,0
USR4659,44,0,37028,342,39507,200000,1.0669493356378956,0.197535,11,470,0.08,3,0,0.03,1,0,0
USR1575,37,0,58568,350,48390,200000,0.8262190957519464,0.24195,4,514,0.11,2,0,0.32,2,0,0
USR1886,19,0,20899,155,27307,100000,1.3066175415091632,0.27307,12,646,0.52,1,0,0.39,2,1,0
USR7538,48,5,53437,174,12145,100000,0.22727698036940697,0.12145,2,450,0.37,1,0,0.52,0,0,0
USR8210,62,0,28479,321,41065,200000,1.4419396748481337,0.205325,4,289,0.05,1,0,0.99,0,0,0
USR9399,52,1,36636,255,52144,300000,1.4232994868435418,0.17381333333333332,2,408,0.08,3,1,0.44,2,0,0
USR4966,68,2,46555,268,18621,100000,0.39997852003007195,0.18621,6,421,0.44,3,1,0.79,0,0,0
USR5710,40,1,7855,109,1000,500000,0.1273074474856779,0.002,10,424,0.34,0,0,0.75,1,0,0
USR8331,30,2,12245,38,5177,300000,0.42278481012658226,0.017256666666666667,14,359,0.22,2,0,0.21,2,0,0
USR7710,42,1,39456,99,31046,500000,0.7868511759935117,0.062092,9,305,0.33,1,0,0.59,2,0,0
USR8051,46,2,46746,41,50038,100000,1.0704231378085824,0.50038,3,593,0.12,2,0,0.06,2,0,0
USR4645,24,4,8667,22,5517,200000,0.6365524402907581,0.027585,9,130,0.84,0,0,0.5,1,0,0
USR4863,56,0,37091,124,33543,500000,0.9043433717074223,0.067086,25,232,0.94,0,1,0.51,2,0,0
USR5704,19,2,20839,333,22602,100000,1.0846009885311196,0.22602,12,350,0.51,1,0,0.75,2,1,0
USR4913,51,1,58742,59,1000,500000,0.017023594702257328,0.002,0,525,0.62,2,1,0.41,1,1,0
USR9158,35,1,19111,296,23859,200000,1.2484433049029355,0.119295,5,180,0.26,0,1,0.54,2,0,0
USR7855,55,1,41553,131,48529,300000,1.1678819820470243,0.16176333333333334,3,370,0.76,2,0,0.1,0,0,0
USR2005,69,4,54661,118,13297,300000,0.24326302116682827,0.04432333333333333,1,44,0.41,2,0,0.76,0,0,0
USR7313,28,2,31559,248,36524,200000,1.15732437656453,0.18262,20,305,0.85,0,0,0.62,0,0,0
USR8240,30,2,51373,30,9607,500000,0.18700484690401573,0.019214,12,534,0.46,3,1,0.39,2,0,0
USR5931,23,1,57363,147,10118,200000,0.17638547495772536,0.05059,11,103,0.21,1,1,0.81,1,0,0
USR4785,60,2,48368,38,48193,100000,0.9963819053919947,0.48193,13,657,0.22,0,0,0.52,0,1,0
USR5940,28,0,30637,127,28447,300000,0.9285178052681399,0.09482333333333333,0,495,0.54,1,1,0.23,2,0,0
USR7952,29,5,9638,362,16019,300000,1.6620668188420835,0.05339666666666667,3,296,0.38,1,1,0.65,2,0,0
USR3520,37,1,52141,280,49948,100000,0.9579409677604955,0.49948,6,150,0.45,2,0,0.95,0,0,0
USR3837,50,1,49626,238,66465,500000,1.3393180993833878,0.13293,3,18,1.0,0,0,0.29,1,0,0
USR8284,30,2,53513,308,28860,300000,0.5393082054827799,0.0962,6,455,0.35,0,0,0.52,0,0,0
USR5298,67,2,37864,73,47611,200000,1.2574212972744558,0.238055,4,394,0.76,3,1,0.5,0,0,0
USR3697,56,1,55105,79,68904,200000,1.250412848198893,0.34452,8,47,0.55,0,0,0.86,0,0,0
USR1309,26,3,30420,46,61351,500000,2.0167981591058513,0.122702,0,168,0.86,0,1,0.31,0,1,1
USR1687,64,2,26279,271,36991,300000,1.4076258609536132,0.12330333333333333,5,17,0.32,1,1,0.59,0,0,0
USR1128,29,2,40654,225,20111,200000,0.49468686968072023,0.100555,3,273,0.91,2,0,0.33,0,0,0
USR4445,58,4,59879,346,26900,500000,0.44923929925349454,0.0538,19,448,0.49,0,0,0.34,0,0,0
USR2998,23,1,20191,111,1000,100000,0.04952701698776683,0.01,10,111,0.93,0,0,0.62,0,0,0
USR6943,52,1,14519,290,19699,500000,1.3567738824987947,0.039398,19,51,0.81,0,1,0.24,0,0,0
USR4760,25,2,42917,221,60868,300000,1.418272479437053,0.20289333333333334,2,194,0.24,0,0,0.6,0,0,0
USR6603,54,1,55648,216,54891,200000,0.9863966359976998,0.274455,13,473,0.26,1,1,0.39,2,0,0
USR5930,32,2,33062,244,32327,500000,0.9777690399854818,0.064654,6,386,0.87,2,0,0.89,0,0,0
USR3232,38,1,53353,27,63400,100000,1.1883118100200551,0.634,1,132,0.11,1,0,0.57,1,0,0
USR5895,35,4,31093,43,26631,500000,0.8564950310359245,0.053262,11,419,0.43,0,0,0.38,2,0,0
USR8319,27,3,55530,292,48573,100000,0.8747163695299838,0.48573,3,357,0.34,0,0,0.39,2,0,0
USR9291,63,3,14441,51,24931,300000,1.7264039886434457,0.08310333333333333,8,653,0.3,1,0,0.26,2,0,0
USR4072,61,2,58168,186,65156,200000,1.1201347820107275,0.32578,15,146,0.66,0,1,0.65,1,0,0
USR5286,53,1,59727,19,1000,100000,0.016742846618782125,0.01,20,125,0.5,0,1,0.8,0,0,0
USR8165,59,1,50666,210,77103,500000,1.5217897603915842,0.154206,10,538,0.16,0,1,0.94,1,1,0
USR1684,32,2,34016,351,46773,200000,1.3750293979303858,0.233865,8,619,0.34,2,0,0.61,1,1,0
USR1084,50,1,20860,164,25773,200000,1.235522531160115,0.128865,5,637,0.51,1,0,0.35,2,0,0
USR3700,49,0,17708,58,23335,100000,1.3177659814772984,0.23335,14,404,0.73,0,1,0.49,1,1,0
USR2243,39,1,25375,287,1000,100000,0.03940886699507389,0.01,5,106,0.92,0,0,0.61,0,0,0
USR4637,24,4,58801,269,63976,200000,1.0880087073349092,0.31988,8,125,0.08,3,0,0.36,0,1,0
USR1486,27,0,56117,120,14855,500000,0.264714792308926,0.02971,14,496,0.67,0,0,0.91,0,0,0
USR8337,46,4,55535,163,57429,100000,1.0341046187089222,0.57429,2,86,0.25,0,0,0.14,2,0,0
USR7006,55,1,15328,36,19345,500000,1.2620694154488519,0.03869,14,5,0.35,0,0,0.17,1,0,0
USR6328,39,2,29556,230,28246,200000,0.9556773582352145,0.14123,5,623,0.62,0,1,0.1,0,0,0
USR3516,26,3,58741,74,44628,300000,0.7597419179108289,0.14876,14,124,0.17,1,0,0.46,1,1,0
USR2811,31,3,9632,183,11614,100000,1.2057724252491695,0.11614,7,298,0.87,0,0,0.47,0,0,0
USR5687,25,4,50935,332,51331,100000,1.0077746147050162,0.51331,2,375,0.39,0,0,0.77,2,0,0
USR1891,28,3,39076,70,50353,500000,1.2885914627904596,0.100706,12,643,0.6,0,0,0.69,0,0,0
USR5751,29,0,53130,182,19740,100000,0.3715415019762846,0.1974,14,297,0.95,2,1,0.88,2,0,0
USR8913,49,1,15988,52,31016,200000,1.9399549662246685,0.15508,12,298,0.62,1,0,0.18,1,0,0
USR8327,38,2,5016,287,2195,500000,0.43759968102073366,0.00439,5,635,0.08,0,0,0.59,2,0,0
USR8461,63,2,47771,236,44264,100000,0.9265872600531704,0.44264,8,661,0.07,3,0,0.17,0,0,0
USR5083,65,0,6624,240,4419,300000,0.6671195652173914,0.01473,16,210,0.13,0,0,0.42,2,0,0
USR7945,66,1,47387,108,33640,300000,0.7098993394812924,0.11213333333333333,9,669,0.18,1,0,0.46,0,1,0
USR8850,50,2,11163,120,6773,300000,0.606736540356535,0.022576666666666665,7,580,0.73,0,0,0.47,2,1,0
USR5606,33,3,19327,135,2511,100000,0.12992187095772753,0.02511,2,633,0.07,0,0,0.18,1,1,0
USR6447,68,1,55723,20,35920,500000,0.6446171239882993,0.07184,4,694,0.04,1,1,0.67,0,0,0
USR8686,36,3,50572,166,2726,200000,0.05390334572490706,0.01363,0,654,0.45,2,0,0.07,2,1,0
USR7705,56,1,17831,179,26430,200000,1.4822500140205261,0.13215,4,585,0.44,0,0,0.01,2,0,0
USR4886,41,2,35868,83,54860,500000,1.529497044719527,0.10972,7,225,0.93,1,0,0.73,1,0,0
USR6246,33,3,27292,97,18741,100000,0.6866847427817675,0.18741,14,73,0.14,0,0,0.6,1,0,0
USR3807,31,4,44907,276,57191,100000,1.2735431001848265,0.57191,7,180,0.05,2,0,0.22,0,0,0
USR1633,48,3,57801,34,82971,300000,1.435459594124669,0.27657,4,471,0.16,2,0,0.2,1,0,0
USR8737,21,2,21004,41,1000,500000,0.04760997905160922,0.002,6,251,0.03,0,0,0.89,1,0,0
USR3561,60,5,59956,44,115743,300000,1.9304656748282074,0.38581,26,696,0.96,0,0,0.61,1,0,1
USR6961,29,2,12505,225,22572,100000,1.8050379848060776,0.22572,4,310,0.16,0,0,0.55,0,0,0
USR9361,34,3,13097,288,19424,300000,1.483087730014507,0.06474666666666666,13,279,0.84,0,0,0.93,2,1,0
USR6751,39,4,17566,79,19656,500000,1.11897984743254,0.039312,7,469,0.74,3,0,0.41,0,0,0
USR2109,44,3,27636,331,22460,200000,0.8127080619481836,0.1123,6,55,0.66,1,0,0.48,2,0,0
USR4604,38,4,48497,4,44005,300000,0.9073757139616884,0.14668333333333333,0,334,0.73,1,1,0.84,1,0,0
USR3217,30,3,31802,360,36324,100000,1.1421923149487454,0.36324,14,327,0.06,0,0,0.3,2,0,0
USR7714,35,2,10290,240,16601,300000,1.6133138969873664,0.055336666666666666,1,277,0.32,0,0,0.08,0,0,0
USR8243,57,3,24580,108,18321,500000,0.7453620829943043,0.036642,13,286,0.43,0,0,0.93,1,0,0
USR8221,37,1,11337,266,16544,500000,1.4592925818117668,0.033088,14,464,0.91,0,0,0.49,1,0,0
USR5152,69,0,31108,20,20118,100000,0.6467146714671467,0.20118,18,629,0.23,0,1,0.1,2,1,0
USR8426,54,1,11044,334,2235,500000,0.20237232886635276,0.00447,3,371,0.99,1,0,0.72,0,0,0
USR5052,34,3,19422,99,21584,500000,1.1113170631242921,0.043168,9,677,0.04,0,0,0.14,1,0,0
USR4395,58,0,32427,121,83206,500000,2.565948129645049,0.166412,12,621,0.44,0,1,0.47,1,0,0
USR4942,70,2,7894,14,1000,200000,0.12667848999239928,0.005,3,148,0.96,0,0,0.49,1,1,0
USR1330,50,0,54165,3,50812,500000,0.9380965568171329,0.101624,5,469,0.75,0,0,0.8,2,0,0
USR4143,43,4,25462,352,22777,500000,0.8945487392977771,0.045554,0,190,0.66,0,0,0.95,2,0,0
USR2842,36,2,50196,162,53057,500000,1.056996573432146,0.106114,0,225,0.63,1,0,0.92,2,0,0
USR7991,64,2,23583,5,18414,300000,0.780816689988551,0.06138,0,580,0.23,3,0,0.29,2,0,0
USR5568,60,1,16262,49,16965,300000,1.043229615053499,0.05655,18,120,0.33,0,0,0.81,1,0,0
USR8867,26,1,25968,251,30531,300000,1.1757162661737524,0.10177,13,42,0.5,0,0,0.96,2,0,0
USR4282,56,2,29548,320,13637,100000,0.4615202382563964,0.13637,12,635,0.12,1,0,0.51,1,0,0
USR4839,19,5,20308,128,26660,100000,1.3127831396493992,0.2666,0,667,0.64,1,1,0.32,0,0,0
USR4596,41,2,21114,260,36622,300000,1.7344889646679928,0.12207333333333334,14,228,0.29,0,0,0.9,0,0,0
USR7066,59,3,15147,335,22834,100000,1.507493232983429,0.22834,20,80,0.92,3,0,0.28,0,0,0
USR4421,40,0,45316,234,62522,300000,1.3796892929649571,0.20840666666666666,20,50,0.51,0,1,0.23,1,0,0
USR1010,59,2,47583,126,49147,300000,1.03286888174348,0.16382333333333332,12,225,0.31,2,0,0.22,1,1,0
USR3170,39,4,26965,355,16914,200000,0.6272575560912294,0.08457,12,515,0.42,1,1,0.55,1,1,0
USR9278,52,1,29592,80,12149,300000,0.4105501486888348,0.04049666666666667,16,458,0.49,1,0,0.71,1,1,0
USR8443,29,0,49269,42,83540,200000,1.6955895187643346,0.4177,5,637,0.16,2,0,0.23,0,1,0
USR4114,46,2,12650,90,3772,300000,0.29818181818181816,0.012573333333333334,3,266,0.95,0,1,0.46,0,0,0
USR1607,35,1,18137,144,33142,500000,1.8273143298230137,0.066284,4,648,0.51,3,1,0.12,2,0,0
USR1810,42,3,46144,195,84138,200000,1.823378987517337,0.42069,2,467,0.99,2,0,0.09,2,0,0
USR8388,57,2,42080,110,46297,300000,1.1002138783269961,0.15432333333333334,3,548,0.97,3,0,0.63,0,1,0
USR5765,58,2,24462,320,16373,100000,0.669323849235549,0.16373,2,331,1.0,3,0,0.37,0,1,0
USR6544,21,1,57403,322,38534,100000,0.671288957023152,0.38534,4,378,0.53,0,1,0.98,1,0,0
USR4533,21,4,37503,284,11760,200000,0.3135749140068794,0.0588,1,541,0.83,0,0,0.38,0,0,0
USR1362,54,5,33612,256,43196,200000,1.285136260859217,0.21598,13,514,0.45,1,0,0.83,0,1,0
USR1352,60,2,14034,83,16293,300000,1.1609662248824284,0.05431,0,387,0.54,2,0,0.78,2,0,0
USR3598,23,1,27837,141,39114,500000,1.4051083090850307,0.078228,8,584,0.15,3,1,0.43,2,0,0
USR5992,56,3,12630,312,9935,100000,0.7866191607284244,0.09935,6,182,0.29,0,0,0.79,2,0,0
USR7776,35,4,10291,144,13123,100000,1.2751919152657663,0.13123,16,382,0.91,2,0,0.6,0,0,0
USR7650,48,3,36064,312,1000,500000,0.027728482697426796,0.002,6,552,0.72,1,0,0.95,2,0,0
USR2739,23,2,12802,234,9458,200000,0.7387908139353226,0.04729,11,528,0.64,0,0,0.71,0,0,0
USR2090,68,2,48307,206,45893,100000,0.9500279462603763,0.45893,0,156,0.81,1,0,0.66,0,0,0
USR8067,66,2,42682,67,70364,200000,1.6485637973853147,0.35182,9,409,0.48,0,0,0.32,1,0,0
USR1062,28,2,30552,168,28051,100000,0.9181395653312385,0.28051,16,454,0.4,1,0,0.96,1,0,0
USR5860,42,2,53509,97,39750,100000,0.7428656861462558,0.3975,3,13,0.27,1,0,0.63,2,0,0
USR7345,64,4,54008,339,64349,300000,1.1914716338320248,0.21449666666666667,4,585,0.48,0,0,0.43,1,1,0
USR9458,37,3,11174,300,21047,100000,1.8835689994630391,0.21047,7,551,0.05,2,1,0.08,0,1,0
USR6046,67,0,44503,128,39387,300000,0.885041457879244,0.13129,10,559,0.34,3,1,0.33,0,0,0
USR6097,65,4,46620,361,20690,300000,0.4438009438009438,0.06896666666666666,6,215,0.39,1,0,0.73,0,0,0
USR1024,36,1,33240,10,35863,500000,1.0789109506618533,0.071726,8,330,0.85,0,0,0.48,0,0,0
USR9009,23,0,30616,3,31786,300000,1.03821531225503,0.10595333333333333,22,355,0.65,2,0,0.87,2,0,0
USR6587,66,3,30180,9,46737,500000,1.5486083499005965,0.093474,4,680,0.86,0,1,0.36,2,0,0
USR3135,30,1,33602,186,31148,100000,0.9269686328194751,0.31148,22,406,0.38,2,0,0.34,0,0,0
USR6525,46,1,5085,30,7732,100000,1.52055063913471,0.07732,1,332,0.15,0,0,0.52,0,0,0
USR3196,70,1,52972,345,57577,500000,1.086932719172393,0.115154,0,134,0.96,0,0,0.75,0,0,0
USR9496,44,1,10921,256,22796,100000,2.0873546378536765,0.22796,9,349,0.8,3,0,0.92,0,1,1
USR3361,63,3,51075,285,20633,100000,0.40397454723445914,0.20633,1,149,0.09,1,0,0.95,0,0,0
USR3140,28,1,55889,96,70777,200000,1.2663851562919357,0.353885,4,112,0.34,1,0,0.33,2,1,0
USR4630,28,1,21788,268,37411,100000,1.7170460804112355,0.37411,9,105,0.95,3,1,0.6,2,0,0
USR3467,53,1,27295,117,69938,300000,2.562300787690053,0.23312666666666668,11,47,0.82,0,0,0.06,0,0,0
USR7523,37,1,29110,256,5851,500000,0.20099622122981795,0.011702,4,538,0.31,3,0,0.76,2,1,0
USR5815,65,2,6446,294,7359,200000,1.1416382252559727,0.036795,5,520,0.0,1,0,0.31,2,0,0
USR6470,56,2,10298,85,14764,500000,1.4336764420275783,0.029528,1,111,0.62,1,0,0.41,0,0,0
USR2121,69,5,28194,118,27619,500000,0.9796055898418103,0.055238,12,12,0.43,0,0,0.54,0,0,0
USR5656,24,1,46942,5,71848,200000,1.5305696391291381,0.35924,4,10,0.81,0,0,0.16,0,0,0
USR8378,23,3,7852,236,15608,500000,1.987773815588385,0.031216,15,596,0.3,2,0,0.99,0,1,1
USR3177,29,1,51724,187,68387,100000,1.3221521924058464,0.68387,4,149,0.44,1,0,0.41,2,1,0
USR1830,41,1,21404,115,1000,500000,0.04672023920762474,0.002,9,403,0.19,0,0,0.31,1,0,0
USR4497,42,1,45862,353,44926,300000,0.9795909467533034,0.14975333333333332,10,601,0.34,0,1,0.52,2,0,0
USR9993,70,1,25148,71,9321,500000,0.37064577700015905,0.018642,11,35,0.82,0,0,0.95,1,0,0
USR3078,26,3,21151,94,32931,100000,1.5569476620490756,0.32931,1,153,0.8,1,0,1.0,2,0,0
USR3001,48,1,48377,344,32021,100000,0.6619054509374289,0.32021,8,197,0.2,3,1,0.91,1,0,0
USR5672,26,3,5138,299,3077,300000,0.5988711560918646,0.010256666666666667,2,269,0.12,0,0,0.88,0,1,0
USR3501,31,2,44606,56,36150,300000,0.8104290902569161,0.1205,9,640,0.97,1,0,0.85,2,0,0
USR4692,23,7,55333,273,59631,300000,1.077675166717872,0.19877,14,690,0.07,3,0,0.51,1,0,0
USR2001,42,2,18870,115,21537,300000,1.141335453100159,0.07179,1,165,0.38,0,0,0.34,1,0,0
USR1382,67,1,33519,270,45892,100000,1.36913392404308,0.45892,0,350,0.16,1,0,0.31,0,1,0
USR4348,48,1,6082,262,5606,200000,0.9217362709634989,0.02803,11,230,0.37,3,0,0.28,0,1,0
USR3318,24,2,45159,164,74796,500000,1.6562811399720987,0.149592,23,491,0.61,1,0,0.62,2,0,0
USR6807,39,3,30292,321,9025,100000,0.2979334477749901,0.09025,11,292,0.29,0,1,0.03,0,0,0
USR9639,58,0,42011,285,1000,200000,0.023803289614624742,0.005,15,410,0.72,0,0,0.02,0,0,0
USR1011,43,2,10373,102,1000,300000,0.09640412609659693,0.0033333333333333335,4,238,0.29,1,0,0.24,2,1,0
USR1704,64,1,55701,139,77045,300000,1.383188811690993,0.2568166666666667,1,66,0.5,1,0,0.9,2,0,0
USR9582,42,4,47969,169,33219,100000,0.6925097458775459,0.33219,7,607,0.91,2,0,0.12,1,0,0
USR9915,58,2,30864,106,38249,500000,1.2392755313634007,0.076498,4,219,0.93,0,0,0.31,0,1,0
USR5443,61,3,56114,294,93925,200000,1.6738247139751221,0.469625,8,78,0.86,0,0,0.48,0,0,0
USR3509,66,3,33008,132,1000,500000,0.03029568589432865,0.002,8,102,0.39,0,0,0.04,1,0,0
USR4876,35,1,40582,233,26624,100000,0.6560544083583855,0.26624,4,362,0.61,0,0,0.93,0,0,0
USR2874,46,1,18961,264,12091,100000,0.6376773376931596,0.12091,10,524,0.56,0,1,0.2,1,0,0
USR7308,55,1,6709,86,1017,300000,0.15158741988373825,0.00339,6,76,0.57,0,0,0.45,0,0,0
USR1090,63,4,7597,64,2336,300000,0.30748979860471237,0.0077866666666666666,9,336,0.6,0,0,0.71,0,0,0
USR9220,48,1,58421,355,67238,200000,1.150921757587169,0.33619,12,188,0.03,1,0,0.75,2,0,0
USR7145,19,2,19189,191,35549,200000,1.852571785919016,0.177745,0,360,0.56,2,0,0.71,1,0,0
USR4282,63,1,51299,146,56885,200000,1.1088910115206925,0.284425,0,91,0.61,2,1,0.38,0,0,0
USR5078,61,1,25372,53,27966,500000,1.1022386883178308,0.055932,7,62,0.5,0,0,0.81,2,0,0
USR8343,27,2,9191,53,15662,500000,1.704058317919704,0.031324,5,136,0.74,0,0,0.04,0,0,0
USR8315,40,4,25508,320,16365,300000,0.6415634310804453,0.05455,5,132,0.62,1,0,0.29,1,1,0
USR5661,43,4,45407,65,45684,100000,1.0061003809985245,0.45684,1,352,0.49,0,1,0.76,0,0,0
USR8271,18,3,27901,224,29483,100000,1.0567004766854236,0.29483,14,618,0.3,3,0,0.71,0,0,0
USR2297,49,2,59017,238,16409,100000,0.2780385312706508,0.16409,0,198,0.66,2,0,0.66,0,0,0
USR3705,52,0,30826,352,13411,100000,0.4350548238499968,0.13411,6,125,0.5,0,0,0.6,1,1,0
USR8352,68,5,21927,126,33257,100000,1.516714552834405,0.33257,15,325,0.31,0,0,0.54,1,0,0
USR4097,47,3,33632,361,23030,500000,0.6847645099904852,0.04606,3,298,0.72,0,0,0.02,1,0,0
USR9945,49,3,57923,120,80502,500000,1.389810610638261,0.161004,4,40,0.54,1,1,0.39,0,0,0
USR4057,22,0,29584,202,23328,200000,0.7885343428880476,0.11664,12,439,0.36,3,0,0.34,2,0,0
USR3630,53,2,55403,236,31101,200000,0.56135949316824,0.155505,1,392,0.34,1,1,0.63,2,1,0
USR2822,48,0,54074,86,81777,300000,1.5123164552280208,0.27259,4,563,0.59,0,1,0.74,2,1,0
USR3773,27,4,10113,63,12208,100000,1.207159102145753,0.12208,6,626,0.83,1,0,0.49,2,0,0
USR5649,32,2,20545,125,3415,100000,0.16622049160379654,0.03415,1,84,0.98,1,1,0.55,0,0,0
USR8746,28,4,17737,178,35533,300000,2.0033263798838585,0.11844333333333333,17,152,0.6,2,0,0.36,2,0,0
USR5854,40,2,18681,225,22080,300000,1.1819495744339168,0.0736,10,660,0.83,0,0,0.77,0,1,0
USR6839,35,1,59683,61,22522,300000,0.37736038737999095,0.07507333333333334,2,263,0.47,1,0,0.25,0,1,0
USR8451,64,0,35737,153,10713,200000,0.2997733441531186,0.053565,1,198,0.2,3,0,0.6,0,0,0
USR3083,66,1,18539,100,12359,500000,0.6666486865526727,0.024718,8,638,0.03,1,1,0.59,0,1,0
USR7331,31,0,33552,304,16990,300000,0.506378159275155,0.056633333333333334,1,259,0.22,1,1,0.71,2,0,0
USR3999,55,1,29491,90,48624,200000,1.6487742022990064,0.24312,10,501,0.61,1,0,0.76,2,0,0
USR7799,67,3,24531,33,19996,500000,0.8151318739554033,0.039992,1,12,0.78,0,0,0.49,0,1,0
USR6914,61,1,23449,175,15542,100000,0.6628001194080771,0.15542,0,25,0.12,0,1,0.26,0,0,0
USR3706,68,3,23788,74,9208,100000,0.3870859256768118,0.09208,1,424,0.82,1,0,0.55,2,0,0
USR6408,52,1,58335,295,35670,200000,0.6114682437644638,0.17835,10,406,0.59,1,1,0.45,1,0,0
USR7896,40,1,35467,23,43901,200000,1.2377985169312318,0.219505,7,48,0.78,3,0,0.47,2,1,0
USR7512,44,0,33892,260,38231,100000,1.1280243125221292,0.38231,4,142,0.8,0,0,0.58,1,0,0
USR1634,55,1,17210,321,28582,300000,1.6607786170830912,0.09527333333333333,4,8,0.55,0,0,0.25,0,1,0
USR8439,58,2,37235,133,50290,300000,1.3506109842889755,0.16763333333333333,26,573,0.27,0,0,0.4,0,0,0
USR7165,50,4,32447,53,40737,200000,1.2554935741362838,0.203685,1,482,0.49,3,1,0.75,1,0,0
USR9374,23,1,42707,87,26036,100000,0.6096424473739668,0.26036,7,658,0.01,2,0,0.84,0,1,0
USR4962,31,1,36371,93,38671,500000,1.0632371944681203,0.077342,12,489,0.11,0,0,0.21,0,0,0
USR3154,30,3,59202,20,94184,200000,1.5908921995878518,0.47092,13,298,0.57,3,0,0.88,0,0,0
USR4072,40,1,47376,28,18253,200000,0.3852794663964877,0.091265,5,506,0.45,0,0,0.85,2,0,0
USR2336,22,0,55276,76,72200,300000,1.306172660829293,0.24066666666666667,7,608,0.43,3,0,0.06,2,0,0
USR8462,67,2,47229,144,7554,300000,0.15994410214063393,0.02518,6,375,0.97,0,0,0.72,0,0,0
USR5433,49,2,47824,274,92494,500000,1.9340498494479759,0.184988,3,235,0.96,0,1,0.42,2,0,0
USR5292,51,3,11954,109,16873,500000,1.411494060565501,0.033746,5,420,0.02,3,0,0.79,2,1,0
USR3912,23,1,9753,15,7451,500000,0.7639700604942069,0.014902,0,610,0.24,0,0,0.06,0,0,0
USR1309,51,2,39837,305,17716,100000,0.44471220222406305,0.17716,17,182,0.23,1,0,0.51,0,0,0
USR1257,40,1,23703,213,27532,100000,1.161540733240518,0.27532,15,145,0.89,1,1,0.38,1,0,0
USR9855,57,2,41777,30,52800,200000,1.2638533164181247,0.264,12,46,0.29,1,0,0.02,0,1,0
USR2096,55,2,25598,271,16994,300000,0.6638799906242675,0.056646666666666665,11,117,0.7,2,0,0.82,1,0,0
USR5193,25,0,37295,243,6687,300000,0.17930017428609732,0.02229,10,373,0.65,1,1,0.23,2,1,0
USR5744,63,3,54326,95,91352,100000,1.6815521113279093,0.91352,17,481,0.37,1,0,0.63,0,0,0
USR9160,33,0,57449,68,56097,300000,0.9764660829605389,0.18699,6,219,0.37,2,0,0.73,1,1,0
USR2455,42,2,19176,128,21633,200000,1.1281289111389237,0.108165,4,327,0.78,1,0,0.04,1,0,0
USR5016,59,1,20229,215,48282,500000,2.3867714667062137,0.096564,1,56,0.6,3,0,0.37,0,0,0
USR3058,22,3,40120,121,61072,500000,1.5222333000997008,0.122144,0,667,0.91,3,0,0.76,1,1,0
USR1748,23,2,11986,328,15229,300000,1.2705656599365927,0.050763333333333334,5,652,0.97,2,0,0.19,0,0,0
USR3415,21,2,25609,196,13880,100000,0.5419969541957905,0.1388,2,640,0.52,0,1,0.73,0,1,0
USR2556,36,1,10751,214,14961,300000,1.3915914798623383,0.04987,8,243,0.8,1,0,0.49,0,1,0
USR8365,44,1,31881,237,53952,500000,1.6922932153947492,0.107904,12,149,0.5,2,0,0.22,0,0,0
USR7403,68,3,27446,116,32012,100000,1.1663630401515703,0.32012,3,247,0.69,1,0,0.77,0,0,0
USR9625,24,2,53699,75,1000,100000,0.01862232071360733,0.01,1,556,0.22,1,1,0.84,1,0,0
USR8378,28,2,37872,150,5318,100000,0.14042036332910857,0.05318,16,288,0.99,0,0,0.19,1,0,0
USR4305,46,2,12006,294,8656,100000,0.7209728469098784,0.08656,6,125,0.1,0,0,0.9,2,0,0
USR9942,34,0,36613,251,29169,100000,0.796684237839019,0.29169,3,225,0.36,3,0,0.59,1,1,0
USR3416,43,4,39317,21,1000,100000,0.02543429051046621,0.01,3,563,0.52,0,1,0.51,0,0,0
USR9561,32,2,19563,313,18617,300000,0.9516434084751827,0.06205666666666667,14,648,0.36,1,0,0.35,1,0,0
USR2579,25,3,41147,65,55950,300000,1.3597589131649939,0.1865,15,560,0.35,2,0,0.92,1,0,0
USR7647,33,1,43287,53,34459,100000,0.7960588629380645,0.34459,4,178,0.48,2,0,0.82,0,0,0
USR5392,57,3,5541,265,2394,300000,0.4320519761775853,0.00798,8,460,0.63,1,0,0.89,2,1,0
USR5092,35,5,41548,227,28387,500000,0.6832338500048137,0.056774,2,516,0.48,0,0,0.3,0,0,0
USR5824,65,2,56009,14,47578,100000,0.8494706207930868,0.47578,12,245,0.18,2,1,0.76,1,0,0
USR3125,32,3,49437,113,99094,300000,2.0044501082185406,0.33031333333333335,10,546,0.86,1,0,0.65,0,1,1
USR9302,66,3,39662,91,28396,200000,0.7159497756038525,0.14198,1,322,0.74,0,0,0.38,2,0,0
USR4738,48,3,19399,4,22241,300000,1.1465023970307748,0.07413666666666667,11,608,0.2,0,0,0.09,2,0,0
USR7273,64,1,34540,8,38728,200000,1.1212507237984946,0.19364,6,399,0.79,0,0,0.86,2,1,0
USR2869,55,3,7889,312,2276,300000,0.28850297883128406,0.007586666666666667,11,381,0.5,0,0,0.26,2,0,0
USR6472,20,1,7005,235,1000,100000,0.14275517487508924,0.01,5,435,0.57,0,0,0.11,1,0,0
USR3561,65,3,38534,165,73749,500000,1.9138682721752218,0.147498,2,648,0.24,0,0,0.73,0,0,0
USR1636,47,2,51546,150,26469,500000,0.5135025026190199,0.052938,0,626,0.03,3,0,0.9,0,0,0
USR2818,41,3,44129,266,53647,300000,1.2156858301797004,0.17882333333333333,2,325,0.42,1,0,0.19,1,1,0
USR1714,57,1,36430,204,25349,100000,0.6958276146033489,0.25349,12,181,0.25,0,1,0.55,0,0,0
USR8804,68,1,29192,349,52720,100000,1.805974239517676,0.5272,20,187,0.22,0,0,0.06,1,1,0
USR3486,43,4,10714,251,14414,300000,1.3453425424677992,0.04804666666666667,3,236,0.82,1,0,0.82,0,0,0
USR1349,53,2,34246,136,46206,500000,1.349237867196169,0.092412,4,35,0.97,2,1,0.65,0,0,0
USR5092,57,1,10282,106,6285,100000,0.6112624003112235,0.06285,14,234,0.38,0,0,0.06,0,0,0
USR7672,34,1,25744,133,35305,300000,1.3713875077688005,0.11768333333333333,3,32,0.11,1,1,0.11,1,0,0
USR8316,44,0,6147,251,7963,300000,1.2954286643891328,0.026543333333333332,8,114,0.7,2,1,0.57,2,0,0
USR6928,45,2,6194,321,4356,500000,0.7032612205360026,0.008712,3,459,0.66,0,0,0.25,0,1,0
USR5401,68,2,54277,340,28153,200000,0.5186911583175194,0.140765,1,25,0.5,2,0,0.98,0,0,0
USR7421,18,0,41748,185,68910,100000,1.6506179936763439,0.6891,5,8,0.67,3,0,0.19,2,0,0
USR3109,64,1,37754,96,53998,200000,1.430259045399163,0.26999,23,674,0.37,0,0,0.21,2,0,0
USR2284,29,0,34606,67,57290,100000,1.655493267063515,0.5729,8,562,0.25,0,0,0.47,2,0,0
USR2404,68,1,6863,112,7384,300000,1.0759143231822819,0.024613333333333334,3,100,0.77,2,0,0.24,2,0,0
USR6469,67,2,33434,121,63662,100000,1.904109589041096,0.63662,8,536,0.66,0,0,0.29,2,1,0
USR9388,60,4,49984,131,53690,500000,1.0741437259923174,0.10738,5,399,0.99,0,0,0.16,0,0,0
USR8700,42,3,29019,310,22830,500000,0.7867259381784348,0.04566,0,686,0.67,0,0,0.05,0,1,0
USR9584,27,1,22459,102,20167,300000,0.8979473707645043,0.06722333333333333,4,539,0.2,0,0,0.24,1,1,0
USR7928,26,1,30464,7,31899,500000,1.0471047794117647,0.063798,12,172,0.1,3,0,0.93,0,0,0
USR6775,31,0,46125,5,39052,200000,0.8466558265582655,0.19526,3,665,0.43,0,0,0.35,2,1,0
USR4410,70,0,40923,108,84109,200000,2.055298976125895,0.420545,0,232,0.12,1,0,0.62,0,1,0
USR7427,65,1,17292,19,8162,300000,0.4720101781170484,0.027206666666666667,0,59,0.83,0,1,0.38,2,1,0
USR7126,60,2,36635,183,1000,200000,0.027296301351166917,0.005,20,123,0.83,0,0,0.94,1,1,0
USR6070,57,2,48037,312,1000,500000,0.020817286674854798,0.002,2,97,0.6,0,1,0.52,1,0,0
USR2898,37,1,10045,173,6833,500000,0.680238924838228,0.013666,13,271,0.64,1,1,0.11,1,0,0
USR5382,38,1,19113,177,3644,300000,0.19065557473970596,0.012146666666666667,4,61,0.74,2,1,0.92,0,0,0
USR7570,38,3,16264,311,18704,100000,1.1500245941957699,0.18704,12,70,0.33,0,1,0.43,0,0,0
USR4784,41,9,35141,249,14258,300000,0.40573688853476,0.04752666666666667,9,658,0.72,0,1,0.35,1,0,0
USR3246,58,3,18232,73,37402,200000,2.0514480035103118,0.18701,3,531,0.3,2,1,0.46,0,0,0
USR7220,34,2,47267,176,34624,300000,0.7325195167876108,0.11541333333333334,5,106,0.85,1,0,0.49,1,1,0
USR7589,60,5,33894,336,51771,200000,1.5274384846875553,0.258855,3,303,0.44,3,0,0.42,2,0,0
USR7179,38,0,57601,70,45606,300000,0.7917570875505634,0.15202,7,240,0.42,0,0,0.7,2,0,0
USR4293,54,2,53276,289,87111,500000,1.6350889706434417,0.174222,1,230,0.64,0,0,0.06,0,0,0
USR6576,24,2,19360,84,23857,100000,1.2322830578512396,0.23857,15,511,0.96,3,0,0.96,1,0,0
USR1847,62,0,41213,135,67120,100000,1.6286123310605878,0.6712,5,83,0.81,0,0,0.96,1,0,0
USR9558,69,2,51573,65,45673,300000,0.8855990537684447,0.15224333333333334,0,539,0.29,3,0,0.13,0,0,0
USR5952,21,3,56096,53,53873,300000,0.9603715059897319,0.17957666666666666,12,213,0.28,1,0,0.84,0,0,0
USR8882,45,3,52466,5,51337,300000,0.9784813021766477,0.17112333333333332,1,214,0.7,0,0,0.85,2,0,0
USR7171,39,1,5403,31,8141,300000,1.506755506200259,0.027136666666666667,4,128,0.53,1,0,0.37,0,1,0
USR3930,41,2,17801,335,28861,100000,1.6213134093590247,0.28861,7,524,0.2,0,0,0.81,1,1,0
USR4217,27,1,34621,223,24331,500000,0.7027815487709772,0.048662,9,369,0.32,1,0,0.45,2,0,0
USR3367,32,0,28936,159,40739,100000,1.4079001935305502,0.40739,6,269,0.59,2,1,0.52,2,1,0
USR2538,47,0,39959,248,34886,100000,0.8730448709927676,0.34886,10,432,0.64,3,0,0.68,0,1,0
USR1157,64,5,55082,159,31832,500000,0.5779020369630732,0.063664,7,674,0.74,0,0,0.71,1,1,0
USR8604,20,2,25742,70,16023,500000,0.6224458084064952,0.032046,7,65,0.31,1,0,0.09,1,1,0
USR4577,27,2,23330,359,23452,300000,1.0052293184740677,0.07817333333333333,6,478,0.24,2,0,0.91,1,0,0
USR8879,36,3,17348,245,29585,200000,1.7053839059257552,0.147925,8,615,0.46,1,1,0.11,0,0,0
USR4270,64,4,7965,33,6835,100000,0.8581293157564344,0.06835,7,686,0.19,2,0,0.68,0,0,0
USR1199,42,2,22724,349,24481,500000,1.0773191339552897,0.048962,15,86,0.66,1,1,0.13,1,1,0
USR3128,28,3,46311,209,49832,500000,1.0760294530457126,0.099664,0,48,0.09,1,1,0.68,1,0,0
USR9600,43,4,47054,169,39951,100000,0.8490457771921622,0.39951,7,452,0.42,0,1,0.39,0,1,0
USR7101,19,3,22786,124,22156,500000,0.9723514438690424,0.044312,2,168,0.56,1,0,0.01,2,0,0
USR3661,64,1,45373,27,29373,200000,0.6473673770744716,0.146865,2,450,0.22,2,0,0.68,0,1,0
USR6052,64,3,19539,281,11233,500000,0.5749014790930959,0.022466,8,310,0.09,1,0,0.81,0,0,0
USR3312,57,1,53788,143,79945,200000,1.4862980590466275,0.399725,7,566,0.6,0,1,0.68,1,1,0
USR9335,60,2,32331,311,33979,300000,1.0509727506108688,0.11326333333333333,10,429,0.56,1,0,0.31,1,0,0
USR4089,68,1,31496,349,27139,100000,0.8616649733299466,0.27139,18,289,0.44,0,1,0.29,2,1,0
USR2213,40,1,25321,12,30558,300000,1.206824375024683,0.10186,11,188,0.93,0,0,0.91,2,0,0
USR7445,21,3,16886,226,18776,200000,1.1119270401516048,0.09388,2,557,0.3,0,0,0.22,2,1,0
USR8740,40,6,8128,283,6598,300000,0.811761811023622,0.021993333333333333,0,193,0.97,1,0,0.96,0,0,0
USR7313,52,4,30503,92,17835,500000,0.5846965872209291,0.03567,10,245,0.76,0,0,0.31,2,1,0
USR4304,21,3,33149,271,55405,500000,1.6713928021961446,0.11081,1,191,0.51,1,1,0.38,0,0,0
USR1773,49,4,47755,250,43421,500000,0.9092451052245838,0.086842,13,327,0.5,3,0,0.63,0,1,0
USR3003,51,2,54512,257,83031,300000,1.5231692104490755,0.27677,3,636,0.23,1,0,0.62,2,1,0
USR5329,68,1,54105,301,88464,100000,1.635042971998891,0.88464,11,113,0.75,2,0,0.82,0,0,0
USR7911,42,2,30818,113,33266,300000,1.0794340969563243,0.11088666666666666,5,476,0.9,3,1,0.57,0,0,0
USR6342,20,3,54827,275,60772,200000,1.1084319769456654,0.30386,12,560,0.74,0,1,0.44,0,0,0
USR4066,41,2,6490,344,6629,500000,1.0214175654853621,0.013258,1,603,0.67,1,0,0.13,0,0,0
USR7890,31,2,42622,221,69167,100000,1.622800431701938,0.69167,3,355,0.11,2,1,0.88,0,0,0
USR2418,46,3,14581,274,13692,200000,0.9390302448391743,0.06846,10,136,0.64,0,0,0.07,2,1,0
USR9300,19,4,9444,304,3990,500000,0.42249047013977126,0.00798,18,253,0.76,3,1,0.07,2,0,0
USR8292,21,1,6036,74,5185,500000,0.859012591119947,0.01037,6,633,0.82,0,0,0.92,2,0,0
USR6276,40,3,43321,168,22796,500000,0.5262113062948686,0.045592,6,459,0.98,0,0,0.76,0,1,0
USR5960,69,3,24503,225,8970,500000,0.3660776231481859,0.01794,2,256,0.97,0,0,0.09,0,0,0
USR2315,22,3,15088,43,29796,100000,1.974814422057264,0.29796,0,691,0.03,1,0,0.24,0,0,0
USR6993,45,1,58349,175,18732,500000,0.3210337794992202,0.037464,3,566,0.9,1,1,0.68,2,0,0
USR5819,24,2,17792,303,31952,200000,1.795863309352518,0.15976,4,35,0.92,1,0,0.36,2,1,0
USR6909,59,2,45555,70,48549,100000,1.0657227527164965,0.48549,4,180,0.63,1,1,0.39,1,0,0
USR1475,58,2,13077,166,17181,100000,1.313833448038541,0.17181,12,495,0.33,0,0,0.59,0,0,0
USR5354,34,1,27488,333,59631,200000,2.1693466239813737,0.298155,3,496,0.79,0,1,0.58,0,1,1
USR4515,37,3,21449,138,25466,300000,1.1872814583430462,0.08488666666666667,12,312,0.6,0,1,0.47,0,0,0
USR6014,42,1,46892,124,31667,200000,0.6753177514288151,0.158335,3,48,0.11,1,0,0.39,0,0,0
USR3360,49,1,36973,181,21401,500000,0.5788277932545371,0.042802,1,397,0.5,0,1,0.48,1,0,0
USR9043,30,2,5608,188,5502,500000,0.9810984308131241,0.011004,11,466,0.96,0,1,0.03,0,0,0
USR6665,32,0,40584,195,20794,200000,0.5123694066627242,0.10397,5,640,0.59,0,0,0.42,0,0,0
USR6387,42,0,12740,200,9200,500000,0.7221350078492935,0.0184,4,331,0.75,0,0,0.65,0,1,0
USR3477,47,4,58012,354,132678,200000,2.287078535475419,0.66339,1,87,0.4,0,0,0.15,0,0,0
USR1518,35,0,59197,319,54339,500000,0.91793503049141,0.108678,2,116,0.57,1,0,0.51,0,0,0
USR5062,55,0,7015,226,6591,500000,0.9395580898075553,0.013182,0,393,0.41,1,0,0.56,1,0,0
USR7436,51,0,54943,198,1000,500000,0.018200680705458383,0.002,4,455,0.52,3,0,0.36,0,0,0
USR2222,60,1,14204,220,4827,500000,0.3398338496198254,0.009654,11,28,0.48,1,0,0.08,1,0,0
USR1591,58,0,28704,64,3509,500000,0.12224777034559643,0.007018,3,32,0.42,0,0,0.33,1,0,0
USR2137,34,3,42156,106,16335,300000,0.3874893253629377,0.05445,10,27,0.59,2,0,0.91,1,0,0
USR6025,30,2,48573,198,39067,300000,0.8042945669404813,0.13022333333333333,0,395,0.83,2,0,0.25,1,0,0
USR2357,59,2,25310,104,26422,300000,1.0439352034768865,0.08807333333333334,12,204,0.99,0,0,0.71,1,0,0
USR8091,31,4,31143,132,26228,300000,0.8421796230292522,0.08742666666666667,1,516,0.85,2,0,0.14,1,0,0
USR7736,27,4,45135,30,23280,100000,0.515785975407112,0.2328,5,600,0.92,2,1,0.37,0,0,0
USR9160,18,1,53475,177,59670,500000,1.1158485273492287,0.11934,12,179,0.54,2,0,0.4,0,1,0
USR5887,22,3,19216,88,10008,100000,0.5208159866777685,0.10008,4,95,0.99,1,0,0.17,1,0,0
USR9285,27,1,8792,285,6379,500000,0.7255459508644222,0.012758,0,13,0.1,1,0,0.18,1,0,0
USR1496,52,0,22192,21,34103,500000,1.53672494592646,0.068206,8,136,0.18,0,0,0.34,1,0,0
USR5298,63,2,51131,204,42833,100000,0.8377109776847705,0.42833,9,504,0.41,1,0,0.82,1,0,0
USR4459,53,1,22377,340,34511,500000,1.5422532064173036,0.069022,0,694,0.31,1,1,0.31,2,0,0
USR5554,19,0,26730,353,10101,500000,0.37789001122334454,0.020202,9,299,0.23,2,0,0.75,0,0,0
USR3016,47,0,11786,26,6883,200000,0.5839979636857289,0.034415,4,673,0.54,3,0,0.79,2,0,0
USR4307,27,2,7564,348,11972,100000,1.582760444209413,0.11972,9,441,0.96,3,0,0.62,1,0,0
USR2058,55,0,49723,151,59855,500000,1.2037688795929449,0.11971,4,477,0.54,3,1,0.58,2,0,0
USR7301,35,2,17049,215,16619,100000,0.9747785793888205,0.16619,5,94,0.15,1,1,0.5,0,0,0
USR8607,52,1,21555,177,29832,100000,1.3839944328462073,0.29832,10,569,0.5,0,1,0.69,0,0,0
USR5376,62,0,51837,292,53901,500000,1.039817119046241,0.107802,7,20,0.35,1,0,0.49,1,0,0
USR9527,26,3,18966,58,27844,100000,1.4681008119793315,0.27844,11,290,0.29,0,0,0.76,0,0,0
USR1865,62,0,23115,168,41635,300000,1.8012113346311918,0.13878333333333334,3,251,0.8,2,1,0.06,0,1,1
USR2391,48,2,10301,169,1000,100000,0.09707795359673818,0.01,0,525,0.35,0,0,0.47,1,0,0
USR6950,58,5,14106,104,12481,300000,0.8848007939883737,0.04160333333333333,11,412,0.15,3,0,0.76,0,0,0
USR8854,27,2,57132,352,48636,200000,0.851291745431632,0.24318,1,309,0.93,2,0,0.45,1,0,0
USR7700,46,1,5571,316,5145,500000,0.9235325794291869,0.01029,14,321,0.19,0,1,0.75,2,1,0
USR9052,29,1,15691,299,1000,300000,0.06373080109616978,0.0033333333333333335,1,344,0.31,0,0,0.14,2,1,0
USR9747,32,1,16495,21,27124,500000,1.6443770839648377,0.054248,9,32,0.46,3,0,0.18,0,0,0
USR7561,19,1,57341,176,18558,300000,0.32364276869953434,0.06186,3,521,0.26,2,1,0.66,1,0,0
USR6126,29,2,35351,3,25771,300000,0.7290034228168935,0.08590333333333333,6,517,0.82,0,0,0.19,1,1,0
USR3735,44,1,13899,143,18476,500000,1.3293042664939925,0.036952,1,245,0.59,0,0,0.46,0,0,0
USR7212,69,2,32357,299,39715,500000,1.2274005624748896,0.07943,3,540,0.75,1,1,0.35,1,1,0
USR1165,70,2,45629,249,19522,100000,0.42784194262420827,0.19522,0,692,0.25,1,0,0.94,1,0,0
USR7158,30,2,52666,87,26898,500000,0.5107279838985304,0.053796,11,380,0.68,0,0,0.47,0,0,0
USR2985,34,2,29373,355,47356,100000,1.6122289177135465,0.47356,11,629,0.05,0,0,0.99,0,0,0
USR9763,44,2,36435,66,35737,200000,0.9808425964045561,0.178685,6,639,0.78,1,0,0.66,0,0,0
USR7139,26,1,20479,233,46472,300000,2.2692514282923972,0.15490666666666666,1,485,0.51,1,0,0.63,2,0,0
USR8420,65,2,51521,5,70592,500000,1.370159740688263,0.141184,3,558,0.01,0,0,0.45,1,0,0
USR2229,31,3,35973,3,1000,300000,0.027798626747838655,0.0033333333333333335,2,599,0.12,0,0,0.67,0,0,0
USR1086,29,3,35689,124,71776,200000,2.011151895542044,0.35888,0,436,0.86,0,0,0.37,1,0,0
USR5158,36,1,16678,17,8822,100000,0.528960306991246,0.08822,0,103,0.35,0,1,0.89,1,0,0
USR5226,31,4,41924,153,17259,200000,0.41167350443659956,0.086295,5,445,0.94,3,0,0.46,2,1,0
USR6985,19,1,53358,163,50180,300000,0.9404400464785037,0.16726666666666667,0,318,0.61,3,0,0.68,0,0,0
USR1055,19,4,24441,110,40502,500000,1.6571335051757292,0.081004,19,332,0.58,0,0,0.17,0,0,0
USR1272,48,2,36904,13,54045,300000,1.464475395621071,0.18015,6,8,0.04,0,0,0.47,2,0,0
USR6077,57,1,16524,78,22030,100000,1.3332122972645848,0.2203,2,546,0.05,1,1,0.47,0,0,0
USR4230,68,2,7228,245,4236,300000,0.586054233536248,0.01412,4,39,0.81,0,0,0.41,2,0,0
USR8888,27,1,11978,102,8667,500000,0.7235765570212055,0.017334,1,327,0.23,3,1,0.97,0,1,0
USR8547,56,1,22841,355,25639,100000,1.1224990149292937,0.25639,3,464,0.84,3,1,0.91,0,1,0
USR2941,66,4,41256,296,20308,100000,0.4922435524529765,0.20308,1,532,0.45,0,0,0.9,1,0,0
USR2075,54,4,24553,89,23295,200000,0.9487638985052743,0.116475,16,584,0.99,0,0,0.07,0,0,0
USR3152,43,2,20372,342,13329,200000,0.65428038484194,0.066645,20,464,0.99,2,0,0.01,0,0,0
USR8003,54,1,26947,264,33833,100000,1.2555386499424797,0.33833,6,671,0.85,3,1,0.44,2,0,0
USR4820,46,2,15038,174,16149,500000,1.073879505253358,0.032298,9,369,0.83,3,0,0.48,0,0,0
USR6641,68,1,22492,295,31844,200000,1.41579228170016,0.15922,2,36,0.86,0,1,0.11,2,0,0
USR2546,22,2,25572,1,42909,300000,1.6779680900985452,0.14303,7,533,0.86,2,0,0.48,1,0,0
USR6831,67,0,46047,75,48702,100000,1.057658479379764,0.48702,10,614,0.56,3,1,0.58,1,1,0
USR3975,64,1,49528,142,36714,200000,0.741277661120982,0.18357,3,566,0.26,0,0,0.61,1,0,0
USR6572,66,2,50339,254,48845,200000,0.9703212221140666,0.244225,1,596,0.44,2,0,0.55,0,1,0
USR8335,32,2,17075,248,4866,300000,0.28497803806734995,0.01622,1,170,0.87,2,0,0.32,2,1,0
USR9239,38,0,16628,362,7779,100000,0.4678253548231898,0.07779,2,181,0.38,1,0,0.29,1,0,0
USR3035,29,2,22046,64,27614,500000,1.2525628231878798,0.055228,2,376,0.1,1,0,0.8,0,0,0
USR5929,32,2,44048,329,1000,300000,0.02270250635670178,0.0033333333333333335,18,638,0.85,0,1,0.42,2,1,0
USR4660,23,2,52757,257,22247,200000,0.42168811721667265,0.111235,2,272,0.56,0,1,0.51,0,0,0
USR9375,59,3,44046,299,12490,200000,0.2835671797666076,0.06245,18,55,0.22,1,1,0.24,0,0,0
USR7226,27,1,56043,328,62367,500000,1.1128419249504844,0.124734,12,354,0.75,3,0,0.43,0,0,0
USR2560,46,1,49052,358,96332,300000,1.96387507135285,0.32110666666666665,12,141,0.43,1,1,0.93,0,1,1
USR2537,64,3,33985,328,12040,100000,0.35427394438722964,0.1204,4,501,0.39,0,0,0.59,0,1,0
USR1105,39,2,29002,147,46975,200000,1.6197158816633335,0.234875,4,184,0.31,1,0,0.26,0,0,0
USR3196,56,2,19427,352,31398,300000,1.616204251814485,0.10466,3,107,0.55,0,1,0.67,1,0,0
USR9430,66,1,32544,203,61865,200000,1.9009648475909537,0.309325,6,694,0.73,0,0,0.25,1,0,0
USR9562,30,2,5482,129,4907,300000,0.895111273257935,0.016356666666666665,4,79,0.47,0,0,1.0,0,0,0
USR1334,40,2,58013,66,51474,200000,0.8872838846465447,0.25737,13,195,0.56,3,0,0.64,1,0,0
USR5059,66,0,13735,86,20092,200000,1.4628321805606115,0.10046,3,156,0.8,0,0,0.54,0,0,0
USR9351,40,2,40042,20,1000,300000,0.02497377753358973,0.0033333333333333335,7,281,0.18,2,0,0.64,0,1,0
USR9673,45,3,32704,196,13362,100000,0.4085738747553816,0.13362,19,504,0.83,1,0,0.5,0,0,0
USR4747,21,3,39086,256,41750,500000,1.0681573965102595,0.0835,1,641,0.46,1,0,0.76,0,1,0
USR1672,42,1,26823,176,50395,300000,1.8787980464526712,0.16798333333333335,3,371,0.3,3,1,0.72,1,0,0
USR2930,29,3,29709,195,32610,500000,1.0976471776229426,0.06522,5,544,0.41,0,0,0.2,1,0,0
USR1009,59,6,26983,16,32180,100000,1.1926027498795537,0.3218,2,68,0.48,1,0,0.26,0,0,0
USR5701,39,6,11210,113,13488,300000,1.2032114183764495,0.04496,4,128,0.29,1,0,0.37,2,0,0
USR5816,26,7,48329,32,56866,300000,1.1766434232034597,0.18955333333333332,6,447,0.73,2,1,0.68,0,1,0
USR6876,51,6,13846,328,14555,300000,1.0512061245124946,0.048516666666666666,8,9,0.01,0,1,0.07,1,0,0
USR3431,53,1,47468,314,84063,100000,1.7709404230218253,0.84063,2,180,0.64,1,0,0.24,0,0,0
USR3365,19,3,17199,337,1820,100000,0.10582010582010581,0.0182,4,609,0.67,2,0,0.63,0,0,0
USR3872,27,5,59241,237,73098,100000,1.2339089481946626,0.73098,14,433,0.87,2,1,0.4,2,0,0
USR4211,54,0,25366,298,54261,100000,2.1391232358274856,0.54261,17,565,0.79,1,0,0.05,0,1,1
USR3698,41,3,42725,193,101048,500000,2.3650789935634875,0.202096,0,478,0.94,1,0,0.74,0,0,1
USR9937,58,1,33308,316,46861,300000,1.406899243425003,0.15620333333333333,8,532,0.75,0,1,0.83,0,0,0
USR2223,25,3,17921,325,28589,300000,1.5952792812901067,0.09529666666666667,6,433,0.11,1,0,0.27,0,1,0
USR1635,63,1,28348,63,10648,100000,0.37561732750105825,0.10648,2,348,0.05,2,0,0.25,2,0,0
USR2673,40,2,17336,96,13486,500000,0.7779187817258884,0.026972,4,297,0.17,2,1,0.6,0,0,0
USR7656,30,3,40565,111,30939,100000,0.7627018365586097,0.30939,2,544,0.45,2,0,0.04,0,0,0
USR3116,69,2,46504,19,2264,100000,0.048683984173404436,0.02264,15,580,0.82,1,0,0.11,2,1,0
USR1346,55,1,19301,119,19790,100000,1.025335474845863,0.1979,0,21,0.74,3,1,0.24,0,1,0
USR5629,44,0,45201,345,19902,200000,0.4402999933629787,0.09951,10,675,0.21,0,0,0.09,2,0,0
USR3725,19,4,23074,200,27441,200000,1.1892606396810264,0.137205,3,258,0.82,3,0,0.31,0,0,0
USR9004,42,2,54793,235,24065,300000,0.43919843775664774,0.08021666666666667,7,197,0.82,0,0,0.23,0,1,0
USR7411,19,1,48189,287,68599,200000,1.4235406420552408,0.342995,8,99,0.16,0,0,0.21,0,1,0
USR4500,47,3,59891,205,81749,100000,1.3649630161459985,0.81749,2,252,0.71,0,0,0.76,2,0,0
USR4774,22,8,45540,148,53568,200000,1.1762845849802372,0.26784,15,566,0.51,0,0,0.26,1,0,0
USR1177,32,5,34016,181,5576,500000,0.16392285983066793,0.011152,12,473,0.77,0,1,0.1,0,0,0
USR1169,69,4,27084,190,64817,100000,2.3931841677743315,0.64817,6,555,0.49,0,1,0.85,0,1,1
USR2441,55,2,38038,76,38576,300000,1.0141437509858562,0.12858666666666665,1,439,0.35,0,0,0.65,1,1,0
USR9330,23,1,26378,362,26966,300000,1.0222913033588596,0.08988666666666667,13,415,0.56,2,0,0.08,1,0,0
USR1514,39,1,34259,29,17200,300000,0.5020578534107826,0.05733333333333333,3,399,0.61,0,0,0.91,0,0,0
USR4745,62,2,48663,49,59190,200000,1.2163245176006412,0.29595,2,134,0.01,0,0,0.25,0,0,0
USR9309,56,2,43958,204,9625,100000,0.21895900632421858,0.09625,10,484,0.1,3,0,0.51,2,1,0
USR9706,67,5,25853,91,35402,200000,1.3693575213708273,0.17701,2,495,0.89,3,1,0.32,0,1,0
USR8851,54,6,31364,289,16090,300000,0.5130085448284658,0.05363333333333333,10,145,0.67,0,0,0.28,2,0,0
USR2381,67,1,50621,231,34846,500000,0.6883704391458091,0.069692,9,526,0.98,0,1,0.92,2,1,0
USR1760,66,4,26487,359,5586,500000,0.2108959112017216,0.011172,4,137,0.64,0,0,0.66,0,0,0
USR2223,18,1,41123,259,12879,500000,0.3131824040074897,0.025758,12,49,0.78,2,0,0.25,0,0,0
USR4014,43,1,28564,361,9340,300000,0.32698501610418707,0.031133333333333332,13,561,0.89,3,0,0.09,0,0,0
USR8712,45,2,6376,254,5997,300000,0.9405583437892095,0.01999,3,427,0.3,0,0,0.43,0,0,0
USR8825,24,1,54233,348,92285,300000,1.7016392233510962,0.30761666666666665,8,71,0.69,0,0,0.83,2,0,0
USR4124,33,1,34856,153,43791,300000,1.2563403718154693,0.14597,3,564,0.66,1,0,0.48,2,0,0
USR8980,67,1,27240,276,39857,300000,1.4631791483113068,0.13285666666666668,1,228,0.74,0,0,0.18,0,0,0
USR9018,55,2,41308,224,52255,300000,1.2650091991865982,0.17418333333333333,7,240,0.34,0,0,0.01,2,1,0
USR1194,29,4,34424,226,3535,200000,0.1026899837322798,0.017675,7,471,0.12,0,0,0.54,0,0,0
USR5275,31,0,22732,259,24525,200000,1.0788755938764738,0.122625,12,358,0.88,0,1,0.95,1,0,0
USR4113,35,3,39769,365,40731,100000,1.024189695491463,0.40731,7,563,0.39,1,0,0.64,2,0,0
USR3283,34,1,12062,292,21711,500000,1.7999502570054717,0.043422,14,258,0.19,1,0,0.37,2,0,0
USR9316,37,4,18788,110,20481,300000,1.090110708963168,0.06827,14,386,0.28,1,0,0.04,2,0,0
USR2054,39,1,31036,324,40860,200000,1.3165356360355716,0.2043,0,398,0.15,0,0,0.98,0,0,0
USR8379,46,3,10721,126,1000,300000,0.09327488107452662,0.0033333333333333335,8,323,0.22,1,0,0.14,0,1,0
USR2070,60,1,26896,291,12827,500000,0.47691106484235574,0.025654,8,59,0.82,0,1,0.37,2,0,0
USR9779,35,3,34376,298,46889,300000,1.3640039562485455,0.15629666666666667,13,442,0.87,0,0,0.51,2,0,0
USR6133,65,3,31815,320,22091,200000,0.6943580072292943,0.110455,2,694,0.18,1,1,0.73,1,1,0
USR6168,64,2,20171,278,19882,500000,0.9856725001239404,0.039764,9,50,0.29,0,0,0.77,0,1,0
USR1327,23,1,32297,65,30594,200000,0.9472706443322909,0.15297,5,289,0.01,0,0,0.31,0,1,0
USR5458,47,4,23605,305,33086,300000,1.401652192332133,0.11028666666666667,7,632,0.17,0,0,0.52,0,0,0
USR2214,67,1,7984,57,4743,100000,0.594063126252505,0.04743,7,178,0.42,2,0,0.35,1,0,0
USR9111,30,1,27807,147,1000,200000,0.035962167799474955,0.005,18,689,0.28,0,0,0.79,2,0,0
USR1222,26,0,57012,77,80115,500000,1.4052304777941487,0.16023,13,323,0.24,1,0,0.03,2,1,0
USR5235,25,1,52555,102,41330,500000,0.786414232708591,0.08266,5,157,0.88,0,0,0.94,0,0,0
USR5789,47,2,31595,317,5461,500000,0.17284380439943028,0.010922,4,202,0.24,3,0,0.96,1,0,0
USR9066,64,0,8576,306,1000,300000,0.1166044776119403,0.0033333333333333335,2,122,0.03,0,0,0.12,1,1,0
USR1101,46,3,17094,357,14156,100000,0.8281268281268281,0.14156,5,503,0.52,0,0,0.94,0,0,0
USR5472,38,0,46003,116,64957,300000,1.412016607612547,0.21652333333333335,8,420,0.29,1,0,0.27,0,0,0
USR1889,46,3,50443,43,50011,100000,0.991435878119858,0.50011,10,622,0.15,1,0,0.57,1,0,0
USR6819,29,1,50289,20,1000,100000,0.019885064328183103,0.01,7,382,0.27,1,1,0.98,0,0,0
USR6761,53,4,40405,266,31766,100000,0.7861898279915852,0.31766,0,314,0.83,2,0,0.47,2,0,0
USR5734,29,1,52326,336,100659,100000,1.9236899438137829,1.00659,10,305,0.93,2,0,0.05,0,0,0
USR5995,52,1,33950,229,34172,200000,1.006539027982327,0.17086,23,457,0.87,2,0,0.52,2,0,0
USR1902,45,2,27144,170,35555,300000,1.3098659003831417,0.11851666666666667,9,629,0.44,3,1,0.75,0,1,0
USR9555,42,5,49722,112,17765,300000,0.35728651301234865,0.05921666666666667,16,251,0.01,3,0,0.8,1,0,0
USR5605,34,3,16013,156,17320,300000,1.081621182788984,0.05773333333333333,5,151,0.68,3,0,0.57,1,0,0
USR9415,44,4,46058,1,17875,300000,0.38809761604932913,0.059583333333333335,6,631,0.76,1,0,0.05,0,1,0
USR6887,22,2,8541,186,13527,100000,1.58377239199157,0.13527,5,634,0.33,1,1,0.44,2,0,0
USR4555,48,0,13429,353,12928,100000,0.9626926800208504,0.12928,5,188,0.07,1,0,0.56,0,0,0
USR8807,50,2,21676,170,28408,500000,1.3105739066248385,0.056816,15,610,0.57,3,1,0.69,0,1,0
USR8472,47,1,27871,57,48272,300000,1.7319794768756054,0.16090666666666667,3,336,0.97,0,1,0.97,0,1,0
USR2904,19,3,7692,100,2737,100000,0.35582423296931875,0.02737,4,326,0.07,1,0,0.71,0,0,0
USR7464,66,1,49695,184,50245,200000,1.0110675118221149,0.251225,4,226,0.42,3,0,0.3,2,0,0
USR1616,50,1,22000,200,4220,300000,0.1918181818181818,0.014066666666666667,16,661,0.75,1,1,0.29,1,0,0
USR4704,38,2,48157,53,58390,300000,1.212492472537741,0.19463333333333332,9,615,0.0,0,1,0.87,2,0,0
USR9277,21,0,36936,117,3703,100000,0.10025449426034222,0.03703,2,585,0.8,0,0,0.82,2,1,0
USR9450,53,3,13787,45,21673,100000,1.5719881047363458,0.21673,10,552,0.61,3,1,0.58,0,0,0
USR5346,40,4,10733,205,18751,100000,1.7470418335973168,0.18751,11,109,0.12,1,0,0.56,1,0,0
USR4021,69,4,33668,266,16974,500000,0.50415825115837,0.033948,9,128,0.46,0,0,0.11,0,0,0
USR9192,53,4,5515,323,1000,300000,0.1813236627379873,0.0033333333333333335,3,256,0.18,0,0,0.83,0,0,0
USR4232,48,3,43646,32,21989,300000,0.5038033267653393,0.07329666666666666,10,398,0.98,1,0,0.37,1,0,0
USR1083,52,3,7410,232,7838,300000,1.0577597840755735,0.026126666666666666,9,535,0.65,0,0,0.2,1,0,0
USR4880,29,0,16228,327,31127,100000,1.9181045107222086,0.31127,13,592,0.66,1,0,0.32,0,0,0
USR6224,43,4,59918,251,1000,300000,0.016689475616676126,0.0033333333333333335,14,196,0.21,2,0,0.95,2,0,0
USR4505,34,1,19260,115,20873,200000,1.083748701973001,0.104365,8,610,0.1,1,1,0.62,2,0,0
USR8305,29,2,21476,285,12484,200000,0.581300055876327,0.06242,6,560,0.09,2,0,0.38,0,0,0
USR4052,35,0,36128,142,70251,300000,1.9445028786536758,0.23417,13,615,0.55,2,0,0.38,1,0,0
USR4331,30,0,18387,225,19817,500000,1.0777723391526621,0.039634,0,77,0.37,3,0,0.7,0,0,0
USR6956,35,1,41495,116,45511,500000,1.0967827449090253,0.091022,3,650,0.9,0,1,0.69,0,0,0
USR4658,48,1,55803,248,28404,500000,0.5090048922100963,0.056808,4,144,0.5,3,0,0.19,1,0,0
USR4064,39,1,59552,70,32480,200000,0.5454056958624396,0.1624,0,487,0.4,0,1,0.11,2,0,0
USR5191,57,1,22261,309,1000,200000,0.04492161178743093,0.005,13,547,0.57,2,0,0.52,2,0,0
USR9195,69,0,31335,219,25394,100000,0.8104037019307484,0.25394,14,134,0.55,0,0,0.71,1,1,0
USR1092,52,0,30477,295,50773,300000,1.665944810840962,0.16924333333333333,5,167,0.28,0,0,0.37,2,0,0
USR4089,34,2,6415,77,7859,100000,1.2250974279033515,0.07859,4,217,0.8,2,0,0.88,0,0,0
USR6822,57,3,8383,23,11526,100000,1.374925444351664,0.11526,10,291,1.0,0,0,0.24,0,1,0
USR5959,58,0,22158,353,40774,300000,1.840148027800343,0.13591333333333333,2,482,0.21,0,0,0.73,2,0,0
USR6947,30,4,11502,168,21505,500000,1.8696748391584073,0.04301,13,486,0.09,0,0,0.95,1,1,1
USR4830,37,2,41031,28,24617,300000,0.5999610050937096,0.08205666666666667,7,636,0.76,0,0,0.26,0,0,0
USR6937,24,1,55377,301,26180,300000,0.4727594488686639,0.08726666666666667,5,499,0.07,0,0,0.92,0,1,0
USR4054,61,0,31529,180,53573,200000,1.69916584731517,0.267865,1,520,0.04,0,0,0.7,1,0,0
USR2130,23,2,40362,88,60420,300000,1.4969525791586145,0.2014,2,120,0.23,3,0,0.38,0,0,0
USR6708,50,4,42650,7,36216,300000,0.8491441969519343,0.12072,10,231,0.43,1,0,0.08,2,0,0
USR4674,34,1,29620,182,12316,300000,0.41580013504388924,0.04105333333333333,20,363,0.92,3,1,0.93,1,0,0
USR4163,70,1,52162,2,4116,500000,0.07890801733062383,0.008232,3,462,0.68,0,1,0.61,2,0,0
USR3363,44,3,26310,236,24417,300000,0.9280501710376283,0.08139,4,77,0.98,3,0,0.42,1,0,0
USR8893,34,3,44290,236,27203,300000,0.6142018514337322,0.09067666666666667,5,436,0.88,0,0,0.56,0,0,0
USR5569,24,3,50337,322,43367,200000,0.8615332657885849,0.216835,3,638,0.64,2,0,0.44,0,0,0
USR6079,48,1,34624,269,58126,100000,1.6787777264325323,0.58126,8,345,0.47,3,0,0.79,2,0,0
USR5320,49,1,56279,45,106004,200000,1.883544483732831,0.53002,8,643,0.82,2,0,0.07,2,0,0
USR1937,53,4,34879,241,10904,300000,0.31262364173284785,0.036346666666666666,15,698,0.55,2,0,0.34,1,0,0
USR2223,26,3,9588,257,6911,200000,0.7207968293700459,0.034555,5,354,0.34,3,0,0.52,1,1,0
USR8948,50,7,57901,195,1000,200000,0.017270858879812095,0.005,5,367,0.57,1,0,0.47,2,0,0
USR9536,61,2,53600,19,49027,500000,0.9146828358208955,0.098054,10,93,0.11,0,0,0.82,2,0,0
USR9242,51,2,24486,226,32832,100000,1.3408478314138692,0.32832,17,573,0.31,1,0,0.14,0,1,0
USR1192,53,2,33571,36,52143,100000,1.5532155729647612,0.52143,0,469,0.66,2,0,0.84,0,1,0
USR2539,32,2,20653,220,42425,500000,2.0541809906551105,0.08485,0,208,0.98,0,1,0.99,2,0,1
USR5265,18,0,12809,2,17544,200000,1.3696619564368804,0.08772,11,415,0.09,3,0,0.88,2,0,0
USR5088,44,4,30443,171,10497,300000,0.34480833032224156,0.03499,2,305,0.14,0,0,0.41,2,0,0
USR4483,50,4,49774,327,89356,300000,1.7952344597581067,0.29785333333333336,7,533,0.62,1,0,0.65,0,0,0
USR6410,18,0,29352,7,21788,300000,0.7423003543199782,0.07262666666666667,6,67,0.18,0,1,0.39,0,0,0
USR6845,57,1,46938,195,39482,100000,0.8411521581660915,0.39482,22,491,0.6,1,1,0.56,2,0,0
USR7973,51,2,25382,270,12032,300000,0.47403671893467814,0.040106666666666665,15,15,0.61,3,1,0.54,1,1,0
USR8148,50,4,45071,222,16607,300000,0.3684630915666393,0.055356666666666665,9,261,0.37,1,0,0.16,2,1,0
USR6104,52,2,23951,7,16177,200000,0.6754206504947602,0.080885,3,480,0.43,0,0,0.39,1,1,0
USR3652,49,5,33685,73,23098,200000,0.6857058037702242,0.11549,6,522,0.91,1,1,0.08,1,0,0
USR5872,67,5,51642,29,85609,500000,1.657739824174122,0.171218,1,325,0.43,0,0,0.91,1,0,0
USR5947,40,2,47926,316,63078,200000,1.3161540708592414,0.31539,15,148,0.42,0,0,0.86,0,0,0
USR8131,47,2,42976,294,85282,300000,1.984409903201787,0.2842733333333333,4,364,0.82,0,0,0.18,0,0,0
USR3378,31,1,56285,145,113968,300000,2.0248378786532824,0.37989333333333336,0,17,0.14,1,1,0.88,1,0,0
USR2884,60,0,22534,264,22038,500000,0.9779888168989083,0.044076,13,679,0.48,0,0,0.47,1,1,0
USR1903,40,3,8934,100,30459,100000,3.409335124244459,0.30459,6,646,0.79,0,1,0.12,0,0,0
USR4019,29,0,23264,25,30397,100000,1.3066110729023384,0.30397,7,633,0.86,0,0,0.48,2,1,0
USR6473,27,2,54172,209,13631,100000,0.25162445543823375,0.13631,9,297,0.79,0,0,0.43,0,1,0
USR9205,53,2,19968,78,34115,300000,1.7084835737179487,0.11371666666666666,4,603,0.27,2,0,0.67,0,0,0
USR9842,36,0,56604,39,32351,500000,0.5715320472051445,0.064702,9,538,0.02,0,0,0.39,0,1,0
USR4485,43,4,11595,124,26292,300000,2.267529107373868,0.08764,4,589,0.76,3,0,0.48,0,1,1
USR2652,61,2,59436,65,57155,300000,0.9616225856383337,0.19051666666666667,8,680,0.96,2,0,0.14,0,0,0
USR4451,27,1,54981,283,1000,200000,0.01818810134410069,0.005,4,434,0.94,0,0,0.1,0,0,0
USR3357,53,1,6855,296,4908,300000,0.7159737417943107,0.01636,5,214,0.37,3,1,0.61,0,0,0
USR5448,50,1,13395,293,26322,100000,1.9650615901455768,0.26322,4,242,0.95,1,0,0.43,1,0,0
USR4407,57,4,19183,85,31142,500000,1.6234165667518115,0.062284,5,558,0.65,2,0,0.69,0,0,0
USR8953,37,3,44570,320,7479,300000,0.16780345523894996,0.02493,0,70,0.04,1,1,0.26,0,0,0
USR8249,21,0,53264,65,54859,200000,1.0299451787323521,0.274295,1,501,0.13,1,1,0.93,0,1,0
USR1722,18,1,40746,184,33458,300000,0.8211358170127129,0.11152666666666666,9,29,0.4,0,1,0.35,1,0,0
USR3475,44,2,9176,114,13502,200000,1.4714472537053183,0.06751,13,286,0.99,3,1,0.77,1,1,0
USR8773,54,1,49480,306,56282,300000,1.1374696847210994,0.18760666666666667,2,436,0.38,0,1,0.54,0,1,0
USR3854,58,1,30270,281,1000,200000,0.03303600925008259,0.005,6,188,0.41,2,0,0.73,0,1,0
USR1162,50,4,57889,162,66606,300000,1.1505812848727737,0.22202,8,417,0.42,1,0,0.47,0,0,0
USR5496,66,1,21173,255,16740,200000,0.7906295754026355,0.0837,10,289,0.51,3,0,0.27,2,1,0
USR7317,22,4,17092,300,7886,300000,0.4613854434823309,0.026286666666666667,6,408,0.4,0,1,0.6,2,0,0
USR7015,64,4,54340,41,80975,200000,1.4901545822598454,0.404875,6,221,0.63,2,0,0.61,0,0,0
USR4008,67,0,59835,333,71679,300000,1.1979443469541238,0.23893,3,544,0.7,1,0,0.98,2,0,0
USR7449,19,3,55763,29,1000,200000,0.017933038035973674,0.005,4,161,0.64,0,0,0.36,2,0,0
USR3357,43,3,7073,11,6643,100000,0.9392054290965643,0.06643,25,581,0.67,2,1,0.7,1,1,0
USR9115,69,1,21906,61,36944,500000,1.686478590340546,0.073888,13,488,0.95,0,0,0.97,0,0,0
USR3780,68,2,23098,68,28790,300000,1.2464282621872023,0.09596666666666667,6,543,0.41,2,0,0.35,0,0,0
USR8259,40,3,30813,342,40371,200000,1.3101937493914906,0.201855,2,431,0.72,3,0,0.24,2,1,0
USR5208,62,4,10237,182,8311,200000,0.8118589430497216,0.041555,4,50,0.65,0,0,0.52,2,0,0
USR4559,61,4,48413,124,49704,200000,1.0266663912585463,0.24852,1,537,0.73,2,0,0.32,1,0,0
USR6666,48,3,44819,340,101756,100000,2.2703764028648563,1.01756,8,545,0.99,1,0,0.03,2,0,0
USR7098,52,4,20573,203,18900,100000,0.9186798230690711,0.189,6,570,0.21,0,1,0.79,2,0,0
USR4038,40,1,51259,97,89803,500000,1.7519459997268771,0.179606,5,272,0.1,1,0,0.63,0,0,0
USR6123,64,4,5119,27,3032,300000,0.5923031842156671,0.010106666666666667,9,206,0.89,0,0,0.04,0,0,0
USR2962,48,2,7250,188,12143,100000,1.6748965517241379,0.12143,10,593,0.98,0,1,0.64,0,0,0
USR1687,53,1,51896,76,43219,200000,0.8328002158162479,0.216095,9,518,1.0,0,0,0.26,2,0,0
USR1414,25,2,58258,258,1530,300000,0.026262487555357206,0.0051,5,633,0.49,1,0,0.19,0,0,0
USR1007,61,3,11761,5,25129,200000,2.1366380409829095,0.125645,2,576,0.96,0,0,0.79,0,0,1
USR3695,25,1,57608,229,57019,500000,0.9897757255936676,0.114038,2,167,0.41,0,0,0.8,2,0,0
USR1820,43,1,51151,154,88981,200000,1.739574983871283,0.444905,5,581,0.06,0,1,0.54,0,0,0
USR9180,45,4,59006,269,122203,200000,2.071026675253364,0.611015,5,157,0.71,0,0,0.14,1,0,0
USR7902,34,0,59155,226,53072,300000,0.8971684557518383,0.17690666666666666,18,416,0.55,3,0,0.61,0,1,0
USR8258,66,0,26487,58,5492,500000,0.20734700041529808,0.010984,8,86,0.35,0,0,0.03,0,0,0
USR7039,20,4,6068,287,4996,500000,0.8233355306526038,0.009992,12,318,0.35,2,0,0.39,0,0,0
USR8505,39,2,10328,244,1829,200000,0.1770914020139427,0.009145,14,106,0.44,0,0,0.39,2,0,0
USR3536,26,1,27866,335,32249,100000,1.1572884518768392,0.32249,12,286,0.28,0,0,0.18,0,0,0
USR7566,68,1,31786,293,30346,100000,0.9546970364311332,0.30346,14,281,0.24,1,0,0.22,2,1,0
USR6484,42,1,11017,81,3709,500000,0.3366615231006626,0.007418,9,114,0.7,0,1,0.71,0,1,0
USR8142,45,3,40622,30,74526,300000,1.834621633597558,0.24842,14,591,0.86,1,0,0.69,0,1,1
USR5608,41,0,39663,19,59409,200000,1.4978443385523033,0.297045,17,595,0.23,0,0,0.88,0,0,0
USR2565,29,0,7676,27,9146,300000,1.1915059927045335,0.030486666666666665,5,651,0.15,1,0,0.28,1,0,0
USR4846,54,4,23307,324,41725,300000,1.790234693439739,0.13908333333333334,21,541,0.26,3,1,0.43,0,0,0
USR7710,19,1,16560,37,14667,100000,0.8856884057971014,0.14667,1,303,0.99,0,0,0.65,0,0,0
USR5941,41,1,35679,11,6484,300000,0.1817315507721629,0.02161333333333333,8,693,0.39,2,0,0.69,2,0,0
USR7135,69,3,14961,146,15181,100000,1.01470489940512,0.15181,6,453,0.41,2,0,0.54,2,0,0
USR4404,57,2,17182,341,22241,200000,1.2944360377138866,0.111205,5,396,0.79,1,0,0.58,2,0,0
USR9761,38,2,15441,18,28623,300000,1.8537011851564018,0.09541,0,162,0.85,1,0,0.62,0,0,0
USR8276,43,2,10384,350,11591,500000,1.1162365177195686,0.023182,18,634,0.65,2,0,0.28,2,0,0
USR7135,54,1,9275,79,5746,200000,0.6195148247978437,0.02873,9,614,0.78,1,0,0.52,0,1,0
USR3023,65,1,12525,256,15651,100000,1.2495808383233533,0.15651,1,362,0.71,1,1,0.14,2,1,0
USR4909,28,1,54765,254,37749,100000,0.6892906053136127,0.37749,10,191,1.0,0,0,0.48,2,0,0
USR1723,67,4,32742,169,13408,300000,0.4095046118135728,0.044693333333333335,11,153,0.92,0,0,0.76,1,0,0
USR2782,42,1,55147,325,1000,300000,0.018133352675576187,0.0033333333333333335,0,355,0.13,0,0,0.92,2,0,0
USR3101,51,2,17644,10,37047,200000,2.0996939469508047,0.185235,10,483,0.54,1,0,0.58,1,0,0
USR7151,69,1,51884,299,40804,500000,0.78644668876725,0.081608,7,415,0.37,3,1,0.57,0,0,0
USR2408,45,2,54595,143,5210,100000,0.09542998443080868,0.0521,3,327,0.77,0,0,0.39,0,0,0
USR9571,47,1,39644,346,48320,100000,1.2188477449298758,0.4832,2,137,0.68,1,0,0.08,1,1,0
USR1281,38,1,36331,275,34696,500000,0.9549971099061407,0.069392,0,504,0.05,0,1,0.77,0,0,0
USR8076,63,7,52939,149,34761,300000,0.6566236611949602,0.11587,1,222,0.51,1,0,0.03,0,0,0
USR3515,27,2,45871,312,85137,200000,1.8560092433127684,0.425685,22,398,0.46,0,0,0.3,0,1,0
USR5538,49,1,20592,257,10779,100000,0.523455710955711,0.10779,17,360,0.29,1,0,0.96,2,0,0
USR9490,32,2,51567,51,11683,200000,0.22655962146333897,0.058415,23,218,0.57,3,0,0.89,0,0,0
USR3071,51,2,20169,243,1329,500000,0.06589320243938718,0.002658,2,109,0.56,1,1,0.18,0,1,0
USR7588,28,2,34392,66,44565,300000,1.2957955338450802,0.14855,3,650,0.84,0,0,0.76,2,1,0
USR2774,21,2,38070,43,48873,100000,1.283766745468873,0.48873,18,39,0.55,0,0,0.16,2,1,0
USR6583,64,1,36327,164,62468,100000,1.7196024995182646,0.62468,7,87,0.59,1,0,0.1,0,0,0
USR3020,62,1,20882,187,48387,300000,2.3171631069820897,0.16129,4,373,0.38,0,0,0.47,0,0,0
USR7288,44,2,23737,276,24855,100000,1.0470994649702996,0.24855,3,58,0.17,0,0,0.26,0,0,0
USR8360,33,4,59215,182,91328,100000,1.5423119142109263,0.91328,26,247,0.58,2,0,0.58,0,0,0
USR9626,44,5,57224,163,87793,200000,1.5341989375087377,0.438965,10,188,0.53,1,0,0.13,0,1,0
USR7140,48,2,30013,209,38140,100000,1.2707826608469663,0.3814,12,537,0.22,0,0,0.82,2,0,0
USR3855,20,1,30461,145,35916,200000,1.1790814484094416,0.17958,14,573,0.24,2,0,0.5,2,0,0
USR5708,23,0,53582,334,30453,100000,0.5683438468142287,0.30453,8,501,0.9,2,0,0.92,1,0,0
USR4178,58,2,55822,223,114913,500000,2.0585611407688726,0.229826,21,9,0.02,0,1,0.65,1,0,0
USR2770,23,3,41837,38,48393,200000,1.1567033965150464,0.241965,7,405,0.29,0,0,0.92,0,0,0
USR8920,50,3,17912,220,18153,200000,1.0134546672621707,0.090765,19,499,0.21,0,0,0.75,1,0,0
USR8130,53,2,21796,272,14285,200000,0.655395485410167,0.071425,2,666,0.63,0,0,0.9,0,0,0
USR5393,27,1,33658,75,21035,100000,0.6249628617267812,0.21035,0,541,0.93,0,0,0.76,1,0,0
USR1850,32,3,18947,269,24664,300000,1.3017364226526627,0.08221333333333333,14,169,0.84,1,1,0.23,2,1,0
USR3337,35,2,46359,5,32424,500000,0.6994111175823464,0.064848,6,389,0.36,0,1,0.92,0,1,0
USR4257,70,2,19565,325,33543,100000,1.7144390493227704,0.33543,8,318,0.99,0,1,0.85,0,1,0
USR3073,55,3,5634,55,7750,100000,1.3755768548100817,0.0775,6,135,0.76,0,0,0.15,0,0,0
USR2211,50,1,52131,40,1000,200000,0.019182444227043408,0.005,9,96,0.48,1,0,0.51,0,1,0
USR5328,34,4,48841,53,64142,200000,1.313281873835507,0.32071,1,77,0.66,0,1,0.91,2,0,0
USR3468,38,1,17147,263,35965,300000,2.097451449233102,0.11988333333333333,11,14,0.85,0,0,0.24,0,0,0
USR5998,60,2,6743,6,1000,100000,0.14830194275545008,0.01,1,634,0.77,1,1,0.92,0,0,0
USR3357,55,0,40945,153,45762,200000,1.11764562217609,0.22881,9,303,1.0,1,1,0.34,1,0,0
USR7341,41,3,42819,26,5968,200000,0.13937737920082208,0.02984,0,479,0.92,3,0,0.37,2,0,0
USR5839,24,1,41685,236,34667,500000,0.8316420774859062,0.069334,4,402,0.87,3,0,0.85,2,0,0
USR5074,40,3,57668,224,49344,200000,0.8556565166123327,0.24672,4,110,0.36,0,0,0.8,0,1,0
USR5721,59,3,57384,256,65372,100000,1.1392025651749618,0.65372,0,32,0.84,0,0,0.87,2,1,0
USR7597,29,2,26861,68,32321,200000,1.203268679498157,0.161605,0,248,0.53,0,0,0.42,2,0,0
USR6775,62,4,12899,71,17358,200000,1.345685712070703,0.08679,16,410,0.95,1,0,0.97,1,1,0
USR1625,21,1,28807,140,17102,300000,0.5936751484014302,0.057006666666666664,4,486,0.15,2,0,0.51,0,0,0
USR7633,55,2,23101,359,20613,100000,0.8922990346738237,0.20613,18,33,0.28,1,0,0.31,1,0,0
USR4011,30,1,51530,314,58749,500000,1.1400931496215796,0.117498,5,578,0.49,3,0,0.51,0,1,0
USR3432,58,4,54888,242,47320,500000,0.8621192246028275,0.09464,13,234,0.24,3,1,0.26,0,0,0
USR9487,35,2,26802,170,15249,100000,0.5689500783523618,0.15249,12,644,0.05,0,1,0.57,2,0,0
USR5450,24,3,30937,210,17153,500000,0.5544493648382196,0.034306,1,190,0.33,1,0,0.28,0,0,0
USR3463,60,1,11670,203,1000,300000,0.0856898029134533,0.0033333333333333335,20,275,0.08,3,1,0.57,1,0,0
USR3108,31,2,50148,314,95774,100000,1.909826912339475,0.95774,13,442,0.87,0,0,0.57,1,0,0
USR8047,18,3,21260,169,25695,500000,1.2086077140169331,0.05139,13,66,0.58,1,0,0.43,2,0,0
USR6728,37,3,26996,192,13846,300000,0.5128907986368351,0.04615333333333333,1,126,0.93,1,0,0.91,0,0,0
USR5769,31,1,27779,334,24917,500000,0.8969725332085389,0.049834,3,244,0.52,3,0,0.86,0,0,0
USR5790,67,2,16031,85,4698,100000,0.29305720167176097,0.04698,5,614,0.64,0,0,0.35,2,0,0
USR7904,46,0,15900,85,14993,500000,0.9429559748427673,0.029986,1,578,0.38,0,1,0.83,2,0,0
USR6015,24,1,30257,155,18295,200000,0.604653468618832,0.091475,5,447,0.37,0,0,0.79,0,0,0
USR1370,35,3,41033,121,21605,300000,0.5265274291423976,0.07201666666666667,14,603,0.55,0,0,0.46,2,0,0
USR1001,39,3,50146,84,13053,100000,0.2602999242212739,0.13053,8,230,0.92,0,1,0.89,2,0,0
USR3722,63,2,57549,348,60507,500000,1.051399676797164,0.121014,4,644,0.21,3,1,0.79,2,0,0
USR7768,57,2,55966,156,23431,100000,0.418664903691527,0.23431,3,48,0.5,1,0,0.76,2,0,0
USR9723,38,0,24491,146,20732,300000,0.8465150463435548,0.06910666666666666,11,655,0.41,2,0,0.53,0,0,0
USR2611,21,3,23750,249,37340,200000,1.5722105263157895,0.1867,4,320,0.76,0,0,0.57,0,0,0
USR6386,53,1,37992,120,45178,200000,1.1891450831754053,0.22589,1,301,0.13,2,0,0.19,0,0,0
USR7824,45,0,16874,350,5958,200000,0.35308759037572596,0.02979,15,530,0.44,3,0,0.63,0,0,0
USR5554,52,5,10272,355,7947,200000,0.7736565420560748,0.039735,10,609,0.72,0,1,0.41,2,1,0
USR5334,47,3,9756,296,13093,500000,1.3420459204592046,0.026186,14,605,0.2,0,0,0.45,0,1,0
USR7028,56,2,26329,295,1000,100000,0.037980933571347186,0.01,15,6,0.06,0,1,0.97,1,0,0
USR2814,39,3,56308,107,67599,300000,1.200522128294381,0.22533,2,439,0.2,2,0,0.86,0,1,0
USR1587,52,1,12762,79,17264,200000,1.3527660241341481,0.08632,1,20,0.86,0,0,0.88,0,1,0
USR9010,70,3,10782,166,16983,200000,1.5751252086811351,0.084915,12,59,0.05,2,1,0.01,0,0,0
USR9303,45,1,51258,39,54637,100000,1.0659214171446407,0.54637,3,396,0.47,0,1,0.28,1,0,0
USR6556,34,1,6351,141,5345,200000,0.8415997480711699,0.026725,10,73,0.14,0,0,0.13,1,0,0
USR8999,50,1,26544,213,25611,200000,0.9648508137432188,0.128055,1,251,0.95,0,0,0.27,1,0,0
USR9757,66,1,20740,267,22300,200000,1.0752169720347156,0.1115,9,611,0.35,3,1,0.04,0,1,0
USR2030,56,4,58947,18,1000,500000,0.0169643917417341,0.002,10,487,0.41,0,0,0.94,1,1,0
USR5902,40,1,12574,194,1000,100000,0.0795291872117067,0.01,20,334,0.37,0,0,0.17,1,1,0
USR1289,55,3,36105,235,34605,500000,0.9584545076859161,0.06921,8,680,0.23,0,1,0.87,0,1,0
USR3766,65,2,43313,145,95757,300000,2.210814305173966,0.31919,1,484,0.14,0,0,0.76,0,0,0
USR3292,62,0,9903,133,4084,500000,0.41240028274260326,0.008168,3,146,0.69,0,0,0.71,1,1,0
USR6369,41,0,55479,19,48930,100000,0.8819553344508733,0.4893,13,97,0.48,2,1,0.17,1,0,0
USR1198,63,2,27113,92,1000,300000,0.03688267620698558,0.0033333333333333335,9,479,0.38,0,0,0.03,1,1,0
USR9133,58,3,18816,72,21691,200000,1.1527954931972788,0.108455,17,172,0.9,2,0,0.12,1,0,0
USR7460,21,2,48314,294,49199,500000,1.0183176718963447,0.098398,6,220,0.45,1,0,0.76,0,0,0
USR7094,55,0,44770,261,78443,200000,1.7521331248603975,0.392215,9,396,0.13,0,0,0.65,0,0,0
USR7618,25,0,50332,137,27853,100000,0.553385520146229,0.27853,9,422,0.44,3,1,0.25,1,0,0
USR9304,45,1,15615,320,12734,300000,0.8154979186679475,0.04244666666666667,9,472,0.09,3,0,0.3,0,0,0
USR3444,46,1,38203,68,23564,300000,0.6168101981519776,0.07854666666666667,2,248,0.38,0,0,0.99,0,0,0
USR6806,41,1,45128,28,57136,100000,1.2660875731253325,0.57136,0,315,0.91,3,0,0.3,0,0,0
USR6433,57,3,32599,101,12636,100000,0.3876192521242983,0.12636,5,621,0.9,1,0,0.15,2,0,0
USR1317,47,4,52407,205,60296,500000,1.1505333257007653,0.120592,14,123,0.17,2,0,0.87,0,0,0
USR6042,44,1,53341,71,90975,500000,1.7055360791886167,0.18195,6,80,0.1,2,1,0.14,0,0,0
USR5914,42,1,57291,82,42748,300000,0.7461555916287026,0.14249333333333333,5,650,0.56,0,0,0.21,2,0,0
USR6736,20,1,59969,22,15255,100000,0.2543814304057096,0.15255,1,328,0.11,3,1,0.58,1,0,0
USR7790,40,4,11960,135,7408,100000,0.6193979933110368,0.07408,16,485,0.75,0,0,0.58,0,0,0
USR2159,20,2,27051,194,19082,100000,0.705408302835385,0.19082,1,118,0.26,1,0,0.56,2,0,0
USR8905,60,2,46919,337,101704,200000,2.1676506319401523,0.50852,8,472,0.35,0,0,0.3,0,0,0
USR1332,38,1,55007,144,35314,500000,0.6419910193248132,0.070628,5,425,0.18,0,0,0.82,0,0,0
USR4525,40,3,31305,210,5837,100000,0.18645583772560295,0.05837,5,348,0.35,0,0,0.02,0,0,0
USR3438,23,1,15485,211,10382,100000,0.6704552793025509,0.10382,12,439,0.16,1,0,0.69,1,0,0
USR3778,20,0,48766,77,71368,300000,1.4634786531599886,0.23789333333333335,17,564,0.48,1,0,0.1,2,0,0
USR7226,67,2,19026,140,23742,500000,1.2478713339640493,0.047484,12,321,0.29,0,0,0.53,1,0,0
USR2032,19,0,34791,149,42531,500000,1.2224713287919289,0.085062,15,145,0.17,3,0,0.17,0,0,0
USR2041,67,3,5072,222,5480,300000,1.0804416403785488,0.018266666666666667,5,471,0.95,0,0,0.08,2,0,0
USR7440,59,2,42030,190,10591,500000,0.2519866761836783,0.021182,10,423,0.74,1,1,0.05,2,0,0
USR9353,59,1,25815,221,4077,300000,0.157931435212086,0.01359,13,420,0.1,0,1,0.87,0,0,0
USR1077,67,1,48137,357,47561,500000,0.9880341525230073,0.095122,19,185,0.09,1,0,0.74,1,0,0
USR9396,39,1,5376,123,6570,300000,1.2220982142857142,0.0219,7,61,0.89,1,0,0.5,0,0,0
USR2210,44,4,13801,261,20103,500000,1.456633577277009,0.040206,11,19,0.15,1,0,0.66,2,0,0
USR9677,63,2,5108,349,6029,200000,1.1803054032889584,0.030145,4,257,0.0,0,0,0.25,0,0,0
USR3158,48,2,34581,339,20264,500000,0.5859865243920072,0.040528,13,690,0.08,0,0,0.49,1,0,0
USR9256,49,0,17021,36,16298,500000,0.957523059749721,0.032596,27,492,0.0,0,1,0.35,2,0,0
USR6553,61,0,12150,204,19153,200000,1.5763786008230454,0.095765,10,403,0.98,1,0,0.13,0,1,0
USR6345,50,1,21363,141,11980,500000,0.5607826616111969,0.02396,9,683,0.56,0,1,0.73,1,0,0
USR6168,40,3,5352,181,7771,200000,1.4519805680119582,0.038855,10,561,0.33,3,1,0.71,0,0,0
USR1608,34,2,6170,335,9937,200000,1.6105348460291735,0.049685,1,47,0.09,0,1,0.87,1,0,0
USR6678,47,5,47193,335,16027,300000,0.3396054499607993,0.05342333333333334,7,691,0.21,0,0,0.12,1,1,0
USR7245,34,1,46204,53,85485,100000,1.8501644879231236,0.85485,7,281,0.53,2,0,0.71,0,0,0
USR3857,33,3,25547,333,35048,500000,1.3719027674482327,0.070096,6,363,0.4,1,0,0.56,0,0,0
USR6046,70,2,52827,183,60215,500000,1.1398527268252976,0.12043,5,458,0.45,1,0,0.63,0,0,0
USR9112,18,3,49340,256,74426,500000,1.5084312930685042,0.148852,5,660,0.72,3,0,0.13,2,0,0
USR3401,69,4,56198,275,94529,300000,1.6820705363180184,0.3150966666666667,12,288,0.54,0,1,0.15,0,0,0
USR7600,44,4,40232,95,1000,500000,0.024855836150328096,0.002,6,194,0.46,1,0,0.12,0,0,0
USR5957,20,1,30990,305,34047,500000,1.0986447241045498,0.068094,4,693,0.65,3,0,0.51,2,0,0
USR8750,48,4,36946,178,28090,300000,0.7602988144860066,0.09363333333333333,3,66,0.04,1,0,0.09,1,0,0
USR7862,68,2,23584,103,27753,200000,1.1767723880597014,0.138765,7,317,0.85,0,0,0.24,0,0,0
USR4418,50,4,19860,106,16442,100000,0.8278952668680766,0.16442,7,333,0.76,2,1,0.97,0,0,0
USR6139,33,0,42655,210,76689,300000,1.7978900480600164,0.25563,11,391,0.47,1,1,0.6,0,0,0
USR6281,51,1,41425,9,57387,300000,1.3853228726614364,0.19129,8,448,0.93,1,0,0.99,1,0,0
USR4145,41,2,34398,364,1000,500000,0.029071457642886215,0.002,4,628,0.94,3,1,0.74,1,0,0
USR8332,40,3,37190,191,39784,300000,1.0697499327776283,0.13261333333333333,18,147,0.25,1,1,0.64,1,0,0
USR8856,36,1,44796,131,25091,200000,0.5601169747298866,0.125455,0,618,0.63,0,0,0.06,0,1,0
USR4513,64,2,41285,353,19146,500000,0.4637519680271285,0.038292,18,45,0.38,2,0,0.65,2,0,0
USR4907,25,4,33598,39,18671,500000,0.5557176022382284,0.037342,6,591,0.91,0,1,0.67,0,0,0
USR9032,67,3,22446,204,45075,200000,2.008152900294039,0.225375,12,300,0.27,2,1,0.26,0,0,0
USR6046,33,4,42996,51,5711,300000,0.13282630942413248,0.019036666666666667,4,199,0.5,0,0,0.72,0,0,0
USR7814,22,0,30032,292,30291,100000,1.0086241342567928,0.30291,2,28,0.57,3,0,0.76,2,0,0
USR9033,25,2,19794,226,17800,100000,0.8992624027483076,0.178,11,484,0.27,0,1,0.41,2,0,0
USR7676,63,2,32982,206,21603,200000,0.6549936328906676,0.108015,0,177,0.36,2,0,0.88,0,0,0
USR5526,54,4,53599,239,89693,100000,1.6734080859717533,0.89693,4,168,0.45,2,0,0.78,0,1,0
USR9323,51,1,55411,83,36047,500000,0.6505387017018281,0.072094,4,107,0.48,0,0,0.57,0,1,0
USR7595,32,1,12145,365,11750,100000,0.9674763277068753,0.1175,4,582,0.91,0,0,0.51,2,0,0
USR5175,49,3,16007,57,18335,100000,1.1454363715874305,0.18335,7,209,0.37,1,1,0.43,0,0,0
USR8789,43,1,41028,204,34721,100000,0.8462757141464365,0.34721,1,635,0.26,0,1,0.39,1,0,0
USR6200,56,1,18556,325,12920,100000,0.6962707480060358,0.1292,12,126,0.04,0,1,0.45,0,0,0
USR3228,67,3,58106,317,39233,300000,0.6751970536605514,0.13077666666666668,1,29,0.29,0,0,0.12,0,0,0
USR1265,48,4,30218,79,51365,300000,1.6998146799920577,0.17121666666666666,10,442,0.04,1,0,0.65,0,0,0
USR2241,27,2,13759,136,14629,100000,1.0632313394868813,0.14629,10,360,0.81,0,0,0.54,1,0,0
USR8456,28,1,42839,119,64054,500000,1.49522631247228,0.128108,2,93,0.83,2,0,0.39,0,1,0
USR5500,59,2,45055,115,10381,500000,0.23040727999112195,0.020762,0,429,0.04,3,0,0.53,1,0,0
USR1303,30,3,53338,157,110377,500000,2.0693876785781242,0.220754,22,627,0.49,1,0,0.95,0,0,0
USR1130,69,1,58144,202,72281,500000,1.2431377270225648,0.144562,28,123,0.47,3,0,0.36,0,0,0
USR3316,52,4,39692,297,66584,500000,1.6775168799758138,0.133168,10,302,0.24,3,0,0.91,0,0,0
USR3466,58,2,51359,131,76931,200000,1.4979068907104889,0.384655,3,466,0.65,0,0,0.32,0,0,0
USR7724,40,5,48996,125,61093,300000,1.2468977059351785,0.20364333333333334,14,64,0.28,0,0,0.65,1,0,0
USR7199,70,2,57552,108,53513,100000,0.9298199888796219,0.53513,29,680,0.95,1,0,0.13,0,0,0
USR4920,40,0,49614,21,48721,100000,0.9820010480912645,0.48721,10,463,0.1,0,0,0.06,0,0,0
USR2514,25,1,44073,111,45004,500000,1.0211240441993965,0.090008,6,367,0.41,0,0,0.58,0,0,0
USR8994,63,2,9187,131,2905,500000,0.3162076847719604,0.00581,8,81,0.77,1,0,1.0,0,0,0
USR1287,22,2,12645,73,7421,500000,0.5868722815342032,0.014842,3,149,0.82,0,0,0.5,2,0,0
USR1151,66,2,5472,6,3347,300000,0.6116593567251462,0.011156666666666667,6,331,0.87,2,0,0.93,2,0,0
USR9799,19,0,25839,338,37132,500000,1.4370525175122877,0.074264,14,342,0.78,3,0,0.2,2,0,0
USR8440,54,1,44319,194,27931,100000,0.6302263137706176,0.27931,2,560,0.18,0,1,0.93,1,0,0
USR5231,33,2,56061,229,70163,100000,1.2515474215586593,0.70163,2,326,0.07,0,0,0.88,1,0,0
USR7422,34,0,45158,258,8265,200000,0.1830240488949909,0.041325,18,88,0.67,1,1,0.2,1,0,0
USR5295,47,3,19271,18,17706,200000,0.918789891546884,0.08853,2,612,0.06,0,0,0.03,1,0,0
USR6642,51,0,47587,248,58253,300000,1.2241368440960767,0.19417666666666666,0,452,0.49,0,0,0.82,1,0,0
USR6473,29,1,27715,76,5117,300000,0.18462926213241926,0.017056666666666668,0,28,0.82,1,0,0.05,0,0,0
USR3387,65,4,44636,205,66228,100000,1.483735101711623,0.66228,7,142,0.18,0,0,0.62,2,0,0
USR2827,42,0,52458,96,37606,200000,0.716878264516375,0.18803,8,233,0.34,0,0,0.07,0,0,0
USR6546,38,2,10822,155,7756,300000,0.7166882276843467,0.025853333333333332,6,76,0.14,0,0,0.49,0,0,0
USR3105,69,5,36219,247,45255,100000,1.2494823159115382,0.45255,3,474,0.46,0,1,0.02,0,0,0
USR4846,33,3,42544,31,35446,100000,0.8331609627679579,0.35446,1,693,0.34,1,0,0.84,0,1,0
USR6832,53,1,29791,265,27182,100000,0.9124232150649525,0.27182,13,32,0.03,0,0,0.59,1,0,0
USR5620,63,2,33986,216,64445,200000,1.8962219737538986,0.322225,17,127,0.52,3,0,0.86,2,0,0
USR6386,27,2,40884,357,57736,300000,1.4121905880050876,0.19245333333333334,6,385,0.68,2,1,0.46,0,0,0
USR1722,65,0,28709,28,7649,100000,0.2664321292974329,0.07649,2,93,0.71,0,0,0.4,1,0,0
USR8061,66,0,51758,48,49297,100000,0.9524517948916109,0.49297,1,270,0.35,0,1,0.56,0,0,0
USR5560,59,1,10553,331,9916,300000,0.9396380176253198,0.03305333333333333,4,325,0.87,0,0,0.91,1,1,0
USR8548,52,1,34295,248,20471,200000,0.5969091704330077,0.102355,12,198,0.95,1,0,0.81,0,1,0
USR3927,48,2,42554,129,37816,500000,0.888659115476806,0.075632,5,488,0.57,0,1,0.12,2,0,0
USR6713,54,2,41946,298,19146,300000,0.4564439994278358,0.06382,7,120,0.79,0,1,0.54,2,1,0
USR9724,57,0,58179,234,56694,200000,0.9744753261486103,0.28347,8,462,0.12,1,0,0.1,2,1,0
USR1250,18,0,58254,198,50514,500000,0.8671335873931404,0.101028,2,457,0.65,2,0,0.18,0,0,0
USR5309,43,3,38516,222,1000,100000,0.02596323605774224,0.01,1,431,1.0,1,0,0.86,2,1,0
USR2181,65,2,52949,115,37849,500000,0.7148199210561106,0.075698,12,496,0.75,2,0,0.76,1,0,0
USR5838,63,2,9758,69,7238,200000,0.7417503586800573,0.03619,15,94,0.24,0,0,0.56,0,0,0
USR8900,20,1,55709,147,16418,500000,0.2947100109497568,0.032836,20,469,0.69,1,0,0.49,0,0,0
USR2857,41,1,19084,16,42708,300000,2.237895619367009,0.14236,2,530,0.51,1,0,0.87,0,1,1
USR1104,25,2,15623,227,20424,300000,1.307303334826858,0.06808,19,521,0.17,2,1,0.77,0,1,0
USR5466,26,5,46187,117,60313,100000,1.3058436356550545,0.60313,11,207,0.1,1,0,0.81,0,1,0
USR4535,24,3,16544,251,21115,500000,1.2762935203094778,0.04223,14,60,0.13,0,0,0.62,2,1,0
USR6939,46,5,54520,147,67461,200000,1.237362435803375,0.337305,18,527,0.21,0,0,0.88,1,0,0
USR4874,52,1,32830,131,17662,300000,0.5379835516296071,0.05887333333333333,23,635,0.15,3,1,0.15,1,0,0
USR6155,41,2,52400,326,93540,200000,1.785114503816794,0.4677,0,494,0.53,3,0,0.43,1,1,0
USR6971,63,3,38537,20,3190,300000,0.08277759036769858,0.010633333333333333,15,188,0.5,1,0,0.54,0,1,0
USR1383,41,5,42168,146,78066,200000,1.8513090495162208,0.39033,0,70,0.61,3,0,0.6,2,0,0
USR7737,66,0,16665,162,17856,300000,1.0714671467146715,0.05952,11,642,0.69,1,0,0.09,2,1,0
USR1841,39,1,41045,288,68398,100000,1.6664149104641248,0.68398,3,64,0.1,0,0,0.74,2,1,0
USR2073,32,3,35373,78,28533,200000,0.8066321770842168,0.142665,3,402,0.06,1,1,0.89,0,0,0
USR2593,18,0,36559,295,30927,500000,0.8459476462704122,0.061854,1,527,0.14,0,1,0.09,0,1,0
USR8883,38,1,41019,54,27935,200000,0.6810258660620688,0.139675,3,356,0.57,3,0,0.36,1,0,0
USR7314,31,3,52548,41,77475,100000,1.474366293674355,0.77475,0,88,0.25,1,0,0.4,2,0,0
USR7248,64,1,58025,58,91020,500000,1.5686342093925032,0.18204,4,222,0.39,0,0,0.42,0,0,0
USR8768,64,2,43448,7,29996,500000,0.6903885104032407,0.059992,11,46,0.16,3,0,0.73,2,0,0
USR8529,29,4,37911,304,13646,500000,0.35994829996570915,0.027292,5,432,0.21,0,0,0.54,0,0,0
USR7650,49,3,24675,91,21923,500000,0.8884701114488348,0.043846,8,480,0.38,0,1,0.89,1,0,0
USR9270,68,3,52976,337,45017,100000,0.849762156448203,0.45017,6,89,0.45,0,0,0.08,0,0,0
USR5223,45,4,27704,132,1000,200000,0.036095870632399656,0.005,3,237,0.82,1,0,0.96,1,0,0
USR5942,61,3,45999,288,18536,500000,0.40296528185395336,0.037072,13,649,0.09,2,0,0.87,0,0,0
USR2845,56,1,48216,8,39582,300000,0.8209308113489299,0.13194,4,532,0.43,2,0,0.41,2,1,0
USR9949,44,2,8133,250,1000,500000,0.12295585884667404,0.002,14,598,0.71,1,0,0.02,0,0,0
USR3505,29,1,28429,91,63917,100000,2.248302789405185,0.63917,8,536,0.17,0,0,0.6,2,0,0
USR9399,55,4,24538,12,1000,200000,0.04075311761349743,0.005,2,477,0.51,0,0,0.09,0,0,0
USR4481,55,5,19906,53,19771,300000,0.9932181251883854,0.06590333333333333,0,615,0.33,0,1,0.41,0,1,0
USR6760,50,4,6513,111,7674,200000,1.1782588668816214,0.03837,17,125,0.05,3,0,0.52,2,1,0
USR1516,48,1,31608,74,37041,200000,1.1718868640850417,0.185205,6,448,0.29,1,0,0.62,0,0,0
USR2600,53,2,39814,67,67150,200000,1.686592655849701,0.33575,6,31,0.32,1,0,0.44,0,1,0
USR3711,37,0,43933,26,12515,200000,0.28486559078596957,0.062575,6,652,0.57,0,0,0.73,0,0,0
USR8209,35,2,53145,155,60911,300000,1.1461285163232666,0.20303666666666667,10,165,0.52,1,0,0.62,1,1,0
USR9702,36,3,46409,140,102519,300000,2.2090327307203346,0.34173,3,587,0.9,0,1,0.38,0,0,0
USR8495,57,2,55472,21,58345,300000,1.0517918950100953,0.19448333333333334,2,454,0.35,2,1,0.1,0,0,0
USR8706,58,0,34725,282,27499,100000,0.7919078473722102,0.27499,4,334,0.77,0,0,0.41,1,0,0
USR4969,56,4,36578,51,9954,300000,0.2721307889988518,0.03318,4,187,0.8,0,0,0.36,0,1,0
USR8937,70,1,32276,225,43622,200000,1.3515305490147478,0.21811,9,52,0.54,0,0,0.84,0,0,0
USR4396,61,0,11165,347,7689,200000,0.6886699507389162,0.038445,14,160,0.65,3,1,0.35,1,0,0
USR2011,39,3,46553,310,67191,100000,1.4433226644899362,0.67191,6,151,0.43,1,0,0.31,2,0,0
USR1065,18,1,56047,20,67868,500000,1.2109122700590575,0.135736,1,327,0.63,1,1,0.11,2,0,0
USR5855,52,3,19996,278,30521,200000,1.5263552710542108,0.152605,10,607,0.33,0,0,0.56,0,0,0
USR9147,63,1,19874,152,9808,300000,0.49350910737647175,0.03269333333333333,16,532,0.91,1,0,0.49,2,1,0
USR8023,45,1,51028,175,31904,500000,0.6252253664654699,0.063808,7,430,0.81,1,0,0.17,0,0,0
USR7924,32,4,45159,201,24638,300000,0.5455833831572887,0.08212666666666667,7,287,0.85,0,0,0.11,1,0,0
USR4368,45,2,23304,60,20634,200000,0.885427394438723,0.10317,8,484,0.54,0,0,0.41,1,0,0
USR8111,61,2,34447,231,14802,300000,0.4297036026359335,0.04934,10,280,0.5,1,1,0.74,2,0,0
USR6900,47,5,15520,204,12971,200000,0.8357603092783505,0.064855,3,635,0.65,0,1,0.75,0,0,0
USR2427,67,5,24394,6,34994,100000,1.4345330819053865,0.34994,1,119,0.95,0,0,0.57,0,0,0
USR7001,21,3,23434,277,34578,300000,1.475548348553384,0.11526,1,136,0.38,1,0,0.52,2,0,0
USR6555,43,2,25946,174,36810,500000,1.4187157943420952,0.07362,5,371,0.37,1,1,0.68,0,0,0
USR7057,52,2,25128,236,8044,200000,0.3201209805794333,0.04022,0,677,0.8,0,0,0.52,0,0,0
USR9776,39,3,32330,268,7322,200000,0.22647695638725643,0.03661,3,77,0.76,1,0,0.67,0,1,0
USR1244,26,1,45986,332,67855,500000,1.4755577784543121,0.13571,9,634,0.33,1,1,0.85,0,0,0
USR4549,58,1,10054,294,9639,100000,0.9587228963596578,0.09639,12,577,0.96,1,0,0.54,0,0,0
USR5458,62,2,11106,100,5021,500000,0.4520979650639294,0.010042,11,592,0.54,1,0,0.29,1,0,0
USR8974,20,2,7382,185,3594,500000,0.48685992955838525,0.007188,12,424,0.25,1,0,0.82,0,0,0
USR6943,48,0,12413,350,2838,500000,0.22863127366470637,0.005676,0,322,0.37,3,1,0.45,1,0,0
USR7818,55,1,30025,25,39272,200000,1.307976686094921,0.19636,4,102,0.62,1,0,0.44,0,0,0
USR7242,33,3,54938,57,57825,500000,1.0525501474389312,0.11565,2,501,0.54,0,1,0.06,0,0,0
USR8835,52,2,22389,213,22147,200000,0.9891911206395998,0.110735,6,621,0.26,0,0,0.37,2,0,0
USR4595,69,0,15420,119,11386,200000,0.7383916990920882,0.05693,13,574,0.13,1,1,0.51,1,0,0
USR4747,65,1,33794,42,15400,200000,0.4557021956560336,0.077,17,546,0.8,1,0,0.17,1,0,0
USR4174,46,1,45390,337,49180,300000,1.0834985679665123,0.16393333333333332,5,338,0.8,2,0,0.34,0,0,0
USR8961,65,2,17499,352,14462,200000,0.826447225555746,0.07231,10,645,0.22,0,1,0.07,0,0,0
USR5855,54,3,23934,203,36599,100000,1.5291635330492186,0.36599,9,225,0.88,3,0,0.56,0,0,0
USR2730,67,2,57984,253,43029,300000,0.742084023178808,0.14343,5,172,0.03,0,0,0.35,2,0,0
USR6322,66,2,11747,321,11235,300000,0.9564144036775347,0.03745,7,695,0.07,0,0,0.29,0,0,0
USR4253,52,3,39187,196,26525,500000,0.6768826396509047,0.05305,0,246,0.23,1,1,0.48,0,0,0
USR2735,45,2,48721,162,14503,500000,0.29767451406990825,0.029006,8,172,0.11,0,0,0.35,2,1,0
USR5766,44,0,24175,215,42500,300000,1.7580144777662874,0.14166666666666666,4,23,0.52,1,0,0.24,0,0,0
USR5630,18,1,8372,203,12059,500000,1.4403965599617774,0.024118,8,619,0.26,1,0,0.58,0,1,0
USR1568,19,2,8120,58,8763,300000,1.0791871921182266,0.02921,5,541,0.96,3,0,0.13,2,1,0
USR1179,38,2,16108,184,9318,300000,0.5784703253041966,0.03106,3,632,0.91,0,0,0.98,2,0,0
USR2195,43,0,27567,256,49105,200000,1.7812964776725795,0.245525,1,189,0.53,1,0,0.79,0,0,0
USR2919,65,1,6681,211,1000,100000,0.149678191887442,0.01,10,313,0.93,0,0,0.82,0,0,0
USR2672,68,1,12555,102,5606,100000,0.4465153325368379,0.05606,1,682,0.81,0,1,0.91,1,0,0
USR1250,18,0,34844,20,59264,500000,1.7008380208931237,0.118528,11,220,0.19,1,0,0.1,0,0,0
USR8744,61,4,30570,240,36874,100000,1.2062152437029767,0.36874,3,365,0.23,2,0,0.77,0,0,0
USR3104,61,4,41411,87,26073,200000,0.6296153196010722,0.130365,6,287,0.91,0,0,0.95,1,0,0
USR2204,61,3,27928,235,23969,500000,0.8582426238900028,0.047938,5,150,0.17,1,0,0.22,2,0,0
USR9105,20,1,36155,239,25672,200000,0.7100539344489005,0.12836,4,468,0.61,3,0,0.45,1,0,0
USR4565,19,1,16523,248,5926,200000,0.3586515765902076,0.02963,3,442,0.11,2,0,0.61,0,0,0
USR1709,31,3,8433,184,6277,200000,0.744337720858532,0.031385,21,336,0.82,0,0,0.73,0,0,0
USR3633,45,3,47972,151,85495,100000,1.782185441507546,0.85495,6,547,0.21,0,0,0.13,1,0,0
USR1770,34,1,45343,171,59948,100000,1.32210043446618,0.59948,4,65,0.02,1,0,0.45,0,0,0
USR5488,47,4,36806,283,32214,100000,0.8752377329783187,0.32214,14,283,0.46,0,0,0.13,0,0,0
USR1659,50,0,41295,71,57359,200000,1.3890059329216613,0.286795,6,156,0.69,1,0,0.47,1,0,0
USR9100,64,4,14693,340,18804,200000,1.279793098754509,0.09402,13,231,0.33,0,0,0.16,1,1,0
USR6586,63,3,10966,29,18699,300000,1.7051796461790991,0.06233,11,696,0.47,0,0,0.55,0,0,0
USR3200,24,3,51707,51,48195,300000,0.9320788287852708,0.16065,8,485,0.63,0,1,0.69,2,0,0
USR8575,54,1,8932,338,13712,100000,1.535154500671742,0.13712,2,529,0.63,3,0,0.79,1,0,0
USR9763,51,1,41365,310,39571,200000,0.9566300012087514,0.197855,9,655,0.42,3,0,0.91,0,0,0
USR6946,33,3,24056,126,12297,200000,0.5111822414366478,0.061485,6,32,0.07,0,0,0.94,0,0,0
USR7133,25,1,25230,251,8158,100000,0.32334522393975423,0.08158,10,17,0.3,0,0,0.48,2,0,0
USR9316,64,1,27417,230,17663,200000,0.6442353284458547,0.088315,11,592,0.86,1,0,0.54,2,1,0
USR5634,25,3,56038,324,56907,100000,1.0155073343088619,0.56907,2,525,0.55,0,0,0.93,1,0,0
USR6324,21,3,5757,88,6325,100000,1.0986624978287303,0.06325,4,622,0.63,0,0,0.54,2,0,0
USR7870,30,3,42861,99,68398,500000,1.595809710459392,0.136796,23,169,0.15,0,0,0.29,1,0,0
USR2946,65,4,35586,255,43076,500000,1.2104760298993986,0.086152,5,520,0.09,2,0,0.52,0,0,0
USR9513,42,2,12361,302,18630,100000,1.507159614917887,0.1863,4,551,0.5,0,0,0.27,0,1,0
USR6151,20,2,21737,183,41887,300000,1.9269908451028201,0.13962333333333332,6,321,0.57,1,1,0.35,2,0,0
USR3733,59,0,6486,68,7272,300000,1.1211840888066604,0.02424,4,401,0.68,0,0,0.39,0,0,0
USR9974,40,1,7668,127,15054,100000,1.9632237871674492,0.15054,0,120,0.53,3,1,0.63,2,1,0
USR5999,70,2,34839,137,1000,300000,0.028703464508166136,0.0033333333333333335,2,405,0.09,0,0,0.23,0,1,0
USR5344,50,4,35611,181,67876,100000,1.9060402684563758,0.67876,4,242,0.56,2,0,0.66,0,0,0
USR6579,53,1,25403,105,20305,300000,0.7993150415305279,0.06768333333333333,3,539,0.84,3,0,0.77,0,0,0
USR1533,60,3,20447,235,21834,200000,1.0678339120653397,0.10917,8,385,0.81,1,0,0.13,0,1,0
USR9150,61,3,16048,259,9697,500000,0.6042497507477568,0.019394,6,432,0.39,3,0,0.92,2,0,0
USR9832,47,3,42299,267,8670,300000,0.20496938461902173,0.0289,2,512,0.86,1,1,0.87,1,0,0
USR8144,65,1,55096,285,37347,500000,0.6778532016843328,0.074694,11,258,0.06,0,0,0.09,0,0,0
USR4192,39,3,26943,288,13129,300000,0.48728797832461124,0.043763333333333335,11,108,0.25,1,0,0.36,0,0,0
USR6542,48,3,14621,309,19684,100000,1.3462827439983585,0.19684,5,12,0.5,1,0,0.24,1,1,0
USR7565,70,0,42436,238,61336,200000,1.4453765670656988,0.30668,13,362,0.9,2,0,0.75,2,0,0
USR2919,48,2,23515,199,14972,500000,0.6366999787369764,0.029944,7,207,0.81,1,0,0.83,0,1,0
USR7842,37,3,34597,351,56308,300000,1.6275399601121485,0.18769333333333332,7,80,0.02,0,0,0.12,2,0,0
USR8881,40,2,10085,166,18965,500000,1.8805156172533466,0.03793,21,476,0.52,1,1,0.09,1,0,0
USR1424,61,3,32412,164,44309,500000,1.3670554115759594,0.088618,5,491,0.26,0,0,0.99,2,0,0
USR3488,69,2,11081,54,15339,300000,1.3842613482537678,0.05113,12,365,0.78,2,0,0.32,2,0,0
USR7481,65,2,33082,114,50044,500000,1.5127259536908289,0.100088,16,530,0.65,0,0,0.41,0,1,0
USR2856,39,0,10227,136,14462,100000,1.4140999315537304,0.14462,16,249,0.7,2,0,0.06,0,0,0
USR3170,64,3,39232,74,1000,100000,0.025489396411092987,0.01,14,608,0.55,1,0,0.88,0,1,0
USR9843,21,4,11487,245,4509,300000,0.3925306868634108,0.01503,1,684,0.22,0,1,0.82,0,0,0
USR7621,55,1,20558,172,10456,200000,0.5086097869442553,0.05228,3,154,0.4,3,1,0.55,0,0,0
USR4271,42,0,17932,232,12493,500000,0.696687486058443,0.024986,12,39,0.27,0,0,0.56,0,0,0
USR3499,58,2,13836,191,34391,300000,2.485617230413414,0.11463666666666666,2,206,0.97,1,1,0.89,1,0,1
USR2548,30,2,39768,60,1000,200000,0.025145845906256285,0.005,5,25,0.47,2,0,0.62,2,0,0
USR9444,48,1,15935,38,7817,500000,0.49055538123627235,0.015634,13,327,0.48,2,0,0.94,1,1,0
USR1557,67,3,22817,244,34809,500000,1.5255730376473682,0.069618,2,62,0.46,1,0,0.58,0,0,0
USR8188,62,1,29759,175,27255,300000,0.9158573876810376,0.09085,12,380,0.87,3,0,0.42,0,1,0
USR9073,58,2,46376,275,26903,200000,0.5801060893565637,0.134515,30,129,0.07,1,0,0.84,2,0,0
USR7194,70,1,6972,202,9348,100000,1.3407917383820998,0.09348,3,530,0.64,0,0,0.92,0,0,0
USR7401,64,1,37164,176,27482,200000,0.739479065762566,0.13741,15,670,0.13,1,1,0.69,0,1,0
USR5465,70,2,39743,77,17030,500000,0.4285031326271293,0.03406,4,209,0.79,1,0,0.13,2,0,0
USR8207,44,3,13425,28,11523,300000,0.8583240223463687,0.03841,1,356,0.22,0,0,0.22,0,0,0
USR3370,38,1,13456,209,12965,300000,0.9635107015457788,0.04321666666666667,6,37,0.58,0,0,0.75,1,0,0
USR9786,53,4,21965,30,11183,100000,0.509128158433872,0.11183,9,195,0.32,0,1,0.52,0,1,0
USR5978,50,0,39092,339,61520,100000,1.5737235239946792,0.6152,7,179,0.21,1,0,0.25,2,1,0
USR3171,55,3,14480,112,20407,100000,1.4093232044198896,0.20407,13,28,0.43,1,0,0.14,0,0,0
USR8465,22,2,32467,88,16383,300000,0.5046046755166784,0.05461,4,193,0.73,0,1,0.07,0,1,0
USR7605,65,2,37962,246,31915,300000,0.8407091301828143,0.10638333333333333,3,467,0.64,1,1,0.32,1,0,0
USR9678,49,2,40892,291,15991,300000,0.39105448498483814,0.053303333333333335,9,558,0.47,3,1,0.66,2,0,0
USR4074,70,1,24229,338,14277,300000,0.5892525485987866,0.04759,3,216,0.36,1,0,0.04,1,0,0
USR8691,62,5,5869,41,14391,200000,2.452036121996933,0.071955,11,505,0.51,0,0,0.82,0,1,1
USR8751,23,1,56126,277,33426,300000,0.5955528632006557,0.11142,5,598,0.86,3,0,0.01,0,1,0
USR1967,22,4,51392,101,67907,300000,1.321353518057285,0.22635666666666668,6,408,0.49,2,0,0.84,0,1,0
USR8191,46,3,11255,292,13692,100000,1.216525988449578,0.13692,12,38,0.74,0,0,0.7,2,0,0
USR1005,56,1,36699,330,53581,100000,1.4600125344014823,0.53581,17,55,0.58,0,0,0.65,1,0,0
USR6253,50,2,15847,346,18458,200000,1.1647630466334322,0.09229,7,659,0.06,1,0,0.76,2,0,0
USR5174,51,0,44547,13,31374,300000,0.7042898511684289,0.10458,8,199,0.76,3,0,0.44,0,0,0
USR6518,61,1,59823,4,36882,500000,0.6165187302542501,0.073764,11,257,0.58,0,0,0.31,1,1,0
USR6991,64,1,56175,69,95669,300000,1.7030529595015576,0.31889666666666666,8,662,0.47,0,1,0.83,0,0,0
USR5642,25,0,7585,364,15697,500000,2.069479235332894,0.031394,2,192,0.5,0,0,0.11,2,1,0
USR9769,35,2,33968,114,45306,300000,1.3337847385774846,0.15102,4,123,0.65,2,1,0.85,0,0,0
USR5466,42,2,21338,127,15990,300000,0.7493673258974599,0.0533,16,580,0.21,0,0,0.74,0,0,0
USR3405,39,3,35538,121,58759,500000,1.6534132477910968,0.117518,12,665,0.7,0,0,0.55,1,0,0
USR7840,51,1,8764,250,10901,200000,1.2438384299406664,0.054505,2,358,0.49,0,1,0.18,0,1,0
USR6777,19,3,56615,172,20457,300000,0.3613353351585269,0.06819,7,185,0.94,1,0,0.43,2,0,0
USR9117,25,3,45361,163,73542,100000,1.621260554220586,0.73542,16,258,0.69,1,0,0.43,0,1,0
USR9321,41,0,55029,125,9791,300000,0.17792436715186538,0.03263666666666667,16,288,0.53,0,0,0.63,0,1,0
USR7982,66,3,45044,84,50903,500000,1.1300728176893704,0.101806,11,430,0.22,1,0,0.52,1,0,0
USR8448,42,1,20761,111,22378,100000,1.0778864216559896,0.22378,2,421,0.45,0,1,0.64,0,0,0
USR7890,62,2,33787,310,47551,200000,1.4073756178411816,0.237755,6,102,0.04,0,1,0.87,0,0,0
USR6038,60,2,24199,27,9343,100000,0.38609033431133516,0.09343,16,5,0.12,2,0,0.93,1,0,0
USR3386,42,2,35928,80,27769,300000,0.7729069249610332,0.09256333333333333,14,236,0.84,2,0,0.06,0,0,0
USR8866,19,1,21698,154,26667,500000,1.2290072817771223,0.053334,5,680,0.89,1,1,0.48,2,0,0
USR5755,26,2,50855,21,15114,200000,0.297197915642513,0.07557,7,15,0.62,3,0,0.5,1,0,0
USR8860,52,0,16259,170,19886,300000,1.2230764499661726,0.06628666666666666,7,617,0.82,3,1,0.28,0,1,0
USR3429,33,0,14809,316,4883,300000,0.32973191977851307,0.016276666666666665,9,92,0.96,0,1,0.57,1,0,0
USR1549,26,4,56973,58,82203,300000,1.44284134590069,0.27401,9,347,0.41,0,1,0.55,2,1,0
USR4168,31,2,29758,55,20231,200000,0.6798507964244909,0.101155,6,312,0.62,1,0,0.2,0,0,0
USR8270,30,2,22784,129,33919,100000,1.488720154494382,0.33919,4,164,0.15,0,0,0.17,1,0,0
USR9312,66,4,40348,350,21187,300000,0.5251065728164965,0.07062333333333333,8,177,0.09,0,1,0.48,1,0,0
USR6168,54,3,54793,159,39485,100000,0.7206212472396109,0.39485,6,391,0.77,0,1,0.13,1,0,0
USR6574,31,1,55140,79,99306,300000,1.8009793253536452,0.33102,0,386,0.52,1,0,0.63,2,0,0
USR9962,60,0,16361,200,20142,500000,1.231098343622028,0.040284,0,520,0.56,2,0,0.33,0,0,0
USR5834,24,1,46148,334,14981,100000,0.3246294530640548,0.14981,1,151,0.72,1,0,0.95,0,0,0
USR7133,30,2,43252,42,65189,200000,1.5071904189401646,0.325945,1,138,0.27,3,1,0.15,0,0,0
USR8646,70,0,9953,24,5029,100000,0.5052747915201447,0.05029,14,163,0.83,0,1,0.22,2,0,0
USR2809,22,1,7021,328,13106,300000,1.866685657313773,0.043686666666666665,1,631,0.5,3,1,0.35,0,0,0
USR1114,18,2,28830,261,8460,300000,0.2934443288241415,0.0282,3,269,0.92,3,0,0.84,2,0,0
USR9572,66,3,22218,106,33002,200000,1.485372220721937,0.16501,1,563,0.89,1,0,0.69,0,0,0
USR2289,59,3,17081,328,49342,200000,2.88870675019027,0.24671,11,151,0.43,0,0,0.11,2,0,0
USR2618,66,3,28829,148,20505,500000,0.711262964376149,0.04101,12,490,0.21,3,0,0.33,2,0,0
USR4265,33,2,24795,144,7531,500000,0.3037305908449284,0.015062,10,427,0.52,0,0,0.67,0,0,0
USR7161,51,5,22176,303,9646,300000,0.43497474747474746,0.03215333333333333,6,52,0.8,0,0,0.39,0,0,0
USR3996,58,0,30199,320,42876,200000,1.4197821119904632,0.21438,12,650,0.08,2,1,0.12,2,0,0
USR3823,55,1,33699,144,46565,100000,1.3817917445621533,0.46565,13,520,0.66,2,0,0.4,0,0,0
USR8918,26,0,57970,271,15074,200000,0.2600310505433845,0.07537,6,220,0.84,3,0,0.88,0,1,0
USR4723,50,4,29268,245,25381,200000,0.8671928385950526,0.126905,12,134,0.21,0,0,0.1,0,0,0
USR2093,63,3,46616,173,57835,300000,1.2406684400205938,0.19278333333333333,3,400,0.91,3,0,0.83,0,1,0
USR2936,56,2,38197,35,20229,300000,0.5295965651752755,0.06743,13,351,0.92,0,0,0.91,2,0,0
USR5077,69,3,51036,313,26881,500000,0.5267066384512893,0.053762,15,528,0.21,1,0,0.53,0,0,0
USR8244,46,3,54907,337,67798,200000,1.2347788078022839,0.33899,2,208,0.64,3,0,0.98,2,0,0
USR7206,54,5,29650,194,56097,100000,1.891973018549747,0.56097,12,542,0.09,0,1,0.72,1,0,0
USR8256,24,1,52045,118,16521,100000,0.31743683350946295,0.16521,13,489,0.0,0,0,0.81,0,0,0
USR9119,26,3,26858,5,30639,500000,1.1407774219971702,0.061278,1,335,0.37,2,1,0.72,2,0,0
USR6747,60,3,55082,299,90283,500000,1.6390653934134563,0.180566,0,23,0.38,3,0,0.95,0,0,0
USR4689,35,3,24219,173,32821,500000,1.3551756885090218,0.065642,7,303,0.84,3,1,0.94,0,0,0
USR5594,37,3,46006,124,39979,300000,0.8689953484328131,0.13326333333333334,11,144,0.06,1,0,0.16,0,0,0
USR4468,42,0,44088,358,8814,300000,0.19991834512792597,0.02938,14,239,0.32,0,0,1.0,0,1,0
USR9090,35,1,47088,116,51313,300000,1.0897256201155283,0.17104333333333333,10,344,0.12,1,1,0.17,1,0,0
USR5649,51,0,54624,122,53010,200000,0.9704525483304042,0.26505,5,321,0.26,3,0,0.31,1,0,0
USR3720,67,1,51764,287,77570,200000,1.498531798160884,0.38785,7,148,0.29,0,1,0.2,2,0,0
USR7836,24,1,5469,312,9817,300000,1.795026513073688,0.03272333333333333,12,45,0.0,3,0,0.86,2,0,0
USR5571,27,1,19218,220,31213,500000,1.6241544385471953,0.062426,17,353,0.24,0,0,0.39,0,1,0
USR3573,52,1,8440,351,1572,200000,0.18625592417061612,0.00786,13,633,0.31,0,0,0.88,0,0,0
USR7202,70,2,26206,233,32522,300000,1.2410135083568647,0.10840666666666667,3,424,0.52,1,0,0.41,2,0,0
USR4865,65,1,39955,54,36540,200000,0.9145288449505694,0.1827,0,556,0.32,1,0,0.6,1,1,0
USR2616,52,1,45389,28,59475,200000,1.3103395095728039,0.297375,4,423,0.39,0,1,0.09,1,0,0
USR7965,45,1,21944,164,34437,500000,1.5693127962085307,0.068874,0,399,0.01,0,1,0.92,0,0,0
USR4382,54,2,39229,122,11324,200000,0.28866399857248465,0.05662,7,527,0.67,3,0,0.98,0,0,0
USR5750,54,1,45147,243,32068,200000,0.7103019026734888,0.16034,7,15,0.4,0,0,0.11,0,0,0
USR1706,20,3,56478,280,25343,100000,0.44872339672084705,0.25343,11,402,0.28,0,0,0.44,0,0,0
USR5890,22,1,45238,319,24285,100000,0.5368274459525177,0.24285,7,693,0.54,0,0,0.88,0,0,0
USR9549,33,3,19779,26,37129,100000,1.8771929824561404,0.37129,6,627,0.77,0,0,0.9,0,0,1
USR8773,36,3,55213,133,11274,200000,0.20419104196475468,0.05637,3,196,0.81,3,1,0.06,0,0,0
USR4611,32,2,34201,342,3463,100000,0.10125434928803251,0.03463,10,188,0.66,0,1,0.95,0,0,0
USR8936,58,2,19630,274,14753,100000,0.751553744268976,0.14753,15,98,0.48,3,0,0.25,0,0,0
USR8476,47,5,45387,1,7908,300000,0.17423491308083813,0.02636,5,490,0.52,2,0,0.71,1,0,0
USR4268,60,3,6216,292,3191,200000,0.5133526383526383,0.015955,3,14,0.93,0,0,0.94,0,0,0
USR3447,20,1,27074,300,35928,200000,1.3270296225160672,0.17964,11,228,0.52,0,0,0.59,2,0,0
USR3864,42,1,28947,196,5958,500000,0.20582443776557155,0.011916,7,593,0.23,2,0,0.35,0,1,0
USR9417,52,2,47616,112,31101,100000,0.6531628024193549,0.31101,0,256,0.3,0,0,0.25,1,1,0
USR5815,63,1,37379,141,28423,300000,0.760400224725113,0.09474333333333333,14,162,0.35,0,0,0.87,0,0,0
USR8007,61,6,42296,239,42035,500000,0.9938292037072064,0.08407,6,407,0.12,1,1,0.52,0,0,0
USR9033,19,3,48156,162,51178,300000,1.0627543815931555,0.17059333333333335,17,633,0.64,0,0,0.28,0,0,0
USR3859,20,3,14664,29,12927,300000,0.8815466448445172,0.04309,16,368,0.99,1,0,0.64,1,0,0
USR9954,49,1,32138,298,57073,100000,1.7758727985562264,0.57073,7,416,0.58,0,1,0.61,1,0,0
USR4366,25,1,9823,76,14091,500000,1.4344904815229562,0.028182,5,35,0.56,1,0,0.76,2,1,0
USR3011,63,3,14349,272,26591,300000,1.8531604989894765,0.08863666666666667,17,375,0.03,0,1,0.75,0,1,1
USR4298,28,2,18678,168,33189,200000,1.776903308705429,0.165945,0,65,0.92,2,0,0.32,1,0,0
USR9264,38,1,57168,45,128962,100000,2.255842429331094,1.28962,15,403,0.58,2,0,0.5,0,0,0
USR9963,41,3,39124,236,27641,200000,0.7064972906655761,0.138205,9,129,0.33,0,1,0.64,1,0,0
USR6745,30,1,19225,355,18290,200000,0.9513654096228868,0.09145,7,523,0.26,2,1,0.45,0,1,0
USR7226,40,1,43867,40,58710,200000,1.338363690245515,0.29355,7,420,0.37,2,0,0.23,0,0,0
USR5790,21,2,31137,273,78520,100000,2.521758679384655,0.7852,3,263,0.19,3,0,0.15,0,0,0
USR7130,23,2,16781,294,19233,500000,1.1461176330373637,0.038466,3,206,0.65,1,0,0.79,1,0,0
USR3149,68,3,55640,146,137921,200000,2.4788102084831056,0.689605,11,38,0.34,1,1,0.31,0,0,0
USR2024,50,2,51023,16,50934,300000,0.9982556886110185,0.16978,0,160,0.77,1,0,0.17,0,1,0
USR5575,33,2,35402,96,11673,500000,0.3297271340602226,0.023346,7,497,0.71,1,0,0.81,1,0,0
USR7379,19,5,40338,138,55295,200000,1.3707918092121574,0.276475,15,440,0.78,1,0,0.05,0,0,0
USR4138,59,4,8710,95,11223,200000,1.2885189437428244,0.056115,5,514,0.31,1,0,0.68,1,0,0
USR4761,34,0,6418,354,5942,200000,0.9258335930196323,0.02971,11,590,0.08,0,0,0.09,1,0,0
USR7595,34,2,46962,150,74127,300000,1.5784464034751502,0.24709,0,160,0.94,3,0,0.09,2,1,0
USR3473,29,2,20449,26,18605,200000,0.9098244412929728,0.093025,12,131,0.61,3,0,0.81,2,0,0
USR1365,29,2,53069,240,17445,200000,0.3287229832859108,0.087225,9,260,0.11,0,0,0.4,0,1,0
USR9262,60,3,24268,362,17661,300000,0.7277484753584967,0.05887,24,526,0.18,1,0,0.96,1,0,0
USR8424,45,0,34070,332,1000,500000,0.0293513354857646,0.002,7,395,0.61,0,0,0.89,0,1,0
USR6160,60,2,24107,265,17321,100000,0.7185049985481395,0.17321,2,659,0.01,0,0,0.62,1,0,0
USR8808,33,3,51585,232,61913,300000,1.2002132402830281,0.20637666666666668,11,164,0.13,3,0,0.37,1,1,0
USR2731,61,1,16549,27,13667,300000,0.8258505045622092,0.04555666666666667,7,557,0.44,3,0,0.52,0,0,0
USR6291,37,5,48940,23,3230,500000,0.0659991826726604,0.00646,1,440,0.01,1,1,0.9,0,0,0
USR5874,56,0,29081,217,32535,100000,1.1187717066125649,0.32535,5,45,0.66,0,0,0.69,0,0,0
USR7421,36,3,38618,130,42487,200000,1.1001864415557512,0.212435,4,577,0.17,1,0,0.05,2,1,0
USR9510,63,1,6415,165,1000,500000,0.1558846453624318,0.002,21,275,0.36,0,0,0.27,0,0,0
USR6094,32,1,59237,96,78763,500000,1.3296250654151966,0.157526,0,237,0.31,0,0,0.23,1,0,0
USR6590,30,3,57561,105,131406,100000,2.2828998801271694,1.31406,13,30,0.18,0,1,0.74,2,0,0
USR3739,33,2,53880,309,32688,100000,0.6066815144766147,0.32688,3,13,0.42,1,0,0.02,0,0,0
USR3097,57,3,48749,123,82259,500000,1.6873987158710948,0.164518,1,286,0.45,0,0,0.17,2,0,0
USR6545,59,3,32898,271,1000,200000,0.030396984619125784,0.005,19,447,0.94,1,0,0.7,1,1,0
USR6482,41,1,26314,286,32584,300000,1.238276202781789,0.10861333333333334,0,199,0.66,1,1,0.54,2,1,0
USR8189,50,3,10014,25,7402,100000,0.7391651687637307,0.07402,13,420,0.38,0,0,0.33,0,0,0
USR5847,26,0,57890,204,13005,300000,0.22465019865261704,0.04335,0,417,0.58,1,1,0.85,0,1,0
USR9455,64,2,46249,5,61508,500000,1.3299314579774697,0.123016,1,131,0.92,0,1,0.02,0,0,0
USR2445,28,1,47929,241,43112,300000,0.8994971729015836,0.14370666666666668,0,574,0.01,0,1,0.09,0,0,0
USR2250,56,4,54572,124,62483,300000,1.1449644506340249,0.20827666666666667,2,208,0.18,0,0,0.23,0,0,0
USR2919,63,2,17457,254,3211,100000,0.18393767543105918,0.03211,3,437,0.54,1,0,0.45,2,1,0
USR1671,33,4,45554,26,82336,500000,1.8074373271282433,0.164672,1,251,0.99,0,1,0.58,0,1,1
USR7466,38,2,23304,123,55409,200000,2.3776604874699623,0.277045,0,10,0.68,2,0,0.38,0,0,0
USR1502,65,3,38038,319,69760,100000,1.8339555181660445,0.6976,5,12,0.85,3,0,0.26,2,1,1
USR4722,55,4,46990,201,44958,200000,0.9567567567567568,0.22479,23,226,0.05,2,0,0.23,2,0,0
USR1720,58,4,28566,132,29307,100000,1.0259399285864315,0.29307,6,311,0.82,0,1,0.22,1,0,0
USR5878,67,3,25873,73,40499,100000,1.5652997333127199,0.40499,4,452,0.65,3,0,0.36,0,0,0
USR9338,43,2,18204,184,16626,500000,0.9133157547791694,0.033252,7,87,0.02,0,0,0.85,0,1,0
USR4641,28,0,50207,275,112305,100000,2.236839484534029,1.12305,10,420,0.73,3,0,0.83,2,0,1
USR2885,55,0,10598,26,14697,200000,1.3867710888846951,0.073485,13,666,0.83,0,0,0.68,0,1,0
USR9255,68,3,58160,348,113076,300000,1.944222833562586,0.37692,1,669,0.53,2,0,0.68,0,0,0
USR6715,35,1,11400,132,12759,200000,1.1192105263157894,0.063795,10,209,0.71,3,0,0.64,0,1,0
USR8010,37,3,21230,94,29468,200000,1.3880357983984928,0.14734,12,398,0.08,1,0,0.7,2,1,0
USR1056,54,1,17718,357,8515,200000,0.48058471610791287,0.042575,1,162,0.88,0,0,0.31,2,0,0
USR1663,52,0,7492,174,12993,100000,1.7342498665242925,0.12993,3,447,0.22,1,1,0.93,0,0,0
USR7701,32,6,44775,319,32515,100000,0.7261864879955332,0.32515,4,605,0.12,0,0,0.36,1,0,0
USR9539,51,4,21674,186,26373,500000,1.2168035434160747,0.052746,5,543,0.89,0,0,0.89,2,0,0
USR5274,43,0,46336,334,110763,500000,2.3904307665745854,0.221526,22,532,0.96,2,0,0.49,0,0,0
USR6820,37,1,56304,114,28915,500000,0.5135514350667804,0.05783,3,74,0.92,1,0,0.94,2,0,0
USR9941,68,5,29392,163,30244,100000,1.028987479586282,0.30244,0,646,0.13,2,1,0.74,1,0,0
USR6523,22,3,15178,323,7842,500000,0.516668862827777,0.015684,20,308,0.61,3,0,0.16,1,0,0
USR4561,67,3,41385,11,54537,500000,1.3177963030083364,0.109074,8,54,0.77,0,0,0.29,2,1,0
USR5052,48,2,48740,21,67311,500000,1.3810217480508822,0.134622,17,593,0.53,0,0,0.97,0,0,0
USR5405,62,1,18571,194,2772,200000,0.14926498303807012,0.01386,12,403,0.23,1,0,0.25,2,1,0
USR7562,60,2,26063,104,32947,200000,1.2641292253386027,0.164735,0,139,0.13,0,1,0.8,0,0,0
USR7764,50,4,25969,353,15261,200000,0.5876622126381454,0.076305,13,651,0.08,0,0,0.36,2,0,0
USR8296,64,1,57590,71,42646,100000,0.7405105052960583,0.42646,24,579,0.6,2,0,0.09,0,0,0
USR8579,64,3,52307,272,1000,100000,0.01911790008985413,0.01,13,296,0.46,0,1,0.54,0,0,0
USR3164,53,1,46941,293,123960,100000,2.6407618073752155,1.2396,5,605,0.27,3,1,0.55,0,1,0
USR4137,51,2,29458,139,33640,500000,1.1419648312852195,0.06728,18,656,0.0,1,0,0.22,1,0,0
USR7813,70,3,53943,10,1000,300000,0.018538086498711602,0.0033333333333333335,14,380,0.54,0,0,0.77,0,0,0
USR8624,48,7,25391,275,37367,100000,1.4716631877436888,0.37367,6,581,0.03,2,1,0.68,0,0,0
USR7695,21,5,30289,98,1000,500000,0.03301528607745386,0.002,12,171,0.08,0,0,0.29,0,1,0
USR6913,32,3,41347,89,71826,200000,1.7371514257382639,0.35913,30,389,0.99,0,0,0.02,1,1,0
USR2508,43,1,5040,286,4327,100000,0.858531746031746,0.04327,4,424,0.3,1,0,0.22,1,0,0
USR9101,51,4,59525,177,51218,100000,0.8604451910961781,0.51218,1,694,0.97,1,0,0.17,0,0,0
USR8277,39,3,10281,303,11915,100000,1.1589339558408716,0.11915,26,608,0.41,1,1,0.89,0,0,0
USR3603,24,2,16835,112,35263,100000,2.094624294624295,0.35263,2,436,0.92,1,0,0.62,2,1,1
USR4167,56,1,51873,340,71801,200000,1.384169028203497,0.359005,12,124,0.47,2,0,0.2,0,0,0
USR7879,64,2,7066,63,3335,200000,0.4719784885366544,0.016675,12,58,0.32,3,0,0.29,1,1,0
USR6382,69,4,40857,286,16972,200000,0.4154000538463421,0.08486,1,186,0.71,1,0,0.03,0,0,0
USR2326,43,2,24952,281,43109,100000,1.7276771401090092,0.43109,1,65,0.85,1,0,0.07,0,0,0
USR9607,67,2,8919,253,9983,500000,1.1192958851889225,0.019966,3,693,0.62,1,0,0.29,1,0,0
USR6251,30,1,47607,243,23628,300000,0.4963135673325351,0.07876,2,581,0.11,2,1,0.84,0,1,0
USR6438,22,1,49544,117,99083,200000,1.9998990796060068,0.495415,12,359,0.82,0,0,0.82,0,1,1
USR9573,28,0,15421,308,7763,500000,0.5034044484793464,0.015526,5,660,0.63,0,1,0.47,1,0,0
USR2461,24,2,23618,130,1000,500000,0.0423405876873571,0.002,5,658,0.68,3,1,0.85,1,1,0
USR7802,48,3,34377,205,35493,200000,1.0324635657561743,0.177465,0,656,0.02,0,0,0.35,0,1,0
USR8848,65,3,58091,338,128565,200000,2.213165550601642,0.642825,4,358,0.97,1,0,0.27,2,1,1
USR9226,48,2,27820,61,17877,300000,0.6425952552120776,0.05959,0,87,0.56,2,0,0.32,0,0,0
USR3442,31,1,36751,112,47616,100000,1.2956382139261517,0.47616,11,635,0.26,1,0,0.71,0,1,0
USR9964,28,2,56167,202,45739,100000,0.8143393807751883,0.45739,5,472,0.93,1,0,0.79,0,0,0
USR3060,55,5,14571,2,13683,100000,0.9390570310891497,0.13683,12,204,0.76,0,1,0.13,1,0,0
USR3769,59,1,37821,107,36364,500000,0.9614764284392269,0.072728,8,544,0.42,0,0,0.16,0,1,0
USR6375,56,0,26993,312,40336,500000,1.494313340495684,0.080672,11,272,0.91,1,1,0.15,0,0,0
USR7040,61,1,56128,28,94177,200000,1.6778969498289624,0.470885,8,693,0.85,0,1,0.71,0,1,0
USR5219,58,1,25957,175,29210,100000,1.1253226489964172,0.2921,1,40,0.66,2,0,0.76,0,1,0
USR6251,47,3,15112,317,15434,300000,1.0213075701429328,0.05144666666666667,9,10,0.61,2,0,0.27,0,0,0
USR7464,28,2,19084,12,27880,500000,1.46090966254454,0.05576,9,36,0.46,0,0,0.46,0,0,0
USR4944,23,2,58413,195,71368,300000,1.22178282231695,0.23789333333333335,9,267,0.58,3,0,0.7,1,1,0
USR9471,59,2,35252,328,37512,300000,1.0641098377397027,0.12504,22,639,0.13,0,1,0.54,2,0,0
USR5626,38,6,50945,135,46929,500000,0.921169889096084,0.093858,9,679,0.1,1,0,0.15,1,0,0
USR5417,26,2,23854,14,36014,300000,1.5097677538358347,0.12004666666666666,4,419,0.82,0,0,0.61,2,0,0
USR7629,59,3,52216,172,73116,500000,1.4002604565650376,0.146232,2,270,0.11,2,0,0.11,1,0,0
USR1510,30,3,20776,52,4456,100000,0.2144782441278398,0.04456,4,694,0.01,3,0,0.88,0,0,0
USR3913,19,2,30626,217,2796,100000,0.09129497812316333,0.02796,12,56,0.46,1,0,0.7,2,1,0
USR9941,66,0,39670,17,54953,500000,1.3852533400554574,0.109906,10,396,0.44,0,1,0.23,0,1,0
USR4822,31,1,49717,100,41184,500000,0.8283685660840356,0.082368,12,399,0.62,1,0,0.85,1,0,0
USR2652,62,0,35622,197,71817,500000,2.016085565100219,0.143634,4,427,0.92,1,0,0.87,0,0,1
USR9346,59,0,49325,322,54890,100000,1.112823112012164,0.5489,3,395,0.32,0,0,0.47,2,0,0
USR2249,43,1,59538,265,39041,100000,0.6557324733783466,0.39041,0,681,0.61,0,1,0.8,0,0,0
USR7957,62,4,6746,103,4255,200000,0.6307441446783278,0.021275,13,147,0.12,1,1,0.16,1,0,0
USR3164,58,4,33773,265,42282,100000,1.251946821425399,0.42282,15,120,0.99,2,0,0.07,0,0,0
USR3016,70,1,14565,44,11422,500000,0.7842087195331273,0.022844,1,435,0.05,0,0,0.63,0,0,0
USR1343,63,1,5554,337,7406,200000,1.333453366942744,0.03703,11,9,0.76,0,0,0.25,0,0,0
USR3795,39,0,17864,175,35487,500000,1.9865091804746977,0.070974,12,492,0.46,0,0,0.27,1,0,0
USR8900,31,2,11749,256,10886,300000,0.9265469401651204,0.03628666666666667,6,419,0.8,3,0,0.64,1,0,0
USR7216,36,0,26809,180,1000,100000,0.03730090641202581,0.01,9,282,0.12,0,0,0.08,0,0,0
USR8356,33,2,16629,320,23242,200000,1.3976787539840039,0.11621,0,164,0.71,2,1,0.81,0,0,0
USR6977,57,3,12422,284,10488,100000,0.8443084849460635,0.10488,14,35,0.0,0,0,0.84,0,0,0
USR4382,66,2,5391,296,1000,500000,0.1854943424225561,0.002,0,461,0.29,0,0,0.13,0,0,0
USR1521,58,1,32347,66,47142,300000,1.4573839923331375,0.15714,0,102,0.75,0,1,0.53,2,0,0
USR4514,24,2,37555,43,22230,100000,0.5919318333111436,0.2223,16,370,0.11,1,0,0.51,0,1,0
USR6966,69,2,9344,170,13051,500000,1.3967251712328768,0.026102,2,405,0.94,3,0,0.85,2,0,0
USR3335,63,3,21549,174,13474,100000,0.6252726344609959,0.13474,26,335,0.06,0,0,0.59,2,0,0
USR6993,53,1,13254,269,17920,500000,1.3520446657612797,0.03584,3,318,0.12,3,0,0.93,0,0,0
USR1698,33,2,45806,266,7372,100000,0.16093961489761166,0.07372,1,537,0.55,1,0,0.37,2,1,0
USR2503,37,3,36400,142,32842,200000,0.9022527472527473,0.16421,8,592,0.71,0,0,0.6,2,0,0
USR5260,36,2,57804,73,48322,300000,0.8359629091412359,0.16107333333333335,10,162,0.2,0,1,0.48,1,0,0
USR3983,64,1,33190,219,62009,300000,1.8683037059355228,0.20669666666666667,8,525,0.21,0,1,0.52,1,1,0
USR5693,19,2,31033,1,23916,100000,0.7706634872555022,0.23916,8,282,0.97,0,0,0.93,0,0,0
USR4986,69,3,41848,30,1000,100000,0.02389600458803288,0.01,23,624,0.02,3,0,0.86,0,0,0
USR4750,51,0,30994,190,64835,500000,2.0918564883525845,0.12967,5,588,0.03,2,0,0.41,0,0,0
USR4963,34,1,45450,242,65809,100000,1.4479427942794278,0.65809,10,269,0.99,1,0,0.5,0,0,0
USR5513,68,2,27013,72,27358,100000,1.0127716284751787,0.27358,2,608,0.9,0,0,0.94,0,0,0
USR9318,50,2,15719,131,15841,200000,1.007761307971245,0.079205,10,462,0.73,2,1,0.51,2,1,0
USR8840,32,4,54544,77,17318,100000,0.31750513347022585,0.17318,14,142,0.13,3,0,0.92,0,0,0
USR2902,38,1,53297,272,66323,100000,1.2444040002251533,0.66323,0,668,0.61,2,0,0.7,2,1,0
USR5041,42,3,50147,262,42756,500000,0.8526133168484655,0.085512,20,18,0.53,3,1,0.63,0,0,0
USR9416,31,1,17775,354,1000,300000,0.05625879043600562,0.0033333333333333335,5,543,0.43,1,0,0.6,1,0,0
USR6159,50,1,7646,15,1991,500000,0.26039759351294794,0.003982,10,377,0.65,0,0,0.1,1,0,0
USR6208,62,0,50829,9,47622,200000,0.9369060969131795,0.23811,7,324,0.38,0,0,0.84,2,0,0
USR5203,41,2,24992,236,48236,300000,1.9300576184379001,0.16078666666666666,10,66,0.64,2,0,0.42,1,1,0
USR9015,19,3,51629,352,47251,100000,0.9152026961591354,0.47251,4,587,0.5,0,0,0.01,0,0,0
USR4466,25,4,18463,347,1000,100000,0.05416237881167741,0.01,3,504,0.52,0,1,0.82,0,0,0
USR1084,19,0,6757,50,5051,200000,0.7475210892407873,0.025255,17,295,0.89,3,0,0.1,0,0,0
USR2101,43,1,44308,12,48802,500000,1.1014263789834793,0.097604,6,61,0.54,1,0,0.99,0,0,0
USR2116,35,1,33753,175,15462,200000,0.45809261398986756,0.07731,16,81,0.37,0,0,0.08,1,1,0
USR1403,51,3,15877,190,12752,200000,0.8031744032247906,0.06376,10,216,0.08,0,0,0.96,0,0,0
USR9184,47,2,10932,200,20198,300000,1.8476033662641786,0.06732666666666667,9,277,0.05,1,0,0.58,1,0,0
USR4022,43,2,8989,196,14384,500000,1.6001779953276227,0.028768,4,111,0.07,3,1,0.13,0,0,0
USR9919,55,2,18527,360,18928,200000,1.0216440870081502,0.09464,0,514,0.02,0,0,0.68,1,0,0
USR1942,59,0,55310,107,45815,100000,0.8283312240101247,0.45815,4,15,0.4,1,0,0.05,2,0,0
USR7990,30,4,59683,9,75776,100000,1.2696412713838112,0.75776,2,151,0.08,1,0,0.69,2,0,0
USR9776,55,0,8858,338,9046,500000,1.0212237525400767,0.018092,3,75,0.63,1,0,0.77,0,1,0
USR7294,42,0,43310,121,37355,300000,0.8625028861694759,0.12451666666666666,3,94,0.02,1,1,0.1,0,0,0
USR3397,33,1,5208,148,4703,200000,0.9030337941628265,0.023515,23,137,0.44,3,0,0.05,0,0,0
USR2741,39,2,16036,296,15914,500000,0.9923921177350961,0.031828,6,214,0.26,0,1,0.89,1,0,0
USR6935,24,5,10063,19,15357,300000,1.526085660339859,0.05119,2,626,0.47,3,0,0.61,2,0,0
USR2581,29,4,20658,129,11238,200000,0.5440023235550392,0.05619,10,531,0.03,3,1,0.45,1,0,0
USR3794,28,0,37408,360,73137,300000,1.9551165526090675,0.24379,5,676,0.12,0,0,0.64,0,0,0
USR7199,42,3,12474,130,18425,200000,1.4770723104056438,0.092125,0,96,0.67,0,0,0.27,0,0,0
USR6498,46,1,28496,358,24930,300000,0.8748596294216732,0.0831,15,45,0.64,0,0,0.16,0,0,0
USR9235,21,3,6906,10,7650,100000,1.107732406602954,0.0765,1,11,0.7,0,0,0.19,0,0,0
USR2266,44,4,39782,225,28410,300000,0.714142074304962,0.0947,14,557,0.17,1,0,0.49,2,1,0
USR9943,47,4,43557,227,72028,500000,1.653649241224143,0.144056,11,265,0.03,0,0,0.15,0,0,0
USR1787,70,3,11371,344,15245,300000,1.3406912320816111,0.05081666666666667,4,431,0.8,2,0,0.91,0,0,0
USR5475,61,2,26044,248,32075,300000,1.2315696513592382,0.10691666666666666,13,422,0.81,2,1,0.35,2,1,0
USR3015,43,3,56322,41,49161,300000,0.8728560775540641,0.16387,4,19,0.36,3,0,0.83,1,0,0
USR8889,45,0,25257,364,19872,300000,0.786791780496496,0.06624,4,16,0.85,0,0,0.89,2,0,0
USR4899,62,4,26204,114,24706,100000,0.9428331552434743,0.24706,2,584,0.64,1,0,0.7,1,0,0
USR5548,41,3,51904,95,81855,300000,1.577046085080148,0.27285,11,476,0.42,1,1,0.3,1,0,0
USR4684,57,1,31361,131,37210,500000,1.186505532349096,0.07442,5,277,0.24,0,1,0.14,2,0,0
USR7213,65,3,56134,1,64189,100000,1.1434959204760038,0.64189,0,530,0.63,0,0,0.19,0,0,0
USR6013,64,3,59930,26,54160,300000,0.9037210078424829,0.18053333333333332,8,323,0.02,0,0,0.69,0,0,0
USR9281,63,4,18400,345,17040,100000,0.9260869565217391,0.1704,4,466,0.85,1,0,0.11,2,1,0
USR9766,42,1,58126,171,66974,200000,1.152221037057427,0.33487,8,438,0.6,0,0,0.17,0,1,0
USR2474,25,1,37752,253,7530,100000,0.1994596312778131,0.0753,5,95,0.67,2,0,1.0,1,0,0
USR1062,18,1,6680,50,10139,200000,1.517814371257485,0.050695,3,224,0.85,1,0,0.67,1,0,0
USR1297,25,5,20606,167,23093,500000,1.1206930020382413,0.046186,7,230,0.67,1,0,0.26,0,0,0
USR7922,47,3,49600,161,117537,100000,2.3696975806451612,1.17537,1,402,0.65,2,0,0.09,0,1,0
USR4443,43,2,13741,188,14850,100000,1.0807073720981006,0.1485,8,578,0.31,3,0,0.95,0,1,0
USR3719,39,4,34739,33,40942,100000,1.1785601197501367,0.40942,4,406,0.59,3,1,0.29,0,0,0
USR8648,48,5,23769,336,16806,200000,0.707055408304935,0.08403,5,249,0.49,3,0,0.13,2,0,0
USR4951,57,3,22722,118,33241,500000,1.4629434028694657,0.066482,6,65,0.44,1,1,0.81,2,0,0
USR4224,63,4,29173,213,57252,300000,1.9624995715216125,0.19084,5,342,0.57,0,0,0.62,0,0,0
USR8175,64,2,29482,334,20032,500000,0.6794654365375483,0.040064,7,156,0.52,0,0,0.59,2,0,0
USR3534,26,5,54920,188,77069,500000,1.4032957028404953,0.154138,3,125,0.86,0,1,0.86,0,1,0
USR9041,48,4,14593,171,2258,200000,0.1547317206880011,0.01129,5,295,0.46,1,1,0.85,0,0,0
USR7355,49,2,5794,267,5867,200000,1.0125992405937176,0.029335,4,59,0.24,0,1,0.87,0,0,0
USR7163,63,2,34074,276,20264,300000,0.5947056406644362,0.06754666666666667,17,508,0.63,0,0,0.19,0,0,0
USR3851,26,3,17076,324,13950,100000,0.8169360505973295,0.1395,5,686,0.08,0,0,0.39,1,1,0
USR2866,19,2,13004,327,10950,300000,0.8420486004306367,0.0365,12,577,0.37,0,1,0.96,0,0,0
USR7285,59,1,32292,343,48031,100000,1.4873962591353895,0.48031,14,554,0.87,3,0,0.68,0,0,0
USR6667,58,1,14688,220,14119,100000,0.9612608932461874,0.14119,0,206,0.9,2,0,0.6,2,1,0
USR6183,35,2,6426,258,10249,500000,1.594926859632742,0.020498,8,112,0.32,0,0,0.03,0,1,0
USR8754,27,3,31625,20,30952,300000,0.9787193675889329,0.10317333333333334,17,351,0.36,1,0,0.46,1,1,0
USR4984,55,2,36510,23,56777,200000,1.555108189537113,0.283885,4,83,0.97,0,1,0.0,2,0,0
USR1640,40,4,33041,65,24012,200000,0.7267334523773493,0.12006,4,288,0.04,0,0,0.11,2,0,0
USR1176,20,4,54832,212,12435,200000,0.226783629997082,0.062175,1,275,0.52,2,0,0.82,0,1,0
USR4773,36,2,47888,14,25065,200000,0.5234087871700634,0.125325,15,79,0.75,0,1,0.79,0,0,0
USR6122,18,0,16152,5,8930,100000,0.5528727092620109,0.0893,15,118,0.32,1,1,0.66,1,0,0
USR3229,64,3,54921,316,87038,100000,1.584785419056463,0.87038,9,542,0.57,1,0,0.87,1,0,0
USR7886,49,0,18324,307,1011,200000,0.055173542894564505,0.005055,13,622,0.34,0,0,0.48,0,0,0
USR2953,26,2,15781,1,15782,300000,1.0000633673404726,0.05260666666666667,1,125,0.2,0,1,0.86,0,0,0
USR1643,37,3,44763,365,27896,300000,0.6231932622925184,0.09298666666666666,3,233,0.9,0,0,0.89,0,1,0
USR3651,68,1,56823,251,32173,500000,0.5661967865125037,0.064346,8,506,0.35,2,0,0.17,1,0,0
USR7588,46,0,46719,316,42102,300000,0.901175110768638,0.14034,14,190,0.16,0,0,0.45,0,0,0
USR9508,20,2,50778,255,44415,200000,0.8746898263027295,0.222075,6,245,0.96,1,1,0.73,0,0,0
USR8307,42,4,45702,214,91420,200000,2.000350094087786,0.4571,11,655,0.61,1,0,0.52,0,0,0
USR2227,28,1,52409,224,47492,100000,0.90618023621897,0.47492,23,243,0.61,1,0,0.81,0,0,0
USR9713,46,3,16231,13,25000,300000,1.5402624607233073,0.08333333333333333,2,605,0.96,1,0,0.21,0,1,0
USR1895,49,4,12256,306,11232,500000,0.9164490861618799,0.022464,3,166,0.34,0,0,0.74,0,0,0
USR5208,43,2,9805,192,1724,100000,0.17582865884752677,0.01724,15,460,0.72,1,0,0.12,1,0,0
USR4379,48,1,20791,119,4310,300000,0.20730123611177914,0.014366666666666666,5,93,0.6,1,0,0.12,0,0,0
USR6939,27,4,49388,27,70089,100000,1.419150400907103,0.70089,8,609,0.46,3,0,0.32,2,0,0
USR6537,23,1,36562,21,49667,500000,1.3584322520649854,0.099334,11,157,0.61,1,0,0.94,0,1,0
USR9462,29,3,22067,230,45269,500000,2.051434268364526,0.090538,8,325,0.65,2,0,0.91,0,0,0
USR1392,27,1,10299,15,8776,100000,0.8521215652005049,0.08776,5,561,0.47,2,1,0.24,0,1,0
USR1420,36,4,36542,276,1825,200000,0.04994253188112309,0.009125,7,83,0.6,0,1,0.38,2,1,0
USR9841,56,3,56208,52,40520,100000,0.7208938229433532,0.4052,17,263,0.13,2,1,0.54,0,0,0
USR2786,34,1,32433,230,15830,200000,0.48808312521197544,0.07915,11,609,0.92,0,0,0.14,0,0,0
USR1490,60,2,9528,93,10969,300000,1.151238455079765,0.03656333333333334,11,562,0.36,1,1,0.36,0,0,0
USR6657,37,1,35472,325,1000,500000,0.02819124943617501,0.002,5,538,0.24,0,1,0.12,2,0,0
USR1070,20,2,19253,339,18531,500000,0.9624993507505324,0.037062,17,125,0.16,1,0,0.72,2,0,0
USR8850,19,1,29646,179,47407,300000,1.5991027457329825,0.15802333333333332,9,659,0.95,1,0,0.39,1,0,0
USR3436,66,1,48412,125,78306,500000,1.6174915310253657,0.156612,8,462,0.81,2,1,0.86,2,0,0
USR5300,22,1,8021,94,13988,300000,1.7439222042139384,0.046626666666666663,11,113,0.94,2,0,0.8,0,0,0
USR7321,23,2,54059,250,62954,500000,1.1645424443663406,0.125908,14,603,0.69,1,0,0.6,1,0,0
USR4849,65,3,41860,219,1000,100000,0.023889154323936932,0.01,10,238,0.03,0,1,0.66,2,1,0
USR5779,30,1,28205,67,18711,500000,0.6633930154227974,0.037422,10,97,0.35,0,0,0.22,0,1,0
USR2357,27,1,25637,118,22562,500000,0.8800561688185045,0.045124,1,150,0.44,1,0,0.48,2,0,0
USR5450,62,1,18635,8,17679,100000,0.9486986852696538,0.17679,17,655,0.97,0,1,0.63,0,1,0
USR7567,44,1,27656,99,1000,100000,0.03615851894706393,0.01,14,499,0.65,1,0,0.04,0,0,0
USR6507,53,0,5969,135,5162,300000,0.8648014742837996,0.017206666666666665,0,611,0.87,0,0,0.7,2,1,0
USR4620,29,0,58497,72,47031,300000,0.8039899482024719,0.15677,2,100,0.44,1,1,0.52,2,0,0
USR6371,55,0,24172,4,22019,500000,0.9109300016548072,0.044038,8,464,0.71,1,0,0.99,0,1,0
USR3506,59,1,31370,116,33054,500000,1.053681861651259,0.066108,0,36,0.82,3,1,0.9,0,0,0
USR8833,48,2,33752,209,28197,200000,0.835417160464565,0.140985,5,327,0.13,2,0,0.68,0,0,0
USR4198,28,2,35184,277,28713,500000,0.816081173260573,0.057426,10,315,0.6,0,0,0.57,1,0,0
USR1085,58,2,36826,147,34707,300000,0.9424591321349047,0.11569,17,228,0.82,0,0,0.47,2,0,0
USR6438,37,3,51484,173,28096,300000,0.545722943050268,0.09365333333333334,16,581,0.39,0,0,0.57,2,0,0
USR2235,43,2,34009,152,15168,500000,0.4459995883442618,0.030336,2,104,0.31,3,0,0.33,2,0,0
USR7145,19,2,50246,222,8351,200000,0.1662022847589858,0.041755,2,440,0.1,2,0,0.32,2,1,0
USR6217,19,4,39049,96,36965,100000,0.9466311557274194,0.36965,5,378,0.39,2,0,0.39,0,1,0
USR6278,56,2,34090,227,64459,200000,1.8908477559401584,0.322295,2,540,0.67,1,0,0.06,1,0,0
USR4274,51,0,43951,350,40525,500000,0.9220495551864576,0.08105,12,440,0.67,0,0,0.85,0,0,0
USR9910,36,1,23027,212,46548,500000,2.0214530768228602,0.093096,1,386,0.19,2,0,0.85,0,0,0
USR2418,66,1,47968,154,68838,300000,1.4350817211474316,0.22946,9,663,0.92,1,0,0.58,0,0,0
USR9249,50,2,22968,165,10594,300000,0.4612504353883664,0.035313333333333335,13,36,0.64,1,0,0.44,2,0,0
USR3526,64,2,43377,209,56774,300000,1.3088503123775272,0.18924666666666667,11,588,0.88,0,1,0.81,0,0,0
USR8057,30,1,28562,125,16826,200000,0.5891044044534697,0.08413,7,350,0.51,0,0,0.39,0,1,0
USR5094,65,2,8953,263,8241,100000,0.9204735842734278,0.08241,2,625,0.6,2,0,0.97,0,0,0
USR2350,42,1,36858,281,9343,100000,0.25348635303054967,0.09343,3,335,0.58,2,0,0.97,2,0,0
USR8322,20,1,23481,106,14462,300000,0.6159022188152123,0.04820666666666667,1,438,0.32,0,0,0.75,2,0,0
USR5087,50,0,17441,260,13845,200000,0.7938191617453128,0.069225,1,55,0.08,3,1,0.75,0,0,0
USR8533,61,3,36405,160,29568,300000,0.8121961269056448,0.09856,13,137,0.68,1,0,0.45,1,1,0
USR5792,56,2,50227,23,1000,200000,0.01990961036892508,0.005,11,270,0.47,0,0,0.82,0,0,0
USR5628,39,2,20579,207,46669,300000,2.267797269060693,0.15556333333333333,17,467,0.3,1,0,0.63,2,0,0
USR4648,34,1,34770,275,57519,500000,1.6542709232096635,0.115038,1,473,0.49,0,0,0.46,0,0,0
USR2676,31,1,56243,181,114544,200000,2.0365912202407412,0.57272,4,296,0.42,0,1,0.94,0,0,0
USR5344,65,0,21619,112,38741,100000,1.7919885286090937,0.38741,2,465,0.21,1,0,0.25,2,0,0
USR8973,21,1,46098,233,35390,500000,0.7677122651741941,0.07078,1,60,0.53,1,0,0.69,0,0,0
USR4334,49,1,54374,335,75703,100000,1.3922646853275462,0.75703,11,412,0.74,0,0,0.72,2,0,0
USR7272,55,2,33786,8,32543,200000,0.9632096134493577,0.162715,1,643,0.55,2,1,0.47,1,0,0
USR7704,55,4,30065,308,51358,100000,1.708232163645435,0.51358,2,103,0.87,0,0,0.28,0,0,0
USR1680,45,1,11879,207,10544,100000,0.8876168027611752,0.10544,2,145,0.95,3,0,0.73,0,0,0
USR3516,56,1,54760,90,55939,300000,1.0215303140978818,0.18646333333333334,7,466,0.29,0,1,0.02,2,0,0
USR8059,40,2,10734,257,7207,100000,0.6714179243525247,0.07207,4,480,0.22,1,0,0.87,0,0,0
USR9654,34,3,6940,132,2465,300000,0.35518731988472624,0.008216666666666667,1,669,0.1,2,0,0.9,0,1,0
USR4145,46,8,15946,236,15948,300000,1.0001254233036498,0.05316,5,308,0.12,0,1,0.87,0,0,0
USR6785,51,1,36142,169,18378,100000,0.5084942725914449,0.18378,2,255,0.86,0,0,0.24,0,0,0
USR1274,32,3,43128,170,60029,300000,1.3918799851604526,0.20009666666666667,6,430,0.82,0,0,0.68,0,0,0
USR5855,35,2,53756,60,15954,200000,0.29678547510975517,0.07977,4,433,0.6,0,0,0.98,0,0,0
USR8629,41,1,27857,357,33986,200000,1.2200165129051943,0.16993,10,53,0.14,0,0,0.95,0,0,0
USR7882,70,0,44771,259,81774,300000,1.8264948292421435,0.27258,0,509,0.84,0,0,0.8,0,0,1
USR8134,40,1,54739,101,3426,100000,0.0625879172071101,0.03426,1,325,0.75,2,0,0.01,0,1,0
USR1286,31,1,6700,335,10537,500000,1.5726865671641792,0.021074,1,146,0.37,3,0,0.21,1,1,0
USR6758,36,0,24971,146,21005,500000,0.8411757638861079,0.04201,0,489,0.45,1,0,0.8,0,1,0
USR5055,40,3,46530,217,20980,200000,0.45089189770040833,0.1049,11,238,0.09,1,0,0.84,0,0,0
USR7413,63,5,47871,337,62553,300000,1.3066992542457856,0.20851,3,366,0.72,2,1,0.15,0,1,0
USR5474,41,2,58750,90,49247,300000,0.8382468085106383,0.16415666666666667,2,339,0.37,0,0,0.16,2,0,0
USR7353,62,4,34519,173,42489,500000,1.2308873374083837,0.084978,1,464,0.91,1,0,0.83,0,1,0
USR3999,35,4,43304,154,18499,300000,0.4271891742102346,0.061663333333333334,4,473,0.96,1,0,0.66,0,1,0
USR7891,27,1,32114,112,23848,500000,0.7426044715700317,0.047696,11,137,0.32,3,1,0.14,0,0,0
USR6231,68,1,45942,34,4575,300000,0.09958208175525662,0.01525,16,378,0.45,2,1,0.18,1,0,0
USR5671,37,0,23447,99,16315,100000,0.6958246257516953,0.16315,0,651,0.93,0,0,0.36,1,0,0
USR8308,52,0,41982,55,48607,100000,1.1578057262636368,0.48607,12,51,0.99,3,1,0.3,1,0,0
USR7597,55,1,37724,121,60299,300000,1.5984254055773512,0.20099666666666666,5,268,0.45,0,0,0.64,0,0,0
USR4134,22,1,27429,142,7911,300000,0.28841736847861754,0.02637,17,21,0.45,0,0,0.44,1,1,0
USR5733,47,1,38817,273,17594,100000,0.4532550171316691,0.17594,5,372,0.85,2,0,0.11,1,0,0
USR7937,62,4,12173,94,16795,500000,1.379692762671486,0.03359,3,150,0.24,1,0,0.93,0,0,0
USR9290,20,1,44500,42,26830,200000,0.6029213483146068,0.13415,10,109,0.5,2,1,0.49,0,0,0
USR3987,54,2,7341,158,3030,300000,0.41275030649775235,0.0101,5,205,0.35,2,1,0.67,0,0,0
USR3691,26,2,42472,324,65360,100000,1.5388962139762667,0.6536,13,413,0.87,3,0,0.03,0,0,0
USR2437,56,2,55156,173,33779,300000,0.6124265719051418,0.11259666666666666,14,199,0.9,3,0,0.67,1,0,0
USR6768,40,1,8765,39,6776,100000,0.7730747290359384,0.06776,17,384,0.42,0,0,0.75,0,0,0
USR2860,33,3,17507,201,13702,500000,0.7826583652253384,0.027404,11,427,0.59,0,0,0.5,2,0,0
USR9775,48,0,23284,236,10268,300000,0.4409895207009105,0.03422666666666667,6,637,0.35,0,1,0.05,1,1,0
USR7958,56,3,49322,345,65895,300000,1.3360163821418434,0.21965,8,168,0.85,0,0,0.7,0,1,0
USR4300,37,2,34548,1,1000,100000,0.0289452356142179,0.01,14,280,0.74,0,1,0.11,2,1,0
USR7743,51,2,51895,25,31380,200000,0.6046825320358417,0.1569,5,691,0.7,0,0,0.9,2,0,0
USR1878,36,3,9839,109,1000,300000,0.10163634515702816,0.0033333333333333335,4,622,0.33,3,0,0.89,0,0,0
USR6716,29,2,5258,199,3816,500000,0.7257512362114873,0.007632,7,383,0.81,3,0,0.83,1,0,0
USR4934,31,1,56964,166,2397,100000,0.04207920792079208,0.02397,17,485,0.99,2,0,0.03,0,0,0
USR5385,40,3,10999,11,3903,300000,0.35485044094917717,0.01301,15,637,0.67,3,0,0.85,1,0,0
USR4421,41,1,30612,78,34888,300000,1.1396837841369398,0.11629333333333333,18,207,0.48,1,1,0.16,0,0,0
USR1308,68,2,59730,147,84050,100000,1.4071655784362966,0.8405,11,560,0.58,0,0,0.22,2,0,0
USR9645,29,1,45325,31,33324,200000,0.7352233866519581,0.16662,19,101,0.78,1,1,0.08,0,0,0
USR9472,18,2,35915,6,54137,500000,1.5073646108868162,0.108274,4,357,0.5,0,1,0.62,0,0,0
USR1899,51,3,34434,158,11141,500000,0.3235464947435674,0.022282,5,96,0.68,0,0,0.85,1,1,0
USR7614,39,2,8567,55,6059,500000,0.7072487451850122,0.012118,2,456,0.17,1,0,0.88,0,0,0
USR4487,30,4,7699,27,2813,100000,0.36537212625016235,0.02813,12,457,0.49,0,0,0.66,0,1,0
USR1604,59,3,47631,267,92284,300000,1.937477693099032,0.30761333333333335,14,470,0.97,0,0,0.9,0,0,1
USR4944,18,3,19351,134,19184,200000,0.9913699550410832,0.09592,8,448,0.6,0,1,0.42,0,1,0
USR4475,20,0,57027,83,52856,500000,0.9268592070422782,0.105712,7,614,0.38,0,0,0.89,0,0,0
USR3422,69,0,31965,28,21068,200000,0.6590958861254497,0.10534,6,38,0.86,3,0,0.47,1,0,0
USR7157,39,2,32419,348,24664,200000,0.760788426539992,0.12332,1,498,0.87,1,0,0.26,1,0,0
USR4338,53,3,47352,38,42836,500000,0.904629160331137,0.085672,6,621,0.49,2,0,0.19,2,0,0
USR5288,31,0,11898,86,1000,200000,0.08404773911581778,0.005,21,186,0.5,0,0,1.0,0,0,0
USR3940,36,3,27022,4,9249,100000,0.34227666345940344,0.09249,16,119,0.75,3,1,0.21,0,1,0
USR7848,21,2,52308,270,69148,300000,1.3219392827101017,0.23049333333333333,6,421,0.51,2,1,0.59,2,0,0
USR2217,53,3,37143,302,7858,500000,0.2115607247664432,0.015716,2,574,0.53,3,1,0.76,2,0,0
USR5845,42,1,41404,250,49435,500000,1.1939667664959908,0.09887,4,564,0.09,0,1,0.14,2,1,0
USR7946,30,3,23919,87,11370,500000,0.47535432083281076,0.02274,16,431,0.99,2,0,0.22,0,0,0
USR8158,29,1,32200,345,21968,200000,0.6822360248447205,0.10984,3,20,0.32,1,1,0.34,1,0,0
USR6951,66,2,45136,183,49992,200000,1.107585962424672,0.24996,17,167,0.45,0,0,0.93,2,1,0
USR1477,39,3,18124,345,6595,100000,0.36388214522180534,0.06595,3,175,0.75,2,1,0.22,1,0,0
USR8908,49,2,33240,128,1000,300000,0.030084235860409144,0.0033333333333333335,13,334,0.83,3,0,0.13,0,0,0
USR8989,58,1,12551,330,24461,100000,1.9489283722412556,0.24461,15,80,0.81,2,1,0.29,0,0,0
USR1161,57,2,26947,136,1000,300000,0.03710988236167291,0.0033333333333333335,8,183,0.61,0,1,0.22,0,0,0
USR8438,24,3,57274,228,68489,300000,1.19581310891504,0.22829666666666668,7,686,0.29,1,1,0.0,2,0,0
USR8678,57,3,57510,51,114066,500000,1.9834115805946793,0.228132,14,211,0.77,0,0,0.56,0,0,0
USR2490,48,5,17225,144,23580,300000,1.3689404934687954,0.0786,4,128,0.21,2,0,0.38,0,0,0
USR1500,66,2,39358,342,30271,100000,0.769119365821434,0.30271,14,587,0.92,1,1,0.47,0,0,0
USR2117,25,2,33479,82,7686,500000,0.22957674960422952,0.015372,13,482,0.48,2,0,0.02,0,0,0
USR6757,52,0,24874,280,24086,300000,0.9683203344858085,0.08028666666666667,11,625,0.05,1,0,0.7,1,0,0
USR1179,64,1,40361,167,34015,100000,0.8427690096875697,0.34015,15,112,0.86,0,0,0.51,0,0,0
USR6106,49,1,33940,343,46365,100000,1.366087212728344,0.46365,13,221,0.69,1,0,0.92,0,0,0
USR8531,20,1,52669,96,87477,200000,1.6608821128177866,0.437385,2,590,0.85,0,0,0.14,0,1,0
USR4126,45,1,31032,254,11039,500000,0.3557295694766692,0.022078,10,509,0.12,3,0,0.11,0,0,0
USR1235,67,1,15683,62,9087,100000,0.5794172033411975,0.09087,14,525,0.75,0,0,0.17,2,0,0
USR1926,62,2,57806,337,39583,100000,0.6847559076912432,0.39583,0,24,0.89,3,0,0.94,0,0,0
USR6862,53,3,9340,358,1000,200000,0.10706638115631692,0.005,10,470,0.94,1,0,0.84,0,0,0
USR9058,38,4,33442,114,40564,500000,1.2129657317146103,0.081128,6,590,0.84,3,0,0.02,2,1,0
USR7407,45,1,30242,52,40027,300000,1.3235566430791614,0.13342333333333334,14,447,0.42,1,0,0.7,1,1,0
USR5759,29,3,24335,33,30930,500000,1.2710088350113007,0.06186,4,390,0.72,0,0,0.41,0,0,0
USR3093,29,3,51131,49,1000,500000,0.019557606931215898,0.002,5,334,0.56,0,1,0.98,1,0,0
USR8640,30,3,19530,214,1000,300000,0.051203277009728626,0.0033333333333333335,1,614,0.28,3,0,0.19,0,0,0
USR4945,67,4,49404,211,55130,200000,1.1159015464334872,0.27565,14,152,0.45,0,0,0.4,2,0,0
USR5794,34,3,11799,74,16739,300000,1.4186795491143318,0.05579666666666667,10,410,0.46,1,1,0.46,1,0,0
USR9894,24,1,58706,240,59260,300000,1.0094368548359622,0.19753333333333334,16,121,0.5,0,0,0.43,1,1,0
USR7513,20,1,45485,19,53992,200000,1.1870286907771792,0.26996,1,448,0.7,3,0,0.11,0,1,0
USR4312,41,1,26080,193,9351,200000,0.3585506134969325,0.046755,8,354,0.14,1,1,0.15,1,0,0
USR9746,38,1,28790,106,42084,200000,1.4617575547064954,0.21042,5,400,0.6,3,1,0.97,0,0,0
USR5230,47,0,10421,243,19543,200000,1.8753478552921985,0.097715,7,395,0.22,1,1,0.3,1,0,0
USR9801,54,2,45621,48,44322,500000,0.9715262707963438,0.088644,24,152,0.87,1,0,0.74,0,0,0
USR7883,43,1,40773,77,37765,300000,0.9262256885684154,0.12588333333333335,5,164,0.85,0,1,0.41,2,1,0
USR9303,66,2,32952,197,52399,100000,1.590161446953144,0.52399,3,257,0.23,3,1,0.69,1,1,0
USR6444,24,2,9637,141,18131,100000,1.8813946248832625,0.18131,1,481,0.65,2,1,0.17,0,0,0
USR6478,56,1,57827,160,80803,100000,1.397323049786432,0.80803,1,559,0.01,0,0,0.26,0,0,0
USR2500,37,1,56145,5,1000,300000,0.01781102502449016,0.0033333333333333335,16,72,0.29,0,1,0.43,0,0,0
USR6747,69,1,26226,78,52394,200000,1.99778845420575,0.26197,15,235,0.3,1,0,0.95,1,0,0
USR5601,27,2,21521,1,14225,500000,0.6609822963616933,0.02845,5,519,0.9,0,0,0.15,0,0,0
USR6668,35,3,25548,193,19634,200000,0.7685141694066072,0.09817,0,223,0.76,1,0,0.51,1,0,0
USR2271,56,5,28133,266,19954,500000,0.7092738065616891,0.039908,5,8,0.99,0,0,0.11,0,0,0
USR2892,62,2,50327,73,85472,500000,1.698332902815586,0.170944,11,213,0.48,2,0,0.91,0,0,0
USR3031,37,3,40116,198,24229,300000,0.6039734769169409,0.08076333333333334,9,586,0.78,1,1,0.51,0,0,0
USR3945,59,1,55251,92,1000,100000,0.01809921992362129,0.01,4,424,0.91,3,1,0.56,0,0,0
USR9385,56,2,26850,347,19959,500000,0.7433519553072626,0.039918,8,476,0.34,0,1,0.85,0,0,0
USR6753,54,2,15495,32,6794,500000,0.43846402065182316,0.013588,16,374,0.6,2,0,0.89,1,0,0
USR8227,57,1,54056,64,107747,100000,1.993247743081249,1.07747,3,463,0.56,1,0,0.85,0,0,0
USR4775,45,2,9959,83,6181,200000,0.6206446430364494,0.030905,2,20,0.34,0,1,0.81,0,0,0
USR9536,21,2,36428,18,1000,300000,0.02745141100252553,0.0033333333333333335,3,145,0.95,0,1,0.51,2,0,0
USR8131,22,2,36779,191,20132,200000,0.5473775795970527,0.10066,3,548,0.47,1,0,0.7,0,0,0
USR9035,23,1,48877,151,62426,500000,1.2772060478343596,0.124852,4,241,0.9,3,1,0.32,1,0,0
USR1826,62,3,50424,78,68115,500000,1.3508448357924798,0.13623,14,82,0.22,3,1,0.53,1,1,0
USR6158,39,1,31187,6,1000,300000,0.032064642318914933,0.0033333333333333335,9,446,0.91,1,0,0.08,1,0,0
USR7785,69,2,46496,100,13598,200000,0.29245526496902957,0.06799,19,376,0.98,0,0,0.13,0,1,0
USR1820,51,4,50225,296,60631,300000,1.207187655550025,0.20210333333333333,3,26,0.03,1,1,0.07,1,0,0
USR9300,25,2,47634,116,15165,500000,0.3183650333795188,0.03033,10,620,0.55,0,1,0.38,2,1,0
USR3589,42,3,7699,66,10707,100000,1.3907000909208989,0.10707,5,246,0.04,3,0,0.15,0,0,0
USR1040,58,0,35527,325,44073,100000,1.24054944127002,0.44073,1,20,0.03,3,1,0.21,0,0,0
USR5524,70,1,52083,286,77114,500000,1.4805982758289653,0.154228,3,338,0.54,0,0,0.27,2,1,0
USR4161,37,2,51715,145,98307,200000,1.9009378323503818,0.491535,18,646,0.51,3,0,0.69,2,0,0
USR3478,36,2,42312,126,65491,300000,1.547811495556816,0.21830333333333332,5,284,0.72,3,1,0.43,0,0,0
USR8128,26,2,17388,59,1000,200000,0.05751092707614447,0.005,8,617,0.05,0,0,0.71,0,0,0
USR1088,41,4,43351,13,1000,200000,0.02306751862702129,0.005,4,260,0.96,1,0,0.47,0,1,0
USR3708,31,1,11311,23,14442,100000,1.276810184775882,0.14442,20,390,0.26,2,1,0.8,0,0,0
USR8144,42,2,47446,279,32509,100000,0.6851789402689373,0.32509,0,126,0.25,2,0,0.05,2,0,0
USR3470,46,3,25622,158,31961,200000,1.247404574194052,0.159805,1,263,0.5,1,0,0.19,2,0,0
USR8502,62,6,19797,285,10520,300000,0.5313936455018438,0.03506666666666667,15,7,0.49,2,0,0.66,2,0,0
USR1779,23,2,20889,323,31495,500000,1.5077313418545646,0.06299,9,653,0.81,3,0,0.19,0,0,0
USR4874,25,4,21312,299,22845,100000,1.0719313063063063,0.22845,1,609,0.56,0,0,0.21,0,0,0
USR5084,34,3,21484,316,41609,100000,1.9367436231614223,0.41609,0,36,0.89,0,0,0.03,1,0,0
USR8689,30,1,44826,358,42776,500000,0.9542676125462901,0.085552,5,264,0.31,3,0,0.51,2,0,0
USR9680,50,3,51479,132,1000,200000,0.0194253967637289,0.005,4,677,0.62,0,0,0.44,0,0,0
USR9479,42,1,54252,2,27508,200000,0.5070412150704121,0.13754,11,344,0.84,0,0,0.16,0,1,0
USR4956,38,3,38889,164,16338,300000,0.4201187996605724,0.05446,11,112,0.73,0,0,0.7,0,0,0
USR2033,59,5,47597,50,56918,100000,1.1958316700632392,0.56918,15,144,0.22,0,0,0.97,1,0,0
USR5434,30,3,48357,211,103517,500000,2.1406828380586056,0.207034,4,140,0.53,3,1,0.13,2,0,0
USR9094,30,3,35432,329,38154,500000,1.0768232106570332,0.076308,13,122,0.57,1,0,0.37,0,0,0
USR1448,64,4,28828,234,56100,300000,1.9460246982100735,0.187,5,246,0.78,2,1,0.92,2,1,1
USR7553,61,0,11607,110,10550,200000,0.9089342638063238,0.05275,9,638,0.05,0,0,0.61,2,0,0
USR6886,48,2,48738,90,110052,300000,2.258032746522221,0.36684,14,290,0.21,0,0,0.3,0,0,0
USR8359,53,0,45659,130,39115,300000,0.8566766683457807,0.13038333333333332,5,507,0.84,3,0,0.87,0,0,0
USR6428,40,5,41677,138,22127,300000,0.5309163327494781,0.07375666666666666,13,629,0.95,0,0,0.89,0,1,0
USR6228,57,2,30693,203,30250,100000,0.9855667416023197,0.3025,8,395,0.43,0,0,0.28,0,0,0
USR5391,29,2,29214,187,50654,300000,1.7338947080167044,0.16884666666666667,5,621,0.36,0,1,0.7,0,0,0
USR3502,50,2,40528,138,52927,300000,1.3059366363995262,0.17642333333333332,1,620,0.46,1,0,0.17,2,0,0
USR5503,52,2,10188,182,4810,500000,0.47212406753042796,0.00962,7,385,0.47,1,0,0.12,1,1,0
USR9450,59,0,46633,196,25390,200000,0.5444642206163017,0.12695,3,616,0.76,1,1,0.3,1,1,0
USR8922,21,3,41392,160,13161,200000,0.3179599922690375,0.065805,14,597,0.19,0,0,0.91,0,0,0
USR7415,20,3,17057,131,11222,300000,0.6579117078032479,0.037406666666666664,0,222,0.55,1,0,0.62,1,0,0
USR5226,61,0,36999,247,19271,300000,0.5208519149166194,0.06423666666666666,12,211,0.4,2,0,0.53,1,0,0
USR8886,60,0,5904,24,8729,300000,1.478489159891599,0.029096666666666667,13,134,0.72,0,0,0.37,2,0,0
USR7997,19,0,46823,236,37686,300000,0.8048608589795613,0.12562,13,227,0.76,1,0,0.24,0,1,0
USR5121,37,3,58888,299,61993,100000,1.0527272109767694,0.61993,4,319,0.7,0,1,0.23,2,0,0
USR4453,19,4,45887,198,25325,100000,0.55189923071894,0.25325,1,252,0.91,3,0,0.43,2,0,0
USR5615,40,2,59696,278,19346,300000,0.32407531492897346,0.06448666666666666,8,226,0.33,1,0,0.79,2,1,0
USR6103,28,2,51181,231,99593,200000,1.9458978917957837,0.497965,16,308,0.11,0,1,0.28,0,0,0
USR4675,21,1,35115,85,30246,100000,0.8613413071337035,0.30246,4,600,0.44,1,0,0.29,2,0,0
USR7430,50,3,42199,78,51611,100000,1.223038460627029,0.51611,0,478,0.92,0,0,0.04,2,0,0
USR4463,35,0,8065,255,10251,200000,1.2710477371357718,0.051255,18,502,0.7,0,0,0.23,0,0,0
USR1015,57,2,37965,338,64142,100000,1.689503490056631,0.64142,11,450,0.58,1,0,0.06,0,0,0
USR1269,37,0,21179,117,14464,300000,0.682940648755843,0.04821333333333333,4,572,0.27,1,0,0.81,0,1,0
USR8120,34,0,43329,333,64093,100000,1.4792171524844793,0.64093,9,43,0.1,1,0,0.42,0,0,0
USR2465,63,2,55404,105,38811,300000,0.7005089885206844,0.12937,21,281,0.69,1,0,0.17,2,1,0
USR8523,32,3,54792,154,78667,300000,1.4357387939845232,0.2622233333333333,4,27,0.49,0,0,0.48,2,0,0
USR4962,18,1,44109,61,34887,200000,0.7909270216962525,0.174435,7,458,0.38,1,1,0.13,1,0,0
USR8322,56,1,10004,39,10268,200000,1.0263894442223112,0.05134,18,442,0.95,1,1,0.82,0,0,0
USR7919,60,0,12181,92,17079,100000,1.402101633691815,0.17079,4,586,0.68,0,1,0.84,0,0,0
USR7046,33,5,47828,238,70064,500000,1.4649159488165928,0.140128,9,507,0.96,3,1,0.08,0,0,0
USR2241,43,1,16575,72,11542,100000,0.6963499245852187,0.11542,16,111,0.59,2,0,0.5,1,0,0
USR8420,69,4,7010,323,15110,300000,2.1554921540656204,0.050366666666666664,8,427,0.47,1,0,0.24,0,1,0
USR7459,28,3,26225,256,25680,300000,0.9792183031458532,0.0856,13,532,0.16,1,0,0.2,2,1,0
USR1804,43,2,25394,176,13756,500000,0.5417027644325432,0.027512,7,691,0.01,1,1,0.4,0,0,0
USR1613,53,4,47029,81,17266,200000,0.3671351719152013,0.08633,4,503,0.29,0,0,0.07,0,1,0
USR7845,56,2,40672,188,5280,100000,0.12981904012588513,0.0528,5,210,0.18,0,0,0.25,2,0,0
USR5324,35,0,25177,226,1000,300000,0.03971879096000318,0.0033333333333333335,10,6,0.9,3,1,0.78,2,0,0
USR5663,42,4,31719,37,21627,100000,0.6818310791639081,0.21627,5,323,0.58,1,0,0.67,0,0,0
USR4885,42,4,43263,113,22135,500000,0.5116381203337725,0.04427,10,166,0.98,2,1,0.18,2,0,0
USR6016,65,0,18584,160,16178,500000,0.8705337925096858,0.032356,6,441,0.51,0,1,0.42,0,0,0
USR1488,39,2,36945,348,37991,300000,1.02831235620517,0.12663666666666668,9,663,0.48,0,0,0.4,0,0,0
USR3110,20,1,34193,298,78287,500000,2.289562191091744,0.156574,6,638,0.55,1,0,0.58,1,0,0
USR2873,70,2,54399,149,71203,100000,1.3089027371826687,0.71203,5,359,0.43,1,0,0.04,0,0,0
USR1935,22,3,48786,51,58011,300000,1.1890911327020046,0.19337,4,53,0.44,0,1,0.46,0,0,0
USR3879,19,3,30222,247,4103,300000,0.1357620276619681,0.013676666666666667,4,54,0.99,2,0,0.17,0,0,0
USR5943,39,1,31084,138,32376,100000,1.0415647921760391,0.32376,1,674,0.37,0,0,0.92,2,0,0
USR5356,42,4,11630,234,16765,500000,1.441530524505589,0.03353,13,437,0.44,3,0,0.89,2,0,0
USR8050,59,0,24167,23,25375,300000,1.0499855174411388,0.08458333333333333,21,409,0.53,1,1,0.42,2,0,0
USR8754,57,1,12966,325,5370,100000,0.4141601110596946,0.0537,3,448,0.0,0,0,0.74,0,0,0
USR4115,44,1,11220,32,11342,300000,1.010873440285205,0.03780666666666667,0,115,0.09,0,0,0.8,0,1,0
USR9986,45,0,30132,242,53831,300000,1.7865060400902695,0.17943666666666666,6,536,0.59,2,0,0.9,0,1,0
USR1023,63,1,51166,313,1000,100000,0.01954422858929758,0.01,6,642,0.92,1,0,0.73,0,1,0
USR4130,44,1,58142,300,37591,200000,0.6465377867978398,0.187955,5,485,0.99,2,0,0.35,0,0,0
USR1791,33,2,32430,341,21992,300000,0.6781375269811902,0.07330666666666667,7,116,0.72,1,0,0.74,2,0,0
USR1555,30,3,53615,48,64224,500000,1.1978737293667816,0.128448,15,550,0.44,1,0,0.88,1,0,0
USR6782,23,1,12893,321,11694,300000,0.9070038005119057,0.03898,7,25,0.51,0,0,0.8,2,1,0
USR5724,32,1,18332,255,21921,500000,1.1957778747545276,0.043842,6,285,0.6,3,1,0.67,0,0,0
USR6607,55,1,26472,152,1000,300000,0.037775763070414026,0.0033333333333333335,17,661,0.08,3,0,0.54,2,0,0
USR8400,28,2,24334,311,1000,100000,0.04109476452699926,0.01,12,78,0.56,0,0,0.24,0,1,0
USR2072,70,2,14309,185,24241,500000,1.6941086029771473,0.048482,7,363,0.87,0,0,0.54,0,1,0
USR8514,19,0,30953,320,20909,200000,0.6755080283009725,0.104545,18,156,0.59,0,1,0.11,0,0,0
USR8736,19,2,53979,39,6031,200000,0.11172863520998907,0.030155,18,12,0.61,0,0,0.63,0,0,0
USR3975,51,2,31675,164,1350,200000,0.042620363062352014,0.00675,13,629,0.36,0,0,0.73,1,0,0
USR6647,61,2,24860,252,26513,500000,1.0664923572003218,0.053026,10,125,0.5,0,0,0.85,0,0,0
USR7612,49,0,48430,21,73053,100000,1.5084245302498451,0.73053,8,246,0.4,1,0,0.03,1,0,0
USR1629,30,2,20649,281,42150,300000,2.041261078018306,0.1405,1,155,0.4,2,0,0.89,2,0,0
USR1304,25,2,10600,143,16705,100000,1.575943396226415,0.16705,11,203,0.39,0,1,0.69,0,0,0
USR2401,52,2,45863,273,71518,300000,1.5593833809388833,0.23839333333333335,10,10,0.91,0,0,0.53,2,0,0
USR6899,22,3,58640,155,62670,300000,1.068724420190996,0.2089,5,22,0.87,1,0,0.08,1,0,0
USR3670,43,1,35012,256,18737,500000,0.5351593739289386,0.037474,7,413,0.16,0,1,0.95,0,0,0
USR2158,48,4,28701,220,5424,200000,0.18898296226612313,0.02712,3,105,0.79,2,1,0.01,0,0,0
USR1563,57,2,36964,235,22725,200000,0.6147873606752516,0.113625,9,596,0.65,1,1,0.15,0,0,0
USR9394,61,1,10933,348,16947,100000,1.5500777462727522,0.16947,6,494,0.18,0,0,0.45,0,0,0
USR9943,63,1,6777,40,8035,300000,1.1856278589346319,0.026783333333333333,9,39,0.7,0,0,0.95,0,1,0
USR1907,44,0,5604,139,5206,100000,0.9289793004996431,0.05206,10,610,0.51,1,0,0.36,1,0,0
USR7375,36,2,39653,39,55316,300000,1.3950016392202356,0.18438666666666667,2,471,0.06,1,0,0.67,0,0,0
USR4713,55,1,10500,188,1000,300000,0.09523809523809523,0.0033333333333333335,8,682,0.14,3,1,0.88,0,0,0
USR7596,43,0,16848,195,2780,200000,0.16500474833808168,0.0139,11,307,0.66,1,0,0.49,0,0,0
USR5694,47,1,16519,136,22102,500000,1.3379744536594225,0.044204,7,289,0.76,3,0,0.48,0,0,0
USR2736,44,2,13496,235,7555,200000,0.5597954949614701,0.037775,0,67,0.91,0,0,0.48,1,0,0
USR1461,33,1,57464,186,53050,500000,0.9231866907977169,0.1061,5,312,0.22,1,0,0.1,0,1,0
USR4357,64,2,49127,114,45456,300000,0.9252753068577361,0.15152,14,569,0.53,0,0,0.42,0,0,0
USR3625,51,2,20176,364,26315,200000,1.304272402854877,0.131575,5,513,0.42,0,0,0.24,0,1,0
USR1775,31,0,50837,17,47809,500000,0.9404370832267837,0.095618,10,311,0.53,0,0,0.83,0,0,0
USR5623,37,2,41338,230,65841,300000,1.592747593013692,0.21947,7,360,0.06,3,0,0.07,1,0,0
USR9245,65,3,31720,130,28269,100000,0.891204287515763,0.28269,10,662,0.54,0,0,0.14,2,0,0
USR6983,26,1,21228,154,7571,100000,0.35665159223666854,0.07571,13,393,0.0,2,0,0.29,1,0,0
USR2556,66,0,35816,266,55444,100000,1.5480232298414116,0.55444,4,178,0.25,0,0,0.86,0,0,0
USR5979,58,0,29781,10,45213,200000,1.5181827339578926,0.226065,7,314,0.09,0,1,0.21,2,0,0
USR2358,59,3,47008,59,1000,500000,0.021272974812797822,0.002,11,177,0.36,1,1,0.3,0,0,0
USR2598,47,1,48060,7,53312,300000,1.1092800665834375,0.17770666666666668,3,694,0.15,0,0,0.93,1,0,0
USR2048,33,1,48663,335,61299,200000,1.2596633992972073,0.306495,5,469,0.23,0,0,0.91,2,0,0
USR2592,48,4,28738,316,55962,300000,1.947317141067576,0.18654,11,436,0.84,3,1,0.52,0,1,1
USR8833,69,3,40251,116,52622,100000,1.307346401331644,0.52622,10,287,0.07,0,0,0.37,0,0,0
USR8034,39,3,6210,56,5944,200000,0.9571658615136877,0.02972,0,452,0.48,1,0,0.27,0,0,0
USR2589,37,3,27586,215,13757,300000,0.4986949902124266,0.045856666666666664,13,287,0.7,3,0,0.66,2,0,0
USR1351,30,3,50536,179,76469,200000,1.5131589362038942,0.382345,11,237,0.43,3,0,0.69,0,1,0
USR8033,18,1,5826,313,5872,100000,1.0078956402334363,0.05872,0,72,0.52,1,0,0.23,0,0,0
USR9479,66,0,31231,145,12368,200000,0.3960167782011463,0.06184,10,259,0.9,0,0,0.8,0,0,0
USR9601,57,6,27673,113,11849,100000,0.42817909153326345,0.11849,16,264,0.22,1,0,0.72,1,0,0
USR4575,45,3,53319,24,42280,300000,0.7929631088354996,0.14093333333333333,4,509,0.06,0,0,0.41,2,1,0
USR3297,53,1,50122,9,41226,100000,0.8225130681138023,0.41226,8,197,0.11,1,0,0.88,1,0,0
USR8536,56,1,26382,72,30886,500000,1.1707224622848913,0.061772,9,607,0.47,0,0,0.58,1,0,0
USR4841,66,6,6735,128,1755,500000,0.26057906458797325,0.00351,8,45,0.56,2,0,0.79,0,0,0
USR4039,58,0,40894,205,33304,100000,0.8143982002249719,0.33304,0,267,0.61,2,0,0.2,0,1,0
USR3503,65,0,59762,216,117902,100000,1.9728590073960042,1.17902,6,235,0.33,0,1,0.53,0,0,0
USR6792,56,0,26466,18,31954,100000,1.207360386911509,0.31954,5,394,0.4,0,1,0.4,1,0,0
USR9734,30,1,27790,251,32901,200000,1.183915077365959,0.164505,3,614,0.36,0,1,0.48,2,1,0
USR6547,62,3,35015,272,33868,100000,0.9672426103098672,0.33868,6,393,0.15,3,0,0.61,0,0,0
USR6273,70,2,31018,31,47167,500000,1.5206331807337674,0.094334,6,543,0.85,2,0,0.31,2,1,0
USR3962,55,2,6685,335,4482,100000,0.6704562453253553,0.04482,9,323,0.72,3,0,0.83,1,0,0
USR5277,44,1,18064,194,26652,200000,1.4754207263064658,0.13326,1,513,0.64,0,1,0.4,1,0,0
USR9954,49,1,11142,309,1205,300000,0.10814934482139651,0.004016666666666667,2,464,0.03,1,0,0.93,0,1,0
USR2418,58,2,20792,174,1000,300000,0.04809542131589073,0.0033333333333333335,5,119,0.42,1,0,0.61,0,0,0
USR2624,18,1,43913,164,81056,100000,1.8458315305262678,0.81056,0,157,0.46,1,0,0.47,0,1,0
USR1476,55,0,21883,79,27149,200000,1.2406434218343005,0.135745,5,584,0.46,0,1,0.72,1,0,0
USR5230,37,2,32228,170,6498,500000,0.2016259153531091,0.012996,14,464,0.83,2,0,0.21,1,0,0
USR4476,33,0,54538,236,43282,200000,0.7936117936117936,0.21641,8,274,0.63,1,0,0.73,1,0,0
USR6413,51,1,55295,300,64891,100000,1.173541911565241,0.64891,0,93,0.9,3,0,0.08,0,0,0
USR6480,52,0,59714,150,34188,300000,0.5725290551629434,0.11396,9,238,0.64,2,1,0.66,2,1,0
USR7579,68,2,33950,254,29591,500000,0.8716053019145803,0.059182,12,362,0.04,1,0,0.01,0,0,0
USR9844,18,4,58588,67,128465,100000,2.1926845087731275,1.28465,1,359,0.04,3,0,0.11,1,0,0
USR8690,37,0,12177,130,9424,200000,0.7739180422107251,0.04712,5,243,0.35,2,1,0.43,0,0,0
USR3840,64,1,21683,296,15785,100000,0.7279896693262002,0.15785,1,438,0.34,1,0,0.79,1,0,0
USR7829,24,2,28147,234,18385,100000,0.653177958574626,0.18385,5,164,0.02,3,0,0.01,0,1,0
USR1704,70,1,55927,101,51507,500000,0.9209684052425483,0.103014,15,403,0.32,0,0,0.58,1,0,0
USR1180,46,4,23132,104,26080,100000,1.127442503890714,0.2608,13,606,0.33,0,0,0.85,0,0,0
USR9767,35,1,46457,12,38528,500000,0.829326043438018,0.077056,13,512,0.55,1,0,0.29,1,1,0
USR1518,27,2,12624,49,1000,500000,0.07921419518377694,0.002,1,304,0.06,0,0,0.8,0,0,0
USR2714,44,0,47435,21,31672,200000,0.667692632022768,0.15836,9,370,0.95,0,1,0.41,0,0,0
USR2814,41,1,53498,363,59948,100000,1.1205652547758795,0.59948,6,211,0.4,0,0,0.52,0,0,0
USR1423,20,2,36138,49,45107,100000,1.248187503458963,0.45107,16,238,0.08,0,0,0.61,1,0,0
USR8872,69,2,35716,356,52647,100000,1.4740452458282003,0.52647,10,673,0.29,1,0,0.67,2,0,0
USR4158,50,1,14632,253,25961,100000,1.7742618917441224,0.25961,14,507,0.0,1,0,0.36,0,0,0
USR8105,57,3,44933,86,56248,100000,1.2518193755146552,0.56248,7,584,0.03,1,0,0.62,1,0,0
USR7338,42,1,51058,216,38874,300000,0.7613694230091269,0.12958,2,626,0.49,3,0,0.58,0,0,0
USR7792,44,3,26831,332,41470,100000,1.5456002385300585,0.4147,15,226,0.27,0,1,0.53,1,0,0
USR5496,33,4,13725,364,2046,200000,0.1490710382513661,0.01023,1,458,0.78,3,0,0.57,0,0,0
USR4385,48,1,24042,44,24553,500000,1.0212544713418186,0.049106,14,556,0.65,0,0,0.36,0,1,0
USR3900,52,4,26647,233,10819,300000,0.4060119338011784,0.036063333333333336,12,51,0.59,0,0,0.7,2,0,0
USR1129,19,1,51677,223,1000,500000,0.019350968515974225,0.002,0,336,0.11,0,1,0.34,1,1,0
USR5395,30,1,8602,169,6258,300000,0.7275052313415484,0.02086,10,168,0.2,0,0,0.77,1,0,0
USR6393,40,1,7672,118,3480,300000,0.45359749739311783,0.0116,12,450,0.44,0,1,0.98,1,0,0
USR5469,52,1,41489,234,29483,100000,0.7106220926028586,0.29483,15,449,0.76,0,0,0.22,1,0,0
USR9239,63,2,47088,87,35344,100000,0.7505946313285763,0.35344,6,162,0.41,0,0,0.36,0,0,0
USR3828,53,4,39870,199,9724,200000,0.2438926511161274,0.04862,7,570,0.68,1,0,0.63,0,0,0
USR6710,40,1,56586,353,45935,200000,0.8117732301275934,0.229675,5,448,0.94,0,0,0.2,1,0,0
USR7775,61,1,32761,147,31348,200000,0.9568694484295351,0.15674,9,477,0.62,2,0,0.86,0,1,0
USR1045,66,1,22730,214,22914,100000,1.0080950285965684,0.22914,14,445,0.53,1,0,0.69,1,0,0
USR3247,61,1,39670,195,60082,100000,1.5145449962188051,0.60082,11,49,0.59,0,0,0.23,0,0,0
USR6696,58,3,5545,39,7064,100000,1.2739404869251578,0.07064,14,258,0.13,2,0,0.33,0,1,0
USR5268,47,0,44212,111,40334,200000,0.9122862571247625,0.20167,2,243,0.53,0,0,0.24,0,0,0
USR3274,67,1,30966,111,61717,500000,1.9930569011173545,0.123434,4,88,0.24,1,0,0.06,1,0,0
USR6041,32,0,18697,5,11476,500000,0.6137883082847516,0.022952,9,279,0.58,1,0,0.97,1,1,0
USR4541,55,0,43127,266,31132,100000,0.7218679713404595,0.31132,19,391,0.6,0,0,0.82,0,1,0
USR5339,67,7,13610,167,14028,200000,1.030712711241734,0.07014,6,394,0.71,1,0,0.29,2,0,0
USR4288,60,1,20924,225,27866,100000,1.3317721277002486,0.27866,8,153,0.57,2,0,0.26,0,0,0
USR9358,22,2,56853,156,105654,500000,1.8583715898897155,0.211308,1,420,0.53,0,1,0.94,0,0,0
USR6182,29,1,7368,32,10158,100000,1.3786644951140066,0.10158,1,319,0.57,3,0,0.14,2,0,0
USR9654,41,1,55583,325,80704,200000,1.4519547343612256,0.40352,0,280,0.51,3,0,0.38,0,0,0
USR6828,70,2,57245,148,79543,200000,1.3895187352607214,0.397715,1,535,0.12,1,0,0.18,2,0,0
USR1165,44,2,6484,356,3784,200000,0.5835903763109191,0.01892,1,112,0.2,0,0,0.98,1,0,0
USR8241,64,5,27286,87,33636,300000,1.2327200762295683,0.11212,9,343,0.97,1,1,0.22,0,1,0
USR6848,24,1,45170,310,40259,100000,0.8912773965021031,0.40259,12,298,0.44,0,1,0.45,0,0,0
USR5275,44,3,18736,242,19843,500000,1.0590841161400513,0.039686,10,212,0.42,3,0,0.32,1,1,0
USR5705,60,3,59430,201,1000,500000,0.016826518593303044,0.002,8,373,0.84,1,0,0.25,0,1,0
USR9368,18,0,11962,243,1000,100000,0.08359806052499583,0.01,10,666,0.34,1,1,0.43,1,0,0
USR7977,63,2,47779,71,75018,300000,1.570104020594822,0.25006,16,36,0.9,0,0,0.61,0,0,0
USR4022,19,0,33271,149,19498,500000,0.5860358871088936,0.038996,11,224,0.65,3,0,0.82,0,1,0
USR3686,20,4,22059,97,1000,300000,0.04533297066956798,0.0033333333333333335,12,72,0.18,0,1,0.2,0,1,0
USR7635,66,2,17611,175,30752,300000,1.746181363920277,0.10250666666666666,6,523,0.44,1,0,0.07,0,1,0
USR2471,22,2,42487,338,84078,100000,1.9789111963659471,0.84078,3,244,0.52,1,0,0.57,0,0,0
USR7158,31,2,58719,27,33333,100000,0.5676697491442293,0.33333,1,280,0.27,2,0,0.85,2,0,0
USR5676,53,2,12919,21,23022,500000,1.782026472637201,0.046044,1,506,0.05,1,0,0.46,1,0,0
USR4423,66,2,58631,91,115561,200000,1.9709880438675786,0.577805,0,663,0.3,0,0,0.3,1,0,0
USR8178,38,1,51326,29,38195,300000,0.744164750808557,0.12731666666666666,2,628,0.88,1,1,0.42,2,1,0
USR9766,64,3,28041,334,43055,200000,1.5354302628294283,0.215275,18,460,0.51,2,1,0.79,0,0,0
USR8252,21,2,6827,122,14496,300000,2.1233338215907427,0.04832,3,410,0.45,1,0,0.87,2,0,0
USR7565,29,2,32061,72,4632,500000,0.1444745953027042,0.009264,0,291,0.26,1,0,0.07,1,0,0
USR7728,56,2,24797,76,1000,300000,0.0403274589668105,0.0033333333333333335,5,525,0.27,3,1,0.51,0,0,0
USR5980,46,2,15715,348,19251,300000,1.2250079541839007,0.06417,21,118,0.97,2,1,0.69,2,0,0
USR8718,39,0,42853,101,65298,300000,1.5237672975054255,0.21766,13,471,0.04,1,0,0.74,2,0,0
USR1469,26,1,46206,182,1000,200000,0.02164221096827252,0.005,10,535,0.43,1,0,0.69,1,1,0
USR5503,39,1,50309,74,65226,500000,1.2965075831362183,0.130452,9,482,0.31,2,1,0.11,1,0,0
USR1434,22,3,13906,230,13854,300000,0.9962606069322595,0.04618,5,13,0.84,0,0,0.43,1,0,0
USR7841,49,3,20878,301,1000,300000,0.047897308171280774,0.0033333333333333335,7,172,0.16,0,1,0.56,0,0,0
USR4529,30,1,38374,111,82378,100000,2.146713920883932,0.82378,10,55,0.21,1,0,0.92,2,0,0
USR2909,27,1,46450,363,1062,500000,0.02286329386437029,0.002124,4,105,0.65,2,0,0.66,2,0,0
USR6080,70,3,10018,251,6293,200000,0.6281692952685167,0.031465,15,381,0.93,0,0,0.37,0,0,0
USR4099,62,0,27370,274,10807,500000,0.3948483741322616,0.021614,2,438,0.93,0,0,0.64,0,0,0
USR2156,18,2,16875,75,26468,200000,1.5684740740740741,0.13234,13,287,0.7,3,0,0.82,1,1,0
USR8737,67,1,5238,118,6816,500000,1.3012600229095075,0.013632,8,690,0.77,1,0,0.7,0,0,0
USR6078,65,4,15226,116,19705,500000,1.2941678707474058,0.03941,1,317,0.34,2,1,0.96,1,1,0
USR6502,36,2,23246,293,18841,100000,0.8105050331239784,0.18841,9,635,0.22,1,0,0.64,2,0,0
USR7745,50,1,25537,78,25415,500000,0.9952226181618827,0.05083,1,263,0.45,1,0,0.87,1,1,0
USR2019,31,1,56348,49,56699,200000,1.0062291474409029,0.283495,13,105,0.49,0,0,0.99,0,1,0
USR4099,18,3,27792,231,3805,200000,0.1369099021301094,0.019025,12,395,0.88,1,0,0.72,0,1,0
USR1902,46,2,34651,122,16127,100000,0.4654122536146143,0.16127,10,568,0.5,0,0,0.44,2,1,0
USR8906,32,3,35192,20,52521,200000,1.4924130484200955,0.262605,8,296,0.72,0,0,0.63,0,1,0
USR4635,47,2,55748,108,43855,300000,0.7866649924660974,0.14618333333333333,4,695,0.14,1,0,0.49,2,0,0
USR5379,64,1,31069,118,39668,300000,1.2767710579677491,0.13222666666666666,5,56,0.37,1,0,0.49,1,0,0
USR2355,65,1,50817,296,7066,200000,0.1390479563925458,0.03533,1,352,0.54,1,1,0.06,0,0,0
USR7575,48,3,22893,185,11604,300000,0.5068798322631372,0.03868,0,455,0.83,3,0,0.99,1,1,0
USR6819,42,1,11215,348,7998,500000,0.7131520285332145,0.015996,5,7,0.36,0,0,0.37,2,0,0
USR8700,19,3,18133,356,23360,200000,1.2882589753488116,0.1168,19,109,0.7,0,0,0.64,2,0,0
USR5019,19,0,28875,139,10914,200000,0.37797402597402596,0.05457,12,351,0.86,1,0,0.88,2,1,0
USR9262,33,1,14270,132,5427,200000,0.3803083391730904,0.027135,9,45,0.95,1,0,0.98,0,1,0
USR7798,49,0,51443,232,41650,200000,0.8096339638045993,0.20825,8,133,0.15,0,0,0.86,1,1,0
USR6641,45,4,21073,238,18833,500000,0.8937028424998814,0.037666,12,384,0.4,0,0,0.95,2,0,0
USR2464,34,1,56508,59,30784,200000,0.5447724216040206,0.15392,8,183,0.76,1,1,0.73,0,0,0
USR6347,62,0,25227,226,64856,500000,2.5708962619415705,0.129712,6,660,0.1,3,0,0.3,0,1,0
USR9770,26,2,27579,306,6916,100000,0.2507705137967294,0.06916,11,642,0.49,1,0,0.46,0,0,0
USR8371,63,1,16902,292,13274,200000,0.7853508460537214,0.06637,1,21,0.08,0,0,0.57,0,1,0
USR6594,51,3,7044,325,12676,300000,1.7995457126632595,0.04225333333333333,19,277,0.39,0,0,0.29,1,0,0
USR2142,55,1,39085,15,32850,300000,0.8404758858897275,0.1095,13,539,0.12,2,0,0.01,2,0,0
USR4644,45,1,5104,190,4255,200000,0.8336598746081505,0.021275,11,636,0.23,0,0,0.75,0,0,0
USR7470,53,2,42397,354,71121,100000,1.6775007665636719,0.71121,11,476,0.16,3,0,0.62,1,1,0
USR2881,65,1,37376,251,63633,300000,1.7025096318493151,0.21211,0,399,0.33,1,1,0.49,1,0,0
USR7519,31,2,38003,71,26476,300000,0.6966818409072968,0.08825333333333334,10,18,0.58,2,0,0.78,0,0,0
USR5590,41,3,48989,19,57886,300000,1.1816121986568413,0.19295333333333334,0,404,0.27,2,0,0.65,1,0,0
USR6215,23,1,40353,73,26729,300000,0.6623795009045176,0.08909666666666667,2,470,0.47,1,0,0.95,0,0,0
USR6550,39,4,6460,212,9155,100000,1.4171826625386996,0.09155,4,590,0.28,0,0,0.75,1,0,0
USR8906,55,0,29774,329,36426,200000,1.2234164035735877,0.18213,18,598,0.47,1,0,0.82,0,0,0
USR4699,26,3,22751,74,11013,500000,0.4840666344336513,0.022026,9,617,0.62,0,0,0.21,0,0,0
USR3060,19,0,8784,138,6020,200000,0.6853369763205829,0.0301,11,132,0.12,1,0,0.95,1,0,0
USR4801,24,1,45407,168,88944,300000,1.958816922500936,0.29648,1,370,0.21,3,0,0.48,2,0,0
USR5065,22,2,20281,142,23629,200000,1.1650806173265618,0.118145,2,44,0.38,0,1,0.01,0,0,0
USR2721,63,2,17655,184,20686,500000,1.1716794109317474,0.041372,0,538,0.85,2,1,0.63,0,0,0
USR1701,38,1,11663,13,18091,100000,1.5511446454600017,0.18091,3,16,0.17,1,0,0.31,1,0,0
USR6504,28,0,48280,269,70606,500000,1.462427506213753,0.141212,13,590,0.95,2,0,0.9,0,0,0
USR9461,67,2,14947,179,16591,300000,1.1099886264802301,0.055303333333333336,13,395,0.35,3,0,0.51,2,0,0
USR7277,36,2,36568,195,46694,100000,1.2769087726974404,0.46694,10,340,0.12,0,0,0.22,2,0,0
USR3365,18,2,51041,266,55699,300000,1.0912599674771262,0.18566333333333335,9,264,0.68,1,0,0.25,0,0,0
USR5973,63,3,52558,75,72202,500000,1.3737585144031357,0.144404,9,148,0.22,1,0,0.15,0,1,0
USR9170,28,2,11303,242,13057,100000,1.15518004069716,0.13057,5,315,0.14,1,0,0.56,1,0,0
USR1796,61,2,57620,293,38508,500000,0.6683096147171121,0.077016,6,657,0.9,1,0,0.43,2,0,0
USR2850,45,2,22582,222,14550,300000,0.644318483748118,0.0485,1,194,0.75,0,0,0.63,1,0,0
USR7494,57,2,59544,327,128895,500000,2.164701733172108,0.25779,9,153,0.27,1,1,0.97,0,0,0
USR2121,47,4,11803,2,19579,500000,1.6588155553672794,0.039158,5,168,0.72,3,0,0.18,0,0,0
USR3186,36,0,24832,343,27354,100000,1.1015625,0.27354,7,691,0.21,1,0,0.43,0,1,0
USR1428,20,3,6708,193,15094,300000,2.250149075730471,0.050313333333333335,7,485,0.32,2,0,0.79,0,0,0
USR8957,21,3,24255,71,30628,300000,1.2627499484642342,0.10209333333333333,12,618,0.11,1,0,0.94,0,1,0
USR9725,66,1,20744,12,46884,100000,2.260123409178558,0.46884,2,583,0.96,0,0,0.27,1,1,1
USR5894,67,2,21616,26,27116,100000,1.254441154700222,0.27116,3,489,0.37,3,0,0.43,1,1,0
USR6555,52,4,51523,90,89999,500000,1.7467732857170584,0.179998,7,176,0.42,2,0,0.14,2,0,0
USR6275,29,2,9661,41,11601,200000,1.200807369837491,0.058005,13,267,0.01,0,0,0.23,1,1,0
USR5605,48,4,46741,243,57867,200000,1.2380351297576004,0.289335,9,19,0.19,0,0,0.9,2,0,0
USR7723,60,4,43701,95,4937,200000,0.11297224319809615,0.024685,14,658,0.13,1,0,0.13,0,0,0
USR2476,53,4,31685,217,13108,100000,0.41369733312292883,0.13108,22,275,0.97,3,0,0.02,1,1,0
USR5534,32,1,30740,80,54796,100000,1.7825634352635003,0.54796,3,615,0.86,0,0,0.78,1,0,0
USR7523,35,2,55664,256,58344,300000,1.0481460189709686,0.19448,7,658,0.52,3,0,0.06,0,0,0
USR9705,62,2,26747,58,35889,100000,1.34179534153363,0.35889,8,469,0.8,2,0,0.62,1,0,0
USR7928,21,3,54929,313,1000,300000,0.01820531959438548,0.0033333333333333335,17,196,0.04,1,0,0.36,2,0,0
USR6718,39,0,46124,42,16286,500000,0.3530916659439771,0.032572,1,188,0.13,1,0,0.89,0,0,0
USR5991,57,1,53469,150,30428,500000,0.5690774093399914,0.060856,7,296,0.71,0,1,0.2,0,0,0
USR1544,43,5,16836,187,16532,500000,0.9819434545022571,0.033064,12,689,0.55,3,0,0.44,0,0,0
USR4778,59,0,14005,217,11181,500000,0.7983577293823635,0.022362,9,378,0.7,0,0,0.24,0,0,0
USR3696,57,0,13870,223,17862,200000,1.2878154289834174,0.08931,14,70,0.66,0,1,0.88,1,0,0
USR3384,22,1,49307,31,23128,100000,0.46906118806660313,0.23128,6,9,0.7,0,1,0.85,2,1,0
USR5687,60,1,19459,251,5474,500000,0.2813094198057454,0.010948,0,550,0.04,1,0,0.91,0,0,0
USR1827,41,3,26239,311,46265,200000,1.7632150615496018,0.231325,0,571,0.07,2,0,0.37,2,1,0
USR8032,54,0,32081,158,43679,500000,1.3615223964340264,0.087358,12,190,0.93,2,0,0.96,2,1,0
USR8560,25,3,23752,336,23485,500000,0.9887588413607276,0.04697,5,602,0.44,3,0,0.07,1,0,0
USR9496,22,3,25791,197,17464,200000,0.6771354348416114,0.08732,2,141,0.72,1,0,0.97,0,0,0
USR8293,64,4,43752,252,68792,500000,1.5723166940939843,0.137584,2,405,0.65,0,0,0.55,0,0,0
USR2781,70,0,21351,84,31428,200000,1.471968526064353,0.15714,1,636,0.6,3,0,0.31,1,0,0
USR4405,35,3,42039,288,34689,300000,0.8251623492471276,0.11563,14,57,0.74,1,1,0.67,0,0,0
USR8946,30,2,12098,258,8485,300000,0.7013555959662754,0.028283333333333334,7,586,0.2,0,1,0.05,2,0,0
USR9502,54,2,50805,129,83150,500000,1.6366499360299183,0.1663,5,203,0.52,0,0,0.65,0,0,0
USR9962,46,3,39045,344,35221,500000,0.9020617236521962,0.070442,3,464,0.57,2,0,0.39,0,1,0
USR1635,49,0,20682,135,19465,200000,0.9411565612609999,0.097325,5,33,0.5,2,0,0.11,1,0,0
USR3084,62,6,34970,142,30005,200000,0.8580211609951387,0.150025,9,106,0.01,1,1,0.44,2,0,0
USR5910,18,3,7524,164,6817,200000,0.9060340244550771,0.034085,16,445,0.04,3,0,0.65,2,1,0
USR5932,43,1,23225,172,11768,500000,0.5066953713670613,0.023536,16,667,0.63,1,0,0.02,0,1,0
USR8067,19,5,43181,213,55245,200000,1.2793821356615178,0.276225,1,34,0.95,3,0,0.87,0,0,0
USR4071,41,0,50999,315,116740,500000,2.289064491460617,0.23348,10,404,0.64,2,0,0.36,0,0,0
USR3324,35,1,55926,91,75793,500000,1.3552372778314201,0.151586,6,380,0.52,0,0,0.58,0,0,0
USR1393,29,3,36345,282,39199,200000,1.078525244187646,0.195995,7,81,0.25,1,0,0.32,1,1,0
USR1160,50,2,40234,180,31290,500000,0.7777004523537306,0.06258,11,223,0.0,0,0,0.08,0,1,0
USR7805,42,1,56053,167,99408,300000,1.7734643997645085,0.33136,1,374,0.96,3,0,0.69,1,0,0
USR4252,58,4,36509,364,66534,300000,1.8223999561751896,0.22178,3,314,0.89,3,1,0.07,0,1,1
USR7980,59,3,39037,138,24725,300000,0.6333734661987346,0.08241666666666667,4,599,0.78,3,0,0.78,2,0,0
USR5258,66,1,57514,50,16879,300000,0.2934763709705463,0.05626333333333333,1,644,0.4,0,0,0.29,2,1,0
USR9561,67,2,8045,195,1000,200000,0.12430080795525171,0.005,11,191,0.97,0,0,0.43,0,1,0
USR5360,32,0,27813,353,8099,200000,0.2911947650379319,0.040495,6,606,0.07,0,1,0.14,1,0,0
USR5577,32,1,19773,52,5622,500000,0.2843271127294796,0.011244,0,401,0.34,3,0,0.12,1,0,0
USR6170,50,0,42858,68,38785,500000,0.9049652340286528,0.07757,12,415,0.11,1,0,0.21,0,0,0
USR9818,56,3,6695,32,6249,300000,0.9333831217326363,0.02083,0,391,0.47,0,0,0.4,1,0,0
USR1995,30,3,48237,183,34643,500000,0.7181831374256277,0.069286,8,188,0.75,3,0,0.73,0,0,0
USR4813,53,1,21012,353,27990,500000,1.3320959451741863,0.05598,5,662,0.63,3,0,0.35,2,1,0
USR7998,26,0,13556,78,16206,100000,1.1954853939215109,0.16206,17,92,0.92,0,0,0.13,0,1,0
USR4137,18,1,49746,178,56131,500000,1.1283520283037831,0.112262,5,92,0.41,0,0,0.79,0,0,0
USR2349,64,3,11127,326,11075,300000,0.9953266828435338,0.03691666666666667,1,364,0.18,0,1,0.18,2,0,0
USR1771,19,2,52835,304,40780,500000,0.7718368505725371,0.08156,1,590,0.38,3,0,0.77,2,1,0
USR1996,57,2,46171,120,15161,500000,0.3283662905286868,0.030322,0,614,0.62,2,0,0.81,1,1,0
USR2226,41,0,20059,337,19462,100000,0.9702377984944414,0.19462,6,270,0.11,0,1,0.44,1,0,0
USR7256,27,2,11079,312,11784,200000,1.0636339019767127,0.05892,12,256,0.14,0,0,0.73,0,0,0
USR5693,69,2,19008,263,26560,300000,1.3973063973063973,0.08853333333333334,11,216,0.38,0,0,0.81,1,0,0
USR4901,49,2,14859,129,3341,100000,0.22484689413823272,0.03341,10,450,0.05,3,1,0.78,1,0,0
USR9415,52,3,52451,329,17017,500000,0.3244361403977045,0.034034,5,525,0.82,0,1,0.46,0,0,0
USR9811,54,5,46871,262,100904,200000,2.152802372469117,0.50452,14,530,0.78,2,0,0.66,1,1,1
USR9409,40,4,14854,305,20232,200000,1.36205735828733,0.10116,8,71,0.65,3,1,0.81,0,1,0
USR7212,51,0,15549,251,32871,200000,2.1140266255064635,0.164355,11,271,0.74,0,0,0.38,0,0,0
USR5142,42,1,55301,311,88533,200000,1.6009294587801306,0.442665,8,530,0.9,3,0,0.03,1,1,0
USR8646,58,0,59571,154,77606,300000,1.3027479814003458,0.2586866666666667,3,66,0.81,1,1,0.98,0,0,0
USR6996,60,0,12742,97,9150,100000,0.7180976298854183,0.0915,4,674,0.01,0,1,0.83,1,0,0
USR9388,53,2,27579,34,43722,500000,1.5853366692048299,0.087444,4,34,0.06,1,0,0.33,0,0,0
USR5958,60,1,5084,276,7999,100000,1.5733674272226594,0.07999,12,454,0.76,3,0,0.84,2,0,0
USR3583,32,2,34705,45,30138,500000,0.8684051289439562,0.060276,0,179,0.25,1,1,0.85,2,0,0
USR6282,33,1,58135,106,75522,100000,1.2990797282188011,0.75522,4,696,0.81,0,0,0.41,0,0,0
USR2242,67,0,52388,314,50061,100000,0.9555814308620295,0.50061,5,81,0.14,0,0,0.92,0,0,0
USR4702,60,3,16035,38,11413,300000,0.7117555347676957,0.03804333333333333,0,457,0.94,3,0,0.58,0,0,0
USR9922,49,2,13746,244,3127,100000,0.22748435908627965,0.03127,5,14,0.11,0,0,0.98,1,0,0
USR1088,59,2,41292,224,42680,200000,1.033614259420711,0.2134,10,637,0.67,0,0,0.21,2,0,0
USR5049,48,1,51577,287,65220,300000,1.2645171297283673,0.2174,8,475,0.36,1,1,0.91,2,0,0
USR6841,38,2,40657,220,21018,200000,0.5169589492584303,0.10509,4,246,0.47,0,0,0.5,2,0,0
USR6909,25,1,19271,24,23559,300000,1.222510508017228,0.07853,1,639,0.35,0,0,0.69,0,0,0
USR8767,28,3,19796,16,51810,100000,2.6171953930086884,0.5181,2,320,0.29,1,0,0.51,0,0,0
USR2826,54,0,28365,55,13394,100000,0.47220165697162,0.13394,4,564,0.52,0,1,0.43,1,0,0
USR6549,29,7,49133,10,27735,300000,0.5644882258359962,0.09245,9,56,0.55,0,0,0.1,0,1,0
USR7071,29,2,14607,249,1000,500000,0.0684603272403642,0.002,12,422,0.99,0,0,0.79,0,0,0
USR7439,70,1,55177,224,49280,500000,0.8931257589212896,0.09856,7,334,0.07,0,1,0.06,2,1,0
USR3475,47,2,54559,34,37087,300000,0.6797595263842813,0.12362333333333334,8,14,0.35,0,1,0.19,2,0,0
USR4564,32,5,33074,30,22216,500000,0.6717058716816835,0.044432,10,457,0.72,1,0,0.84,2,1,0
USR6684,46,1,39619,23,37603,500000,0.9491153234559176,0.075206,5,97,0.86,0,0,0.61,1,1,0
USR2947,42,4,27126,357,27384,200000,1.0095111700951116,0.13692,0,347,0.42,1,0,0.39,0,0,0
USR1333,22,2,52815,208,26903,200000,0.5093818044116255,0.134515,5,619,0.01,3,0,0.38,1,1,0
USR2260,27,0,45888,314,86427,500000,1.8834335774058577,0.172854,20,248,0.11,3,0,0.93,0,0,0
USR5823,19,2,45529,364,7365,500000,0.16176502888269015,0.01473,7,154,0.8,0,0,0.75,0,0,0
USR9399,69,1,34621,73,11840,100000,0.3419889662343664,0.1184,0,346,0.92,0,0,0.18,0,0,0
USR9591,31,1,19976,85,57647,500000,2.8858129755706847,0.115294,20,94,0.38,0,0,0.06,2,0,0
USR6003,23,1,14097,55,24788,200000,1.758388309569412,0.12394,0,650,0.69,0,0,0.09,0,0,0
USR8855,57,2,59746,357,23801,100000,0.39836976533993906,0.23801,5,658,0.02,3,0,0.63,2,0,0
USR7497,22,4,51867,176,96913,200000,1.8684905623999846,0.484565,1,226,0.64,0,0,0.36,0,0,0
USR3287,54,4,48714,64,23022,100000,0.472595147185614,0.23022,9,558,0.28,0,0,0.18,2,0,0
USR1559,66,6,37550,64,49012,500000,1.3052463382157125,0.098024,0,375,0.4,0,0,0.83,1,1,0
USR7366,27,4,52027,43,62210,500000,1.1957252964806735,0.12442,2,402,0.39,2,0,0.0,0,0,0
USR2138,51,0,24588,16,9941,100000,0.4043029119895884,0.09941,24,25,0.43,0,0,0.41,0,0,0
USR4931,39,1,57730,140,41712,300000,0.7225359431837866,0.13904,6,440,0.05,0,0,0.57,2,0,0
USR1715,59,1,25563,14,7569,300000,0.296092007980284,0.02523,3,318,0.51,0,0,0.67,2,1,0
USR2956,57,2,44688,169,91262,300000,2.0422037235947013,0.3042066666666667,6,116,0.18,1,0,0.69,0,0,0
USR3231,30,2,30536,215,33778,200000,1.106169766832591,0.16889,8,319,0.6,1,0,0.26,0,0,0
USR7909,42,2,14016,108,1000,100000,0.07134703196347032,0.01,12,211,0.78,1,1,0.14,2,0,0
USR4212,49,5,34804,274,54380,300000,1.5624640845879785,0.18126666666666666,1,28,0.75,0,0,0.77,1,0,0
USR9392,52,1,14068,278,11399,300000,0.8102786465737845,0.037996666666666665,1,230,0.09,0,1,0.96,2,0,0
USR5166,53,2,29615,27,1000,500000,0.03376667229444538,0.002,4,63,0.27,2,0,0.94,1,0,0
USR4695,45,7,45204,89,37197,500000,0.822869657552429,0.074394,0,598,0.31,1,0,0.36,2,0,0
USR9341,44,2,29032,101,27270,200000,0.9393083494075503,0.13635,0,474,0.56,1,0,0.85,2,1,0
USR6327,18,2,35198,52,25074,100000,0.7123700210239218,0.25074,10,281,0.45,0,1,0.1,2,0,0
USR6134,68,0,23511,171,11593,300000,0.4930883416273234,0.038643333333333335,0,182,0.56,2,0,0.2,1,0,0
USR6120,41,4,15412,255,8553,200000,0.5549571762263171,0.042765,12,399,0.82,0,0,0.02,1,0,0
USR9473,65,4,56783,360,93087,300000,1.639346283218569,0.31029,13,414,0.98,2,1,0.18,1,0,0
USR4078,31,4,14856,92,7487,200000,0.5039714593430263,0.037435,10,593,0.09,2,0,0.54,0,0,0
USR9656,20,5,21105,259,31695,300000,1.5017768301350392,0.10565,5,415,0.06,0,1,0.79,0,1,0
USR5677,63,0,31417,341,50516,500000,1.607919279371041,0.101032,10,691,0.88,2,0,0.96,1,0,0
USR7707,34,1,21761,318,3900,500000,0.17921970497679335,0.0078,1,453,0.71,3,0,0.25,1,0,0
USR2818,55,1,20920,213,26278,300000,1.2561185468451244,0.08759333333333333,4,441,0.95,3,0,0.81,0,0,0
USR4579,32,2,45475,316,50380,500000,1.107861462341946,0.10076,6,261,0.62,0,0,0.34,0,1,0
USR9829,42,3,51094,134,25790,300000,0.5047559400320977,0.08596666666666666,2,635,0.73,3,0,0.33,0,1,0
USR9550,58,1,55197,212,80878,500000,1.4652607931590484,0.161756,27,561,0.76,3,0,0.91,1,1,1
USR6938,48,2,52843,316,30793,200000,0.5827261888991919,0.153965,7,215,0.67,0,0,0.28,2,0,0
USR8875,39,1,15283,176,29004,200000,1.8977949355493031,0.14502,7,578,0.84,0,0,0.49,0,0,0
USR3904,54,3,27218,214,43557,300000,1.6003012712175766,0.14519,1,492,0.14,0,0,0.88,0,1,0
USR2419,25,3,21612,252,13257,200000,0.6134092171016102,0.066285,3,420,0.27,1,0,0.25,0,0,0
USR3443,37,3,21900,107,45288,500000,2.067945205479452,0.090576,14,50,0.63,0,1,0.73,2,0,0
USR6582,22,4,42920,332,31288,300000,0.7289841565703634,0.10429333333333334,12,358,0.15,1,0,0.86,2,0,0
USR2926,48,2,23043,56,20328,100000,0.8821767998958469,0.20328,0,31,0.08,1,0,0.83,0,0,0
USR4929,57,5,49583,146,57889,500000,1.1675170925518827,0.115778,2,244,0.44,0,1,0.23,0,0,0
USR9648,37,0,58096,113,126121,500000,2.170906774993115,0.252242,12,135,0.91,0,1,0.3,0,0,0
USR6198,25,0,19634,179,24777,200000,1.261943567281247,0.123885,6,278,0.05,1,1,0.53,2,0,0
USR6258,51,1,42355,337,57616,100000,1.3603116515169402,0.57616,10,336,0.44,1,0,0.55,0,1,0
USR8920,56,2,39622,165,4452,100000,0.11236181919135833,0.04452,15,435,0.41,0,0,0.71,0,0,0
USR3039,27,4,58499,324,52598,200000,0.8991264807945435,0.26299,5,146,0.67,0,0,0.6,1,0,0
USR5248,22,0,43589,179,10685,300000,0.2451306522287733,0.035616666666666665,26,376,0.4,3,1,0.21,2,0,0
USR5999,48,5,58607,155,78516,100000,1.3397034483935366,0.78516,5,444,0.98,0,0,0.81,1,0,0
USR8287,31,2,31463,292,51273,100000,1.6296284524679783,0.51273,9,355,0.16,0,0,0.71,0,0,0
USR5928,45,0,6106,133,5826,200000,0.9541434654438258,0.02913,0,483,0.63,0,0,0.23,0,0,0
USR5578,68,0,25979,161,28804,100000,1.1087416759690518,0.28804,0,459,0.0,1,1,0.79,0,0,0
USR3080,32,1,5463,91,9696,100000,1.7748489840746842,0.09696,8,569,0.89,0,0,0.41,0,0,0
USR2943,32,5,31166,69,37925,100000,1.2168709491112109,0.37925,6,467,0.66,0,0,0.13,0,0,0
USR8347,47,2,45362,328,5992,500000,0.1320929412283409,0.011984,16,368,0.11,1,0,0.57,1,1,0
USR4339,55,1,58394,200,88767,100000,1.5201390553824023,0.88767,12,579,0.6,0,0,0.11,1,0,0
USR8801,24,2,57552,266,67115,500000,1.1661627745343341,0.13423,10,299,0.31,1,0,0.88,0,0,0
USR4087,52,2,27871,178,7240,100000,0.25976821786085896,0.0724,13,205,0.71,1,1,0.67,1,0,0
USR6897,24,2,51278,240,11058,100000,0.2156480361948594,0.11058,8,674,0.89,2,0,0.84,0,0,0
USR4018,31,4,20921,196,3815,200000,0.18235266000669184,0.019075,0,528,0.35,0,1,0.93,2,0,0
USR4008,28,0,39572,303,67959,300000,1.7173506519761448,0.22653,4,663,0.26,3,1,0.28,1,1,0
USR5824,43,0,49628,74,6965,300000,0.14034416055452567,0.023216666666666667,3,105,0.46,1,1,0.85,2,1,0
USR6720,56,0,20208,313,1000,500000,0.04948535233570863,0.002,0,662,0.46,0,1,0.64,1,0,0
USR7445,46,2,44975,44,61378,500000,1.3647137298499166,0.122756,9,106,0.61,0,0,0.75,2,1,0
USR8384,51,6,17471,161,37290,100000,2.13439413885868,0.3729,13,420,0.46,0,1,0.76,0,0,1
USR2603,44,0,30914,294,56295,500000,1.821019602768972,0.11259,9,386,0.26,1,1,0.74,0,0,0
USR2883,18,2,14646,298,15348,300000,1.0479311757476444,0.05116,2,241,0.78,1,1,0.49,0,0,0
USR5737,62,0,58512,319,46645,100000,0.7971869018321028,0.46645,19,648,0.22,2,0,0.12,0,0,0
USR4550,44,1,5237,33,11070,200000,2.1138056139010883,0.05535,0,274,0.45,1,1,0.62,0,0,0
USR1841,65,3,9917,185,2321,300000,0.23404255319148937,0.007736666666666667,4,112,0.64,1,0,0.55,1,0,0
USR5726,68,4,57910,243,83254,500000,1.437644620963564,0.166508,7,96,0.64,1,0,0.58,0,1,0
USR6478,58,1,48881,69,81295,100000,1.6631206399214418,0.81295,12,605,0.35,0,0,0.47,0,0,0
USR7996,26,1,43988,92,47682,200000,1.0839774483950169,0.23841,11,67,0.2,0,1,0.02,0,0,0
USR7270,51,1,32108,9,61369,300000,1.911330509530335,0.20456333333333335,12,554,0.26,0,0,0.22,1,0,0
USR8982,54,3,37306,127,68732,200000,1.84238460301292,0.34366,2,438,0.49,3,0,0.97,1,1,1
USR1207,62,1,22829,31,13128,300000,0.575058040212011,0.04376,13,58,0.86,3,1,0.42,0,0,0
USR6611,69,2,44760,134,99515,100000,2.223302055406613,0.99515,4,289,0.89,2,0,0.98,2,1,1
USR9415,23,2,55103,70,33607,500000,0.6098941981380324,0.067214,10,276,0.76,0,0,0.63,2,1,0
USR4218,56,2,10987,23,3169,500000,0.28843178301629196,0.006338,4,125,0.2,0,0,0.04,0,0,0
USR8251,58,3,49843,120,73301,500000,1.4706378027004796,0.146602,1,475,0.67,0,0,0.18,0,0,0
USR4100,64,4,58472,170,33892,300000,0.5796278560678615,0.11297333333333333,20,377,0.97,3,0,0.81,0,1,0
USR3189,59,2,18293,238,27908,100000,1.5256108894112501,0.27908,4,595,0.95,1,0,0.78,0,0,0
USR5868,28,1,58474,293,66852,300000,1.143277354037692,0.22284,18,616,0.67,3,0,0.84,0,0,0
USR6228,27,1,23301,3,1000,200000,0.04291661302090039,0.005,4,368,0.55,0,1,0.6,0,0,0
USR8245,54,1,17965,161,23115,300000,1.2866685221263567,0.07705,7,85,0.81,2,0,0.45,2,1,0
USR7362,58,5,54198,207,40310,100000,0.7437543820805196,0.4031,3,83,0.93,0,1,0.7,2,1,0
USR2214,26,2,14862,5,16082,200000,1.0820885479747007,0.08041,3,479,0.65,2,1,0.73,1,0,0
USR4969,26,1,23143,217,51165,200000,2.2108196862982328,0.255825,4,248,0.73,0,0,0.61,2,0,0
USR3616,56,1,10646,45,6347,100000,0.596186361074582,0.06347,1,122,0.58,3,0,0.7,2,0,0
USR9941,19,0,42265,285,30671,300000,0.7256831894002129,0.10223666666666667,5,324,0.39,1,0,0.55,2,0,0
USR5220,21,0,58878,148,1000,300000,0.0169842725636061,0.0033333333333333335,4,335,0.97,0,0,0.38,0,0,0
USR1496,42,2,55415,194,100638,500000,1.8160786790580168,0.201276,2,180,0.28,1,0,0.74,0,0,0
USR8399,31,6,28065,82,28329,200000,1.0094067343666489,0.141645,8,282,0.59,0,0,0.45,0,0,0
USR8017,31,0,19722,96,19292,100000,0.9781969374302809,0.19292,1,313,0.24,1,0,0.05,1,0,0
USR2519,64,2,59337,146,37393,200000,0.630180157406003,0.186965,13,226,0.72,1,1,0.11,0,1,0
USR4178,54,2,23435,45,48543,500000,2.07138894815447,0.097086,2,396,0.15,0,0,0.92,0,1,1
USR5299,30,3,6909,222,4023,100000,0.5822839774207555,0.04023,1,581,0.34,2,0,0.48,1,1,0
USR5778,41,1,42463,303,36552,200000,0.8607964580929279,0.18276,0,468,0.62,0,1,1.0,2,0,0
USR6340,60,1,47329,172,52805,100000,1.1157007331657123,0.52805,8,407,0.58,3,0,0.34,2,0,0
USR3613,65,1,38043,203,1000,300000,0.026286044738848144,0.0033333333333333335,4,429,0.7,2,0,0.49,0,0,0
USR2139,39,0,17976,123,38736,500000,2.1548731642189587,0.077472,4,569,0.6,0,0,0.51,2,0,0
USR4499,23,6,41462,119,75663,300000,1.82487578987989,0.25221,16,496,0.67,1,0,0.71,0,0,1
USR2871,51,2,27549,148,13748,500000,0.49903807760717267,0.027496,0,373,0.19,1,0,0.41,1,0,0
USR2657,51,2,38938,145,83378,300000,2.141301556320304,0.27792666666666666,14,449,0.79,0,0,0.07,0,0,0
USR3658,19,0,57367,226,80505,300000,1.4033329265954295,0.26835,3,695,0.1,2,0,0.45,2,0,0
USR3318,70,1,26585,145,51794,300000,1.948241489561783,0.17264666666666667,13,215,0.23,3,0,0.92,2,0,0
USR9284,30,1,20226,227,33689,200000,1.6656283990902798,0.168445,3,316,0.86,0,1,0.26,0,0,0
USR4984,36,4,11032,177,10483,200000,0.9502356780275562,0.052415,13,605,0.5,3,0,0.93,0,0,0
USR6692,44,2,41154,356,39248,200000,0.9536861544442824,0.19624,15,70,0.04,0,0,0.55,1,0,0
USR4973,47,1,40924,184,50382,200000,1.2311113283159028,0.25191,5,613,0.94,1,0,0.69,2,1,0
USR6796,30,2,40135,357,36737,200000,0.9153357418711847,0.183685,4,121,0.3,0,0,0.87,0,0,0
USR9521,42,2,10057,316,6016,300000,0.598190315203341,0.020053333333333333,5,600,0.36,1,1,0.64,0,0,0
USR6456,49,1,46352,360,95421,500000,2.0586166724197446,0.190842,5,284,0.85,2,0,0.09,2,1,1
USR6890,45,2,8783,340,4717,300000,0.5370602299897529,0.015723333333333332,9,485,0.42,1,0,0.84,2,0,0
USR1942,46,2,49127,344,23652,500000,0.48144604799804586,0.047304,12,333,0.83,2,0,0.4,0,1,0
USR5231,42,2,57178,22,58102,300000,1.0161600615621393,0.19367333333333334,8,675,0.19,1,0,0.17,0,0,0
USR2597,23,2,31771,292,1000,300000,0.0314752447200277,0.0033333333333333335,12,63,0.25,0,0,0.02,2,0,0
USR9379,22,1,14813,303,9967,200000,0.6728549247282792,0.049835,1,31,0.27,0,1,0.28,1,0,0
USR1881,52,1,25783,191,36759,200000,1.4257068611100336,0.183795,5,103,0.18,1,0,0.4,0,0,0
USR7271,68,5,23481,300,3827,200000,0.1629828371875133,0.019135,3,42,0.53,0,0,0.25,0,0,0
USR1897,64,3,40928,118,24078,300000,0.5883014073494918,0.08026,5,555,0.74,0,0,0.25,0,1,0
USR6981,45,3,17737,151,25076,200000,1.4137678299599707,0.12538,4,288,0.1,1,0,0.77,1,0,0
USR1561,24,0,10224,285,6379,200000,0.6239241001564946,0.031895,5,437,0.76,1,0,0.53,1,0,0
USR4759,43,3,48785,198,43973,200000,0.9013631239110382,0.219865,17,673,0.75,3,0,0.21,1,0,0
USR6866,30,0,45036,49,50401,300000,1.1191269206856738,0.16800333333333334,1,642,0.75,1,0,0.03,1,0,0
USR7237,34,1,11515,299,14863,300000,1.2907511940946592,0.049543333333333335,15,330,0.73,0,0,0.9,0,0,0
USR5746,69,2,41409,139,57804,500000,1.395928421357676,0.115608,4,494,0.8,0,0,0.6,1,0,0
USR5852,23,4,41676,17,18297,200000,0.4390296573567521,0.091485,6,37,0.85,1,0,0.53,0,0,0
USR1791,63,1,7715,236,8184,200000,1.060790667530784,0.04092,2,521,0.11,1,0,0.28,0,0,0
USR2696,62,2,50615,84,24540,100000,0.48483651091573643,0.2454,3,362,0.57,2,0,0.76,1,0,0
USR4669,20,1,48547,365,73948,200000,1.5232249160607247,0.36974,24,460,0.8,0,0,0.49,0,0,0
USR4689,59,1,26947,43,32475,500000,1.2051434296953278,0.06495,11,62,0.39,3,0,0.16,1,0,0
USR9415,53,4,24789,77,27324,200000,1.1022631005688006,0.13662,18,358,0.29,3,0,0.15,0,0,0
USR5614,34,2,12334,344,1000,100000,0.08107669855683476,0.01,4,446,0.46,1,0,0.88,0,0,0
USR1514,25,2,14432,290,3324,100000,0.23032150776053215,0.03324,13,191,0.35,3,0,0.9,2,0,0
USR4759,40,3,17617,143,20610,100000,1.1698927172617357,0.2061,11,669,0.85,1,0,1.0,0,0,0
USR9254,30,3,36798,131,1000,100000,0.027175389966846025,0.01,2,396,0.75,1,0,0.91,2,0,0
USR7030,21,1,44860,187,45140,500000,1.0062416406598307,0.09028,11,629,0.05,0,0,0.57,1,1,0
USR6711,48,1,29405,257,54900,500000,1.867029416765856,0.1098,6,696,0.35,3,0,0.47,0,0,0
USR5889,28,3,32178,293,25921,500000,0.8055503760333147,0.051842,11,149,0.33,3,0,0.0,2,0,0
USR7391,33,2,40313,281,75038,100000,1.8613846649964032,0.75038,2,695,0.25,1,1,0.77,1,1,1
USR9285,38,3,46675,290,19930,200000,0.42699517943224424,0.09965,12,552,0.68,0,1,0.5,2,0,0
USR2491,21,0,32739,38,36763,200000,1.122911512263661,0.183815,2,594,0.65,0,0,0.49,1,0,0
USR5634,44,2,40779,161,40472,200000,0.9924716152921848,0.20236,1,111,0.38,3,0,0.53,1,0,0
USR9870,55,1,27561,283,9366,200000,0.3398280178513116,0.04683,23,340,0.47,3,0,0.27,0,0,0
USR6509,30,3,11240,328,15753,100000,1.4015124555160143,0.15753,6,675,0.64,3,0,0.82,2,0,0
USR6703,65,1,49979,77,89593,200000,1.792612897416915,0.447965,2,370,0.41,0,0,0.24,0,1,0
USR5671,55,3,41746,85,31561,300000,0.75602452929622,0.10520333333333333,0,383,0.9,0,0,0.41,0,0,0
USR6842,65,2,22756,84,1604,100000,0.07048690455264546,0.01604,1,237,0.55,1,0,0.78,0,1,0
USR1992,41,4,47887,286,1000,500000,0.02088249420510786,0.002,8,122,0.57,1,0,0.04,0,1,0
USR8514,19,1,52074,20,83561,200000,1.6046587548488689,0.417805,2,224,0.4,0,0,0.07,2,1,0
USR5342,20,2,55719,43,37891,300000,0.6800373301746262,0.12630333333333332,0,492,0.57,2,0,0.96,0,0,0
USR4371,20,2,48765,257,39527,200000,0.81056085307085,0.197635,23,372,0.97,0,1,0.1,0,0,0
USR3720,41,0,22452,293,41436,500000,1.8455371459112775,0.082872,3,622,0.63,2,0,0.03,0,0,0
USR1823,61,2,6970,313,5305,500000,0.7611190817790531,0.01061,3,545,0.86,0,0,0.64,0,1,0
USR9612,66,3,22834,209,7821,100000,0.34251554699132875,0.07821,2,56,0.31,3,0,0.48,1,0,0
USR9971,36,0,43407,124,66353,200000,1.5286244154168682,0.331765,3,433,0.35,0,0,0.72,0,0,0
USR9537,21,2,8874,133,6337,500000,0.7141086319585306,0.012674,16,213,0.47,0,0,0.93,0,0,0
USR3958,47,2,59528,326,100110,500000,1.681729606235721,0.20022,1,355,0.55,2,0,0.08,0,1,0
USR7298,44,3,40505,26,25964,300000,0.6410072830514751,0.08654666666666666,5,609,0.02,1,0,0.05,0,1,0
USR3308,18,3,58439,170,71834,100000,1.229213367785212,0.71834,0,190,0.6,0,0,0.05,2,0,0
USR1659,43,2,30729,297,33219,300000,1.0810309479644635,0.11073,1,414,0.85,0,0,0.32,0,0,0
USR4144,57,1,56396,55,98491,100000,1.746418185686928,0.98491,22,505,0.7,2,1,0.73,0,0,0
USR3215,20,3,11777,355,14168,100000,1.203022841131018,0.14168,4,241,0.43,1,0,0.32,1,0,0
USR3944,62,5,57141,142,77927,300000,1.3637668224217288,0.2597566666666667,0,404,0.61,0,0,0.22,0,1,0
USR1410,30,3,17236,169,16872,100000,0.9788814110002321,0.16872,2,628,0.62,0,0,0.99,1,0,0
USR7054,22,3,19364,267,16047,300000,0.8287027473662466,0.05349,12,183,0.92,0,1,0.99,0,1,0
USR1280,34,2,7772,174,15612,300000,2.0087493566649512,0.05204,3,303,0.98,1,1,0.19,1,1,1
USR6493,56,1,31527,205,56591,300000,1.7950011101595458,0.18863666666666667,15,251,0.32,1,0,0.95,1,0,0
USR7341,64,5,20490,57,24096,200000,1.1759882869692533,0.12048,9,471,0.42,0,0,0.72,1,1,0
USR5999,48,5,8250,68,5307,100000,0.6432727272727272,0.05307,3,396,0.43,2,0,0.71,2,1,0
USR2287,40,2,5764,177,5166,300000,0.8962526023594726,0.01722,12,421,0.09,0,0,0.2,0,0,0
USR3145,62,1,26581,146,30274,300000,1.1389338249125316,0.10091333333333333,19,591,0.36,2,0,0.19,2,0,0
USR4915,56,1,57595,95,58171,500000,1.010000868130914,0.116342,12,401,0.85,3,0,0.77,1,0,0
USR8942,44,1,54257,194,47470,300000,0.8749101498424167,0.15823333333333334,15,359,0.25,2,0,0.07,0,0,0
USR9789,44,3,39700,118,53047,100000,1.3361964735516372,0.53047,4,219,0.99,1,1,0.29,0,0,0
USR4823,32,2,51202,349,1000,100000,0.019530487090348034,0.01,3,395,0.83,0,0,0.09,1,0,0
USR5347,59,1,34834,23,64795,100000,1.8601079405178849,0.64795,2,562,0.89,2,1,0.48,1,0,0
USR8753,20,3,11839,191,19471,200000,1.6446490413041641,0.097355,7,173,0.51,2,0,0.86,1,1,0
USR6466,37,1,13274,182,10723,500000,0.8078197981015519,0.021446,2,520,0.42,2,0,0.58,2,0,0
USR8035,61,1,9095,58,9156,100000,1.0067069818581638,0.09156,11,70,0.7,0,0,0.9,1,1,0
USR8619,50,4,38926,188,10723,500000,0.27547140728561886,0.021446,1,591,0.93,3,0,0.65,0,0,0
USR8687,18,1,50380,332,14461,200000,0.2870385073441842,0.072305,9,371,0.9,0,0,0.28,0,1,0
USR4452,69,3,52849,275,84161,300000,1.592480463206494,0.28053666666666666,4,312,0.31,3,0,0.98,0,0,0
USR8851,46,4,30774,18,25889,100000,0.8412621043738221,0.25889,1,142,0.99,1,0,0.82,2,0,0
USR2714,21,4,37880,338,44829,300000,1.1834477296726504,0.14943,0,318,0.08,0,0,0.16,2,0,0
USR5182,41,4,46335,317,88066,300000,1.9006366677457645,0.29355333333333333,4,252,0.01,3,0,0.56,0,0,0
USR1977,34,0,18640,248,18827,500000,1.0100321888412016,0.037654,19,643,0.04,1,0,0.39,0,0,0
USR8524,35,2,27758,161,22729,200000,0.8188270048274371,0.113645,5,279,0.32,1,0,0.52,0,0,0
USR7900,48,0,44020,301,1000,500000,0.02271694684234439,0.002,2,18,0.67,3,0,0.77,0,0,0
USR3544,70,2,11731,193,9937,200000,0.8470718608814253,0.049685,3,317,0.5,1,0,0.83,2,1,0
USR2384,41,2,30200,173,1000,300000,0.033112582781456956,0.0033333333333333335,7,584,0.47,0,0,0.91,0,0,0
USR6218,51,2,38663,283,28967,500000,0.7492175982205209,0.057934,5,345,0.29,1,0,0.76,2,0,0
USR3065,48,4,41106,276,51455,100000,1.2517637327884008,0.51455,10,340,0.37,0,0,0.58,1,0,0
USR6939,62,2,29636,353,4734,300000,0.1597381562963963,0.01578,7,29,0.28,0,1,0.49,1,1,0
USR4811,32,3,37378,177,1000,500000,0.026753705388196266,0.002,12,77,0.19,3,0,0.81,1,0,0
USR4048,18,5,58479,196,42593,300000,0.7283469279570444,0.14197666666666667,4,456,0.93,3,0,0.3,0,1,0
USR2777,48,0,5083,141,3466,200000,0.6818807790674798,0.01733,2,211,0.42,1,0,0.19,0,0,0
USR3951,66,2,26130,146,47130,200000,1.8036739380022961,0.23565,27,78,0.99,0,1,0.62,2,0,1
USR7128,51,2,6912,181,7541,200000,1.0910011574074074,0.037705,2,626,0.34,0,0,0.55,0,1,0
USR8353,69,2,47473,337,21458,200000,0.45200429717944934,0.10729,1,43,0.62,1,0,0.68,1,0,0
USR6408,21,1,9119,91,19852,500000,2.1769930913477356,0.039704,2,647,0.62,0,0,0.77,2,1,1
USR2894,31,2,6341,192,2441,500000,0.38495505440782213,0.004882,13,245,0.44,0,1,0.11,0,0,0
USR6353,50,0,42082,211,13708,500000,0.32574497409818925,0.027416,1,126,0.42,1,0,0.33,0,0,0
USR2178,36,3,13238,54,13055,200000,0.9861761595407161,0.065275,5,387,0.79,0,0,0.53,2,0,0
USR2719,28,3,52647,167,70202,300000,1.3334472999411173,0.23400666666666667,5,696,0.03,1,1,0.04,2,1,0
USR1759,44,2,36904,311,78942,200000,2.1391177108172554,0.39471,6,94,0.84,0,0,0.08,0,0,0
USR2761,47,3,45639,304,60105,300000,1.3169657529744299,0.20035,6,68,0.01,3,0,0.73,0,0,0
USR3682,36,4,25744,274,48030,300000,1.8656774394033562,0.1601,2,700,0.16,1,0,0.56,1,0,0
USR9771,33,1,47051,146,50858,200000,1.0809122016535249,0.25429,4,620,0.44,1,0,0.67,0,0,0
USR8121,43,4,59739,156,59156,100000,0.9902408811664072,0.59156,11,353,0.78,0,0,0.57,2,1,0
USR4463,32,3,14692,100,21036,100000,1.4317996188401851,0.21036,7,464,0.4,1,1,0.94,2,0,0
USR5132,57,2,12080,159,23884,300000,1.9771523178807946,0.07961333333333333,1,197,0.56,3,1,0.29,0,1,0
USR6564,23,1,16050,75,12342,500000,0.7689719626168224,0.024684,3,158,0.26,0,0,0.53,1,1,0
USR6014,48,2,24612,182,4261,100000,0.17312692995286852,0.04261,21,634,0.84,1,0,0.91,1,0,0
USR2079,45,2,55154,213,5499,200000,0.09970265075969105,0.027495,8,415,0.85,0,1,0.45,1,1,0
USR3846,39,3,46017,8,67987,300000,1.4774322532976942,0.22662333333333334,7,258,0.04,0,0,0.79,0,1,0
USR8488,23,2,14791,32,14693,300000,0.9933743492664459,0.04897666666666667,3,685,0.15,0,0,0.69,0,1,0
USR4140,67,1,13454,12,6994,100000,0.5198453991378029,0.06994,12,349,0.32,3,0,0.02,2,0,0
USR3811,58,4,54409,39,70858,300000,1.302321307136687,0.23619333333333334,8,117,0.25,2,1,0.33,1,0,0
USR5694,52,1,10761,300,5196,500000,0.48285475327571786,0.010392,8,351,0.47,0,0,0.06,0,0,0
USR8095,57,2,42121,303,65876,100000,1.5639704660383182,0.65876,13,87,0.57,0,0,0.59,1,0,0
USR6865,59,2,15036,3,6208,300000,0.4128757648310721,0.020693333333333334,2,55,0.0,0,0,0.64,0,0,0
USR2660,42,2,22466,167,32644,200000,1.4530401495593341,0.16322,15,214,0.19,0,1,0.98,1,1,0
USR5927,64,2,38483,45,55842,500000,1.4510822960787881,0.111684,6,335,0.25,0,0,0.59,1,1,0
USR2943,26,0,56203,14,79833,200000,1.4204401900254435,0.399165,27,692,0.22,1,1,0.53,0,0,0
USR9993,35,1,31430,356,32124,200000,1.0220808145084315,0.16062,0,631,0.53,0,0,0.06,2,0,0
USR6280,18,0,6473,37,1553,100000,0.23991966630619496,0.01553,1,480,0.58,2,1,0.45,2,1,0
USR7918,49,3,9646,141,1740,200000,0.18038565208376528,0.0087,2,94,0.63,0,0,0.33,2,0,0
USR2428,41,1,48177,144,79393,500000,1.6479440396869875,0.158786,11,122,0.89,0,0,0.31,0,1,0
USR7861,21,1,32818,10,56333,500000,1.716527515387897,0.112666,2,467,0.56,0,1,0.34,2,0,0
USR8102,48,1,9963,161,11509,300000,1.155174144334036,0.03836333333333333,8,244,0.21,3,0,0.43,1,0,0
USR5957,36,1,15420,120,3248,100000,0.2106355382619974,0.03248,7,664,0.27,3,0,0.57,2,0,0
USR6138,50,4,19363,320,10016,500000,0.5172752156174146,0.020032,0,53,0.44,1,0,0.97,1,1,0
USR2927,55,2,33972,87,52466,200000,1.5443894972330154,0.26233,3,599,0.8,0,0,0.2,2,1,0
USR4820,50,5,30924,217,45612,300000,1.4749708963911525,0.15204,1,473,0.29,0,1,0.04,2,1,0
USR4282,43,4,37891,357,24345,500000,0.64250085772347,0.04869,8,507,0.62,1,0,0.98,2,1,0
USR9550,67,1,6806,203,4965,500000,0.7295033793711431,0.00993,20,144,0.26,1,1,0.02,0,0,0
USR1757,42,1,24123,116,5673,200000,0.2351697550055963,0.028365,1,198,0.93,3,0,0.27,2,0,0
USR1889,41,1,30235,319,14502,100000,0.4796427980816934,0.14502,3,611,0.0,3,0,0.49,2,0,0
USR8040,26,1,37276,305,30185,300000,0.809770361626784,0.10061666666666666,14,82,0.39,0,0,0.81,2,1,0
USR5887,46,2,13419,317,12536,100000,0.9341977792682018,0.12536,7,591,0.74,0,0,0.32,2,0,0
USR3230,35,0,15087,321,23749,500000,1.5741366739577118,0.047498,18,259,0.44,1,0,0.75,0,0,0
USR3548,63,3,52470,119,62694,200000,1.1948542024013722,0.31347,3,299,0.09,0,0,0.89,0,1,0
USR8688,35,3,49416,287,74025,500000,1.4979966002914036,0.14805,8,158,0.18,0,0,0.06,2,0,0
USR1058,31,2,5606,299,2535,200000,0.45219407777381376,0.012675,11,552,0.3,2,0,0.81,0,1,0
USR3093,21,5,59472,73,88109,100000,1.4815207156308852,0.88109,19,428,0.64,2,0,0.52,0,0,0
USR2408,41,3,28219,237,38560,200000,1.3664552252028774,0.1928,15,534,0.44,0,0,0.26,1,0,0
USR9534,26,3,44450,315,31864,200000,0.7168503937007874,0.15932,8,390,0.14,0,0,0.36,2,0,0
USR7234,28,3,30701,80,21676,200000,0.7060356340184358,0.10838,3,527,0.37,1,0,0.12,1,0,0
USR5502,66,1,55095,105,53778,200000,0.9760958344677375,0.26889,11,103,0.86,0,1,0.73,2,0,0
USR5022,29,2,44542,251,17847,100000,0.4006780117641776,0.17847,0,427,0.8,0,0,0.04,2,1,0
USR5368,48,1,16357,148,20942,300000,1.28030812496179,0.06980666666666667,13,300,0.55,0,0,0.27,1,0,0
USR3968,41,5,43493,122,51495,100000,1.1839836295495827,0.51495,11,88,0.4,0,0,0.19,1,0,0
USR3227,32,2,27062,24,34379,500000,1.2703791294065478,0.068758,11,630,0.15,3,0,0.02,1,0,0
USR5509,37,0,15409,172,7963,200000,0.5167759101823609,0.039815,6,381,0.07,0,0,0.4,0,0,0
USR3178,45,4,20936,160,23007,300000,1.0989205196790217,0.07669,11,235,0.38,3,0,0.72,0,1,0
USR1281,67,3,13670,238,17983,500000,1.315508412582297,0.035966,5,36,0.52,2,1,0.99,0,0,0
USR3292,19,2,54241,141,51732,100000,0.953743478180712,0.51732,2,460,0.9,3,0,0.6,0,0,0
USR6488,26,4,43775,263,92887,500000,2.121918903483724,0.185774,12,457,0.65,0,0,0.57,2,1,0
USR4532,56,4,59843,139,44301,100000,0.7402870845378741,0.44301,1,502,0.66,0,0,0.48,0,0,0
USR3727,35,1,23049,218,16397,100000,0.711397457590351,0.16397,4,252,0.81,2,0,0.24,1,1,0
USR4614,45,3,56955,219,93537,100000,1.642296549907822,0.93537,2,129,0.22,2,0,0.42,0,0,0
USR8571,26,4,30109,302,19493,200000,0.6474143943671328,0.097465,8,188,0.98,2,0,0.75,0,0,0
USR6266,69,1,35997,16,25769,200000,0.7158652109898047,0.128845,1,385,0.3,2,0,0.53,0,1,0
USR6861,47,1,7081,21,1172,100000,0.16551334557265923,0.01172,5,502,0.43,0,1,0.36,0,0,0
USR5356,69,2,52172,262,35423,100000,0.6789657287433872,0.35423,3,106,0.25,0,0,0.02,0,0,0
USR7125,24,1,51107,149,61128,300000,1.1960788150351225,0.20376,1,339,0.14,0,0,0.77,0,1,0
USR8343,27,3,7477,313,6753,500000,0.9031697204761268,0.013506,5,447,0.1,0,0,0.57,0,0,0
USR8553,32,2,6382,4,8434,200000,1.321529301159511,0.04217,9,578,0.53,3,1,0.85,0,1,0
USR9987,47,3,46467,82,84080,100000,1.8094561731981837,0.8408,15,105,0.21,0,0,0.54,0,0,0
USR5567,38,2,26824,19,16938,200000,0.6314494482552938,0.08469,19,132,0.18,1,0,0.49,1,0,0
USR2390,23,4,44245,285,22142,300000,0.5004407277658492,0.07380666666666667,1,337,0.96,0,0,0.3,0,0,0
USR2076,22,3,51054,241,50163,300000,0.9825478904689152,0.16721,6,444,0.59,3,1,0.82,2,0,0
USR8944,52,3,21844,240,24000,100000,1.0986998718183483,0.24,0,593,0.38,0,0,0.88,1,1,0
USR9769,32,1,11341,76,12008,300000,1.0588131558063663,0.04002666666666667,2,322,0.59,0,0,0.19,0,0,0
USR2596,70,2,41358,333,29028,200000,0.701871463803859,0.14514,15,223,0.79,0,1,0.08,1,1,0
USR2988,67,1,39716,357,16183,500000,0.4074680229630376,0.032366,10,404,0.01,2,0,0.98,2,0,0
USR1766,32,2,42103,67,54459,500000,1.2934707740541054,0.108918,3,235,0.22,0,0,0.94,2,0,0
USR3261,42,1,10916,25,12651,500000,1.1589410040307806,0.025302,14,129,0.9,2,0,0.9,1,0,0
USR5731,60,2,52188,87,51245,200000,0.9819307120410823,0.256225,1,127,0.29,2,0,0.47,0,0,0
USR8072,19,4,48139,225,96012,500000,1.994474334738985,0.192024,10,278,0.91,0,1,0.99,2,1,1
USR8056,42,0,33191,298,45529,100000,1.3717272754662408,0.45529,10,509,0.23,1,0,0.29,1,0,0
USR1826,22,0,38338,196,49810,200000,1.2992331368355157,0.24905,16,665,0.43,2,0,1.0,0,0,0
USR9323,60,4,10624,35,2268,100000,0.2134789156626506,0.02268,2,488,0.79,1,0,0.36,1,1,0
USR9443,42,2,17553,303,21352,300000,1.2164302398450408,0.07117333333333334,21,535,0.31,0,0,0.14,1,0,0
USR9636,37,1,11474,352,10170,300000,0.886351751786648,0.0339,0,134,0.78,2,1,0.85,2,0,0
USR4436,55,2,18892,263,11121,500000,0.5886618674571247,0.022242,4,206,0.37,0,0,0.36,0,0,0
USR6825,33,4,37491,61,30244,500000,0.8067002747326025,0.060488,8,457,0.61,0,0,0.01,1,0,0
USR4239,65,3,14727,81,1000,500000,0.06790249202145719,0.002,11,642,0.9,2,1,0.64,0,1,0
USR8581,53,3,32922,232,50602,100000,1.5370269120952555,0.50602,11,123,0.92,0,0,0.98,2,1,0
USR1744,47,0,56203,148,89918,500000,1.5998790100172589,0.179836,7,620,0.72,3,1,0.54,1,0,0
USR2520,41,4,40913,239,3805,500000,0.09300222423190672,0.00761,5,243,0.0,3,0,0.81,0,1,0
USR4618,52,5,8742,4,6583,300000,0.7530313429421185,0.021943333333333332,2,427,0.24,3,1,0.48,0,0,0
USR5439,21,3,27005,241,31507,200000,1.1667098685428625,0.157535,13,76,0.51,3,0,0.23,2,0,0
USR4803,39,1,17371,156,26386,200000,1.5189683956018651,0.13193,1,441,0.39,1,0,0.8,0,0,0
USR6725,39,0,15457,154,12217,500000,0.7903862327747946,0.024434,7,622,0.33,0,0,0.35,0,0,0
USR1949,22,2,6212,204,6862,500000,1.104636188023181,0.013724,2,548,0.12,1,1,0.2,2,0,0
USR7105,20,2,11489,66,12151,200000,1.0576203324919489,0.060755,6,462,0.36,2,0,0.48,0,0,0
USR2393,21,1,10871,362,15573,500000,1.4325269064483488,0.031146,14,374,0.22,2,1,0.32,1,1,0
USR3488,63,4,15984,291,21822,500000,1.3652402402402402,0.043644,12,520,0.19,3,0,0.7,2,0,0
USR5115,36,5,27486,227,20879,300000,0.7596230808411555,0.06959666666666667,12,587,0.52,0,1,0.36,1,0,0
USR7955,50,2,12742,188,21221,500000,1.6654371370271543,0.042442,0,504,0.65,1,0,0.09,2,0,0
USR1293,25,4,31900,177,31499,100000,0.9874294670846395,0.31499,20,226,0.0,0,1,0.67,0,0,0
USR5445,47,3,26806,71,33456,500000,1.2480787883309707,0.066912,7,530,0.42,1,0,0.77,0,0,0
USR7371,40,2,35080,18,34565,100000,0.9853192702394526,0.34565,7,425,0.06,3,0,0.9,0,0,0
USR5906,70,1,49608,264,46521,300000,0.9377721335268505,0.15507,9,471,0.71,3,0,0.6,1,0,0
USR1602,67,0,34266,199,35473,500000,1.0352244207085741,0.070946,1,155,0.62,0,1,0.12,1,0,0
USR4873,67,3,22463,90,28860,100000,1.2847794150380627,0.2886,16,52,0.53,1,1,0.63,0,0,0
USR7900,49,2,46113,190,23003,300000,0.49883980656214083,0.07667666666666667,11,513,0.34,2,1,0.3,0,0,0
USR1438,28,3,49392,132,65765,100000,1.3314909297052153,0.65765,9,372,0.53,2,0,0.17,2,1,0
USR5242,22,1,54936,327,48427,500000,0.8815166739478666,0.096854,14,283,0.28,0,1,0.82,2,0,0
USR4512,42,3,7691,262,8829,200000,1.147965154076193,0.044145,1,487,0.06,1,1,0.44,1,1,0
USR1272,41,3,33812,233,19146,300000,0.566248669111558,0.06382,11,112,0.96,2,0,0.2,2,0,0
USR9669,60,0,47252,310,38055,100000,0.8053627359688479,0.38055,17,530,0.33,0,0,0.91,2,1,0
USR5613,33,1,42078,105,30188,200000,0.7174295356243168,0.15094,0,440,0.7,1,0,0.61,1,0,0
USR5204,65,5,9915,92,7332,500000,0.7394856278366112,0.014664,7,319,0.66,3,0,0.79,2,1,0
USR6488,52,1,45578,242,41931,500000,0.9199833252885163,0.083862,8,63,0.97,2,0,0.55,2,1,0
USR8218,63,4,21981,249,8803,300000,0.40048223465720395,0.029343333333333332,5,690,0.5,0,0,0.54,2,0,0
USR9461,49,0,30787,292,37615,500000,1.2217819209406569,0.07523,1,688,0.22,1,0,0.83,0,0,0
USR5651,39,3,35113,175,24965,300000,0.7109902315381768,0.08321666666666666,8,185,0.87,0,0,0.32,0,0,0
USR6529,60,0,19153,30,14788,100000,0.7720983657912599,0.14788,13,237,0.53,0,0,0.41,2,0,0
USR4021,48,0,10462,344,9323,300000,0.8911298030969222,0.031076666666666666,7,351,0.92,0,0,0.03,2,0,0
USR6534,60,0,42066,33,8922,200000,0.21209527884752533,0.04461,9,356,0.55,0,1,0.33,2,0,0
USR4543,44,0,35540,136,102526,200000,2.884805852560495,0.51263,0,615,0.8,2,1,0.81,0,0,1
USR4248,62,3,31279,47,24576,500000,0.7857028677387384,0.049152,3,222,0.97,1,1,0.24,0,1,0
USR7810,61,1,51034,231,54270,500000,1.0634087079202101,0.10854,4,596,0.62,3,0,0.86,0,0,0
USR1079,47,2,44245,197,16989,100000,0.38397559046219915,0.16989,3,257,0.61,0,0,0.14,0,0,0
USR8492,19,3,21948,113,22360,300000,1.0187716420630581,0.07453333333333333,17,157,0.61,1,0,0.61,1,0,0
USR7075,55,0,12704,183,15777,100000,1.2418923173803527,0.15777,14,632,0.14,0,0,0.17,0,1,0
USR4728,48,4,9251,232,1084,100000,0.11717652145713976,0.01084,5,670,0.06,3,0,0.65,1,0,0
USR1741,61,3,36740,347,26290,100000,0.7155688622754491,0.2629,4,7,0.48,1,0,0.48,2,0,0
USR1261,34,0,19809,219,16965,300000,0.8564288959563835,0.05655,2,43,0.74,1,0,0.54,2,0,0
USR4225,31,2,8295,17,10257,300000,1.2365280289330922,0.03419,10,414,0.72,0,0,0.87,2,1,0
USR9763,46,0,5595,319,8089,100000,1.4457551385165326,0.08089,10,342,0.84,0,0,0.41,1,1,0
USR5768,47,3,34688,216,10308,100000,0.2971632841328413,0.10308,0,179,0.96,1,0,0.98,2,1,0
USR6306,38,2,19451,340,4592,500000,0.2360804071770089,0.009184,12,36,0.23,2,0,0.24,2,0,0
USR1213,37,0,29509,119,14082,500000,0.47721034260734013,0.028164,19,407,0.92,0,0,0.23,2,0,0
USR7752,38,1,49765,169,78137,100000,1.5701195619411232,0.78137,14,277,0.23,0,0,0.33,0,1,0
USR9425,32,2,19886,291,30556,200000,1.5365583827818565,0.15278,0,466,0.58,0,0,0.27,1,1,0
USR3261,44,2,44905,38,36101,200000,0.8039416546041643,0.180505,8,380,0.65,2,0,0.6,0,1,0
USR5679,50,1,15972,164,28231,200000,1.7675306786877034,0.141155,9,427,0.51,1,0,0.12,0,0,0
USR3585,44,1,21430,193,9839,200000,0.45912272515165653,0.049195,27,599,0.86,1,1,0.18,1,1,0
USR5472,20,1,52820,9,105406,300000,1.9955698599015523,0.35135333333333335,8,562,0.33,0,1,0.64,0,1,0
USR8154,28,5,16993,280,15000,200000,0.882716412640499,0.075,1,45,0.49,0,1,0.09,2,0,0
USR4769,48,2,21281,304,20229,300000,0.9505662327898126,0.06743,8,287,0.69,3,0,0.18,2,1,0
USR4805,33,1,5246,71,8275,500000,1.5773922988943958,0.01655,8,179,0.27,0,0,0.91,1,0,0
USR2480,28,3,40407,362,64584,300000,1.5983369218204766,0.21528,10,536,0.25,3,1,0.17,2,0,0
USR8397,37,2,32398,200,31439,300000,0.9703994073708253,0.10479666666666666,25,162,0.36,1,0,0.52,0,0,0
USR1844,26,4,7886,29,12520,100000,1.5876236368247527,0.1252,15,339,0.5,0,0,0.43,0,0,0
USR5494,62,2,37816,35,1000,200000,0.026443833298074888,0.005,7,59,0.83,3,1,0.79,0,0,0
USR7618,51,1,57979,53,25239,500000,0.4353127856637748,0.050478,9,124,0.09,2,0,0.82,0,0,0
USR1559,42,1,58626,298,91061,100000,1.5532528229795655,0.91061,12,38,0.93,1,1,0.31,0,0,0
USR1234,61,5,21564,142,19952,200000,0.9252457800037099,0.09976,5,320,0.44,0,0,0.18,0,0,0
USR6523,63,2,18044,173,1000,500000,0.055420084238528046,0.002,7,669,0.91,1,0,0.74,2,0,0
USR2084,57,1,24970,93,19704,100000,0.7891069283139768,0.19704,6,321,0.43,0,0,0.1,0,0,0
USR6105,41,3,31185,328,43339,200000,1.3897386564053231,0.216695,11,467,0.48,2,0,0.14,0,1,0
USR3470,51,0,26484,289,59022,100000,2.228590847304033,0.59022,7,250,1.0,2,1,0.76,0,0,1
USR4618,43,3,6371,294,15143,100000,2.3768639146130908,0.15143,12,466,0.97,0,0,0.78,0,0,1
USR6547,57,0,23999,113,24188,200000,1.0078753281386725,0.12094,4,223,0.59,3,0,0.87,1,0,0
USR4288,26,2,44350,96,61717,300000,1.3915896279594138,0.20572333333333334,9,34,0.47,1,0,0.03,1,1,0
USR4396,66,1,5346,136,4281,300000,0.8007856341189674,0.01427,9,552,0.76,0,0,0.83,0,1,0
USR7954,50,3,34648,59,58099,200000,1.6768356037866543,0.290495,11,540,0.19,1,0,0.62,1,0,0
USR7674,26,2,12641,85,5646,200000,0.44664187959813306,0.02823,0,248,0.75,1,0,0.36,0,1,0
USR8882,36,1,7568,351,1000,100000,0.1321353065539112,0.01,7,130,0.52,0,0,0.71,2,1,0
USR9143,65,0,20892,12,1000,200000,0.047865211564235115,0.005,0,316,0.29,0,0,0.98,0,0,0
USR7431,53,1,45896,122,43578,200000,0.9494945093254314,0.21789,12,495,0.42,3,1,0.75,0,1,0
USR4924,49,0,34257,114,7068,300000,0.20632279534109818,0.02356,1,275,0.43,1,0,0.97,0,0,0
USR4961,31,3,39632,364,16476,300000,0.41572466693580945,0.05492,7,332,0.2,3,0,0.56,2,0,0
USR7377,60,3,30762,226,13975,300000,0.45429425915090044,0.04658333333333333,18,562,0.12,3,0,0.06,1,0,0
USR1637,34,4,33841,63,60074,500000,1.77518394846488,0.120148,12,209,0.09,1,1,0.79,0,0,0
USR8289,58,1,20521,31,19771,300000,0.9634520734856976,0.06590333333333333,6,693,0.55,0,0,0.49,0,1,0
USR9317,61,2,43370,11,46335,200000,1.0683652294212589,0.231675,11,640,0.51,0,1,0.91,1,0,0
USR1001,70,3,27840,67,15274,100000,0.5486350574712644,0.15274,5,374,0.2,1,0,0.17,0,0,0
USR3943,54,2,59454,165,89584,500000,1.5067783496484677,0.179168,4,507,0.54,0,0,0.83,0,0,0
USR5099,33,2,13094,127,23085,500000,1.763021231098213,0.04617,7,29,0.95,1,1,0.72,2,1,0
USR8962,43,2,30940,239,26844,300000,0.8676147382029735,0.08948,23,187,0.64,3,0,0.62,1,0,0
USR6592,39,1,33463,6,24427,300000,0.7299704150853181,0.08142333333333333,0,482,0.13,0,1,0.12,2,0,0
USR7386,50,5,49210,225,5070,200000,0.10302783986994514,0.02535,2,84,0.34,0,0,0.54,0,0,0
USR8904,64,0,24366,8,57335,200000,2.353073955511779,0.286675,7,91,0.74,0,0,0.08,1,1,1
USR1210,63,0,10214,30,2168,200000,0.21225768552966517,0.01084,4,416,0.98,0,0,0.79,1,1,0
USR1249,57,2,30579,73,76490,100000,2.5013898427025083,0.7649,7,145,0.05,0,0,0.96,2,0,0
USR2860,48,2,26419,203,19662,100000,0.7442371020856202,0.19662,7,515,0.44,0,0,0.29,0,0,0
USR9274,52,3,33233,186,36151,200000,1.0878042909156562,0.180755,5,265,0.32,2,0,0.35,0,1,0
USR6444,40,5,48334,8,19836,100000,0.41039433938842224,0.19836,1,518,0.16,2,0,0.05,1,0,0
USR4342,46,1,12735,321,12448,300000,0.9774636827640362,0.04149333333333333,11,672,0.44,0,0,0.49,2,0,0
USR9989,44,0,58963,315,56885,300000,0.9647575598256534,0.18961666666666666,6,520,0.22,0,0,0.91,1,0,0
USR7815,68,1,8542,332,17092,100000,2.000936548817607,0.17092,26,216,0.4,0,1,0.42,1,0,0
USR1300,34,1,37647,296,6983,200000,0.1854862273222302,0.034915,0,617,0.32,0,0,0.61,0,1,0
USR2760,26,1,43537,289,81299,500000,1.8673542044697613,0.162598,6,63,0.85,2,0,0.82,1,0,1
USR9705,47,1,14522,114,1000,200000,0.06886103842445944,0.005,0,428,0.17,1,0,0.16,0,0,0
USR1638,33,1,7306,266,13070,500000,1.7889405967697782,0.02614,12,318,0.94,3,0,0.26,1,0,0
USR1419,29,3,55591,331,9047,200000,0.16274217049522405,0.045235,4,257,0.47,1,0,0.22,0,1,0
USR2304,24,1,14808,95,30950,300000,2.0900864397622905,0.10316666666666667,18,163,0.84,0,0,0.52,2,0,0
USR8038,40,1,54933,338,51673,100000,0.9406549797025467,0.51673,7,503,0.67,0,1,0.74,1,0,0
USR8332,53,0,49155,231,65617,100000,1.3348998067338012,0.65617,3,341,0.98,0,0,0.68,0,1,0
USR3491,65,4,14133,136,21141,300000,1.4958607514328168,0.07047,11,481,0.02,0,1,0.28,1,0,0
USR1475,30,2,47662,220,8974,300000,0.18828416768075196,0.029913333333333333,10,411,0.95,2,1,0.51,2,0,0
USR5501,26,3,56768,296,77471,200000,1.3646948985343856,0.387355,6,689,0.97,0,0,0.65,0,0,0
USR1121,46,5,48982,169,104427,200000,2.131946429300559,0.522135,1,163,0.69,3,0,0.1,0,0,0
USR5021,24,2,23523,167,24155,500000,1.0268673213450665,0.04831,7,323,0.51,0,0,0.68,2,0,0
USR7117,53,3,10706,230,16025,500000,1.496824210722959,0.03205,12,422,0.4,1,0,0.97,0,0,0
USR4383,61,1,26976,183,42809,200000,1.586929122182681,0.214045,23,681,0.43,2,1,0.75,1,1,0
USR3876,40,3,7947,104,1000,200000,0.12583364791745313,0.005,2,451,0.03,2,0,0.07,1,0,0
USR7398,47,0,23193,177,7497,100000,0.323244082266201,0.07497,10,164,0.95,2,0,0.53,2,1,0
USR4006,21,3,29164,17,23525,200000,0.8066451789877932,0.117625,4,628,0.84,1,0,0.5,0,0,0
USR6178,22,1,44265,346,100802,200000,2.2772393538913365,0.50401,3,279,0.17,2,0,0.65,0,0,0
USR1353,64,1,33453,253,40613,100000,1.214031626461005,0.40613,11,99,0.15,1,1,0.24,0,1,0
USR5837,32,1,22771,313,24585,200000,1.079662728909578,0.122925,1,375,0.38,1,1,0.41,2,1,0
USR5629,22,0,48875,283,34023,500000,0.6961227621483376,0.068046,31,644,0.93,2,0,0.01,1,0,0
USR8518,26,2,46185,39,90367,200000,1.9566309407816391,0.451835,5,171,0.68,1,0,0.71,0,0,0
USR4022,24,3,7559,236,8068,500000,1.0673369493319222,0.016136,7,415,0.3,1,0,0.38,0,0,0
USR6932,67,2,52434,55,67528,100000,1.2878666514093908,0.67528,11,90,0.26,0,0,0.01,0,1,0
USR4744,48,0,58372,304,39410,100000,0.6751524703625026,0.3941,13,181,0.64,2,0,0.61,2,0,0
USR1732,18,2,47301,258,38279,100000,0.8092640747552906,0.38279,20,130,0.03,2,0,0.06,2,0,0
USR1979,65,2,23525,355,26495,300000,1.12624867162593,0.08831666666666667,1,88,0.41,0,0,0.66,1,0,0
USR6503,21,1,16910,194,5745,100000,0.3397397989355411,0.05745,9,278,0.48,0,0,0.55,0,1,0
USR8903,53,2,9325,219,1000,500000,0.10723860589812333,0.002,0,544,0.69,3,0,0.41,0,0,0
USR6739,62,4,20709,7,38113,300000,1.840407552271959,0.12704333333333334,15,88,0.89,1,1,0.32,2,0,0
USR4192,41,2,13533,156,25876,500000,1.9120667996748688,0.051752,9,460,0.71,3,0,0.76,1,0,1
USR3832,66,7,8097,315,7255,100000,0.8960108682227985,0.07255,4,229,0.09,3,0,0.12,2,0,0
USR6988,66,2,30233,219,35427,300000,1.1717990275526742,0.11809,4,112,0.09,1,1,0.74,0,1,0
USR1582,58,3,32569,114,40825,500000,1.253492584973441,0.08165,1,623,0.73,2,1,0.93,0,0,0
USR3198,34,1,33500,259,37289,300000,1.1131044776119403,0.12429666666666667,13,29,0.89,1,1,0.93,2,0,0
USR3970,52,3,14828,348,20411,500000,1.3765173995144322,0.040822,14,624,0.86,1,1,0.01,1,1,0
USR1382,39,0,28452,95,25051,300000,0.8804653451426965,0.08350333333333333,1,216,1.0,1,0,0.39,0,1,0
USR4097,52,1,51854,134,86892,300000,1.6757048636556486,0.28964,10,415,0.87,0,0,0.31,2,0,0
USR4920,57,1,47863,312,23968,100000,0.5007625932348578,0.23968,9,447,0.47,3,0,0.46,1,0,0
USR1915,44,2,40154,224,86901,500000,2.16419285749863,0.173802,2,313,0.05,0,0,0.64,2,0,0
USR8210,22,0,17046,107,1000,500000,0.05866478939340608,0.002,11,513,0.37,1,0,0.09,0,1,0
USR1161,64,3,14044,123,7370,500000,0.5247792651666192,0.01474,17,115,0.65,3,0,0.68,2,1,0
USR9356,64,1,28907,342,33413,300000,1.1558791988099768,0.11137666666666667,12,468,0.96,0,0,0.43,2,0,0
USR5577,38,2,10648,243,14858,300000,1.3953794139744553,0.04952666666666666,11,533,0.94,0,1,0.14,2,1,0
USR6049,36,3,56998,196,1000,300000,0.01754447524474543,0.0033333333333333335,0,667,0.18,0,0,0.82,0,1,0
USR2382,34,4,26896,28,17787,300000,0.6613251041046996,0.05929,5,213,0.1,3,0,0.83,2,0,0
USR4961,38,2,6578,325,7545,300000,1.1470051687442993,0.02515,11,540,0.34,0,1,0.11,0,1,0
USR2684,23,4,57341,97,1000,100000,0.017439528435151112,0.01,0,319,0.67,1,0,0.29,0,0,0
USR5673,20,5,59063,318,2235,200000,0.03784094949460745,0.011175,9,178,0.56,2,1,0.79,2,0,0
USR3752,58,1,48013,307,12197,100000,0.2540353654218649,0.12197,16,585,0.1,0,0,0.98,0,0,0
USR1203,22,1,5321,263,4686,200000,0.8806615297876339,0.02343,17,49,0.8,0,0,0.45,0,0,0
USR6763,44,1,57004,360,105583,200000,1.852203354150586,0.527915,12,298,0.77,0,1,0.1,0,1,1
USR4566,43,1,31728,312,23615,300000,0.7442952597075139,0.07871666666666667,1,398,0.83,0,1,0.28,0,0,0
USR7016,58,2,26948,177,39343,300000,1.459959922814309,0.13114333333333333,11,74,0.58,3,0,0.37,1,0,0
USR4054,29,0,54294,266,88223,100000,1.624912513353225,0.88223,1,647,0.29,1,0,0.9,2,0,0
USR8071,45,1,37866,198,47415,200000,1.2521787355411187,0.237075,12,288,0.4,3,0,0.99,0,0,0
USR2369,54,3,52288,144,77306,200000,1.4784654222766218,0.38653,1,324,0.74,1,0,0.25,2,0,0
USR1425,58,3,46184,362,81584,300000,1.7664992205092673,0.27194666666666667,3,367,0.84,2,0,0.21,2,1,0
USR1105,27,3,27689,296,14029,100000,0.5066632958936762,0.14029,7,181,0.29,0,0,0.6,1,0,0
USR3621,22,0,35412,45,17827,100000,0.5034169208178019,0.17827,0,219,0.57,3,0,0.84,2,1,0
USR6874,42,0,46629,148,34409,100000,0.7379313302880182,0.34409,0,188,0.36,0,0,0.99,1,0,0
USR9377,70,1,39511,249,19003,200000,0.4809546708511554,0.095015,5,214,0.1,1,0,0.47,2,0,0
USR9256,25,3,45806,48,77426,500000,1.6903025804479763,0.154852,4,267,0.28,2,0,0.89,0,0,0
USR6400,33,1,14739,303,23182,300000,1.5728339778818101,0.07727333333333333,1,86,0.76,3,0,0.4,0,0,0
USR4386,36,1,54113,126,64991,300000,1.2010237835640234,0.21663666666666667,19,491,0.41,1,0,0.17,2,0,0
USR7488,45,2,11207,263,13142,100000,1.1726599446774337,0.13142,13,173,0.39,3,0,0.61,0,1,0
USR8656,28,1,27491,151,36832,200000,1.3397839292859481,0.18416,0,229,0.79,0,1,0.74,0,0,0
USR8201,43,2,30684,246,48296,300000,1.573979924390562,0.16098666666666667,10,440,0.35,1,0,0.52,0,0,0
USR7925,21,0,52281,286,40942,100000,0.7831143245155984,0.40942,1,630,0.18,2,0,0.76,2,1,0
USR4656,62,1,34350,228,21305,100000,0.6202328966521107,0.21305,1,635,0.95,3,0,0.22,2,0,0
USR8722,54,2,39047,174,26311,500000,0.6738289753374139,0.052622,1,149,0.17,2,1,0.81,1,1,0
USR8289,70,1,22640,39,21359,100000,0.9434187279151943,0.21359,0,656,0.69,0,0,0.56,2,0,0
USR1588,33,4,58752,135,28794,100000,0.490093954248366,0.28794,2,281,0.4,3,0,0.46,1,0,0
USR3468,54,3,28957,259,22852,100000,0.7891701488413855,0.22852,6,563,0.94,1,0,0.28,0,0,0
USR1546,19,3,53975,153,45500,500000,0.8429828624363132,0.091,20,253,0.96,0,0,0.13,0,0,0
USR3193,57,3,41301,308,27182,300000,0.6581438706084598,0.09060666666666667,6,266,0.35,3,0,0.32,1,0,0
USR8126,70,4,5956,89,4758,500000,0.7988582941571525,0.009516,8,618,0.57,0,0,0.16,0,0,0
USR4952,26,2,53027,278,27055,200000,0.5102117789050861,0.135275,8,562,0.82,1,0,0.54,2,0,0
USR2175,36,1,23327,315,15901,100000,0.6816564496077506,0.15901,6,635,0.4,1,0,0.86,0,0,0
USR1760,46,1,19523,123,16984,300000,0.8699482661476208,0.056613333333333335,9,5,0.0,1,1,0.52,2,0,0
USR4233,27,2,22780,135,38445,500000,1.6876646180860404,0.07689,0,496,0.43,1,0,0.45,0,1,0
USR6985,24,2,23184,235,6204,200000,0.2675983436853002,0.03102,3,57,0.03,3,1,0.15,0,0,0
USR9630,64,3,27865,79,29692,500000,1.0655661223757402,0.059384,13,477,0.63,1,1,0.69,1,0,0
USR7804,28,3,36444,24,44649,300000,1.2251399407309844,0.14883,22,248,0.39,0,0,0.68,0,1,0
USR2275,44,3,20325,293,17832,500000,0.8773431734317343,0.035664,15,43,0.9,0,0,0.73,0,0,0
USR7680,60,1,47138,38,50985,200000,1.0816114387542959,0.254925,3,426,0.62,0,0,0.77,2,0,0
USR1557,59,4,41764,17,86749,500000,2.077123838712767,0.173498,7,565,0.21,0,1,0.86,1,0,0
USR8977,63,4,52326,316,61654,200000,1.178267018308298,0.30827,15,620,0.88,1,0,0.35,0,0,0
USR3349,58,2,20430,6,32010,200000,1.566813509544787,0.16005,20,69,0.41,1,0,0.54,2,1,0
USR5569,57,5,31606,125,42604,300000,1.3479719040688476,0.14201333333333332,14,695,0.14,0,0,0.59,0,0,0
USR1454,46,1,14963,9,1000,100000,0.06683151774376796,0.01,5,310,0.49,1,0,0.98,1,1,0
USR7061,36,3,41972,108,33696,500000,0.8028209282378729,0.067392,16,363,0.45,0,1,0.11,1,0,0
USR2715,58,1,49657,104,1000,200000,0.020138147693175183,0.005,7,614,0.02,1,0,0.2,0,0,0
USR8335,31,1,37277,213,22731,500000,0.6097861952410334,0.045462,0,310,0.85,0,0,0.58,0,0,0
USR3098,37,1,39747,323,34872,100000,0.8773492339044456,0.34872,0,471,0.71,2,0,0.69,2,0,0
USR8039,18,4,20211,28,22019,200000,1.0894562367027856,0.110095,3,600,0.5,0,0,0.17,1,1,0
USR4864,44,0,47959,319,32176,500000,0.670906399215997,0.064352,0,464,0.37,0,0,0.06,0,1,0
USR7086,47,0,26575,365,15355,100000,0.5777986829727187,0.15355,20,606,0.27,0,1,0.26,1,0,0
USR5072,54,5,51121,266,23102,200000,0.4519082177578686,0.11551,8,528,0.26,1,0,0.69,2,0,0
USR3719,58,5,38406,335,15135,500000,0.3940790501484143,0.03027,10,650,0.58,2,0,0.82,1,0,0
USR6914,29,1,31955,215,34248,200000,1.0717571585041465,0.17124,6,412,0.3,0,1,0.1,2,1,0
USR1880,67,2,54845,215,41920,100000,0.764335855593035,0.4192,15,57,0.89,2,1,0.42,2,0,0
USR2912,69,4,10345,126,7726,500000,0.7468342194296762,0.015452,7,250,0.72,1,1,0.7,2,0,0
USR9438,28,2,53827,237,28964,500000,0.5380942649599644,0.057928,6,478,0.11,1,0,0.82,0,0,0
USR1206,37,3,58232,19,25781,300000,0.44272908366533864,0.08593666666666666,1,271,0.7,3,1,0.9,2,1,0
USR4251,26,2,22433,11,41444,300000,1.8474568715731288,0.13814666666666667,12,648,0.28,1,0,0.22,2,1,0
USR3319,59,3,36614,116,13730,300000,0.3749931720107063,0.045766666666666664,2,468,0.46,0,0,0.11,0,1,0
USR2225,48,1,46457,289,42723,100000,0.9196245990916331,0.42723,0,286,0.66,1,0,0.0,1,0,0
USR2387,39,2,10262,3,9637,100000,0.9390956928473981,0.09637,5,475,0.89,0,0,0.27,1,1,0
USR3932,20,3,48457,194,58809,200000,1.2136327052850981,0.294045,0,442,0.92,2,0,0.09,0,1,0
USR3635,31,0,35253,129,4732,500000,0.13422971094658612,0.009464,9,230,0.05,0,0,0.51,0,0,0
USR1714,33,1,20882,79,20953,500000,1.00340005746576,0.041906,11,203,0.36,0,1,0.26,1,0,0
USR7465,20,3,42965,142,40278,200000,0.9374607238449901,0.20139,6,616,0.58,3,0,0.73,0,0,0
USR5992,21,0,51805,360,35926,100000,0.6934851848277194,0.35926,4,198,0.77,3,0,0.83,1,0,0
USR3468,67,1,51507,196,1000,300000,0.019414836818296543,0.0033333333333333335,2,607,0.08,0,0,0.45,1,0,0
USR6582,50,2,49829,124,40401,200000,0.8107929117582131,0.202005,1,469,0.81,0,1,0.06,0,0,0
USR2202,47,2,59495,27,97382,200000,1.6368098159509203,0.48691,7,27,0.34,0,0,0.49,1,0,0
USR1850,63,1,19060,175,24815,300000,1.3019412381951732,0.08271666666666666,8,107,0.13,0,0,0.34,2,0,0
USR4877,39,0,20732,270,10706,200000,0.5163997684738568,0.05353,13,284,0.26,3,0,0.03,0,1,0
USR8237,70,1,55552,336,69656,500000,1.2538882488479262,0.139312,9,373,0.42,1,0,0.99,0,0,0
USR5766,32,3,45824,11,99405,200000,2.1692781075418996,0.497025,5,84,0.81,1,0,0.83,1,0,1
USR3640,34,0,40730,288,50771,500000,1.2465259022833293,0.101542,0,317,0.04,0,1,0.25,1,1,0
USR4084,39,2,26327,146,9830,300000,0.3733809397196794,0.032766666666666666,7,138,0.38,0,0,0.06,1,0,0
USR6076,18,1,11961,228,16021,100000,1.3394365019647188,0.16021,11,412,0.66,2,1,0.9,0,0,0
USR2327,41,1,55677,190,54576,300000,0.980225227652352,0.18192,2,627,0.89,0,0,0.15,0,0,0
USR1224,41,1,5715,102,5478,100000,0.9585301837270341,0.05478,10,581,0.3,0,1,0.92,1,0,0
USR9555,65,1,28549,321,35189,500000,1.2325825773231986,0.070378,8,147,0.19,3,0,0.09,1,0,0
USR3196,43,4,7549,101,9914,500000,1.313286528016956,0.019828,17,412,0.23,0,0,0.27,1,1,0
USR6420,37,2,8256,284,6309,300000,0.764171511627907,0.02103,1,431,0.42,0,0,0.53,1,1,0
USR1926,57,0,55070,335,66289,100000,1.2037225349555112,0.66289,6,185,0.03,1,1,0.29,1,0,0
USR1006,57,2,59844,19,56536,100000,0.9447229463271172,0.56536,14,65,0.67,1,0,0.81,2,0,0
USR8074,32,4,48280,335,27275,100000,0.56493371996686,0.27275,1,417,0.15,0,0,0.41,1,0,0
USR4473,61,2,26960,28,22465,300000,0.8332715133531158,0.07488333333333333,11,130,0.04,0,0,0.45,2,1,0
USR6274,23,0,10858,181,17094,500000,1.5743230797568613,0.034188,0,8,0.35,2,1,0.0,2,0,0
USR9750,23,4,40511,248,1000,500000,0.024684653550887413,0.002,2,122,0.3,1,1,0.64,1,0,0
USR8648,51,1,58880,330,77277,100000,1.3124490489130434,0.77277,11,404,0.19,2,1,0.12,1,0,0
USR3244,54,2,38772,14,29449,100000,0.759542969152997,0.29449,0,699,0.92,0,1,0.0,2,0,0
USR2868,66,3,30937,43,15872,100000,0.5130426350324854,0.15872,6,619,0.33,0,1,0.98,1,0,0
USR4718,43,2,33770,141,23094,100000,0.6838614154575067,0.23094,17,60,0.44,0,0,0.14,2,0,0
USR5516,21,2,47129,360,35185,200000,0.7465679305735322,0.175925,1,613,0.8,3,0,0.39,1,1,0
USR4526,45,0,17285,228,1528,100000,0.0884003471217819,0.01528,17,391,0.9,0,0,0.04,1,0,0
USR4635,34,3,58639,2,70540,200000,1.2029536656491413,0.3527,6,221,0.27,0,0,0.62,0,0,0
USR1013,28,1,21192,227,14843,100000,0.7004058135145338,0.14843,1,261,0.72,0,1,0.44,1,0,0
USR5623,55,2,19798,325,21549,100000,1.088443277098697,0.21549,7,26,0.37,3,0,0.81,1,0,0
USR4694,33,0,16709,217,29319,100000,1.7546831049135196,0.29319,4,323,0.83,1,0,0.32,2,0,0
USR6083,65,1,47506,67,35880,300000,0.7552730181450764,0.1196,9,149,0.32,3,0,0.45,1,0,0
USR6770,37,3,51116,89,1000,500000,0.019563346114719462,0.002,8,609,0.46,0,0,0.14,0,0,0
USR6342,23,0,28758,214,33461,300000,1.1635371027192434,0.11153666666666667,2,200,0.44,1,0,0.29,0,1,0
USR1620,58,3,36826,278,5011,300000,0.13607234019442785,0.016703333333333334,5,167,0.31,0,1,0.13,2,0,0
USR9706,65,1,22523,130,68207,200000,3.0283265994760913,0.341035,9,240,0.04,1,0,0.78,2,1,1
USR2179,34,2,48584,225,116291,300000,2.393606948789725,0.3876366666666667,1,58,0.75,3,0,0.95,0,0,1
USR9212,59,2,18903,157,37117,100000,1.963550759138761,0.37117,11,357,0.02,0,1,0.84,0,0,0
USR3215,30,2,16143,214,19090,500000,1.1825559065848974,0.03818,11,673,0.31,1,0,0.36,2,1,0
USR8741,22,1,33698,290,65670,200000,1.9487803430470652,0.32835,2,258,0.18,1,0,0.29,1,0,0
USR5658,41,1,46351,43,9441,100000,0.20368492589156653,0.09441,3,505,0.08,3,0,0.97,1,0,0
USR6607,21,3,9220,344,9391,300000,1.0185466377440346,0.031303333333333336,20,278,0.91,0,0,0.14,1,1,0
USR3485,29,3,56965,96,32211,300000,0.5654524708154129,0.10737,6,458,0.48,2,1,0.97,0,0,0
USR2611,43,0,44330,330,64279,300000,1.450011279043537,0.21426333333333333,14,251,0.01,1,0,0.45,0,0,0
USR4050,21,2,20214,228,21212,300000,1.0493717225685169,0.07070666666666667,18,472,0.43,0,0,0.25,2,0,0
USR5518,34,1,22430,307,39569,100000,1.7641105662059742,0.39569,1,447,0.59,1,1,0.65,1,0,0
USR8656,31,2,51929,83,43163,300000,0.8311925898823393,0.14387666666666668,1,30,0.59,0,0,0.65,0,1,0
USR9261,42,2,11858,279,19640,200000,1.656265812109968,0.0982,13,264,0.62,0,0,0.26,0,0,0
USR9755,45,4,12216,262,11712,200000,0.9587426326129665,0.05856,12,218,0.47,2,0,0.08,0,0,0
USR3265,64,1,22300,320,29578,100000,1.3263677130044842,0.29578,2,598,0.97,0,1,0.29,1,0,0
USR9250,57,2,59309,198,19622,100000,0.3308435481967324,0.19622,11,560,0.3,2,0,0.13,2,0,0
USR4479,43,1,25810,17,44489,100000,1.7237117396358002,0.44489,9,548,0.34,3,0,0.67,0,0,0
USR3207,26,4,58250,159,74830,100000,1.2846351931330473,0.7483,7,240,0.13,3,0,0.97,2,0,0
USR2565,56,1,7001,213,3030,500000,0.43279531495500645,0.00606,19,439,0.14,0,1,0.29,2,0,0
USR3531,34,1,39363,256,25571,500000,0.6496202017122679,0.051142,1,588,0.72,0,0,0.01,0,1,0
USR3783,36,1,25607,364,28782,300000,1.1239895341117663,0.09594,13,163,0.75,1,1,0.72,1,1,0
USR2816,45,2,56106,139,72499,300000,1.292179089580437,0.24166333333333334,3,111,0.24,3,0,0.2,0,0,0
USR3029,35,1,43260,189,39280,100000,0.9079981507165973,0.3928,11,413,0.32,1,1,0.18,2,0,0
USR4838,37,2,56530,326,32812,100000,0.5804351671678755,0.32812,8,144,0.7,3,0,0.9,0,0,0
USR7854,44,0,32431,283,31230,300000,0.9629675310659555,0.1041,1,457,0.57,1,1,0.59,0,0,0
USR7167,43,1,49184,189,59702,100000,1.2138500325309043,0.59702,7,314,0.81,3,0,0.93,2,1,0
USR4966,50,1,13643,83,28156,100000,2.063768965769992,0.28156,12,600,0.12,0,0,0.17,1,0,0
USR9102,42,2,33859,101,40262,100000,1.1891077704598483,0.40262,9,341,0.6,0,0,0.7,0,1,0
USR9415,56,2,16262,356,24377,500000,1.4990161111794367,0.048754,9,518,0.9,0,1,0.61,2,1,0
USR3434,51,0,53421,197,91419,500000,1.7112933116190263,0.182838,9,420,0.66,2,0,0.7,0,1,0
USR3218,19,2,46611,101,13297,100000,0.2852760078093154,0.13297,7,515,0.27,1,1,0.2,0,1,0
USR8424,34,0,40574,27,19417,200000,0.4785576970473702,0.097085,8,155,0.36,1,0,0.25,0,0,0
USR9475,25,5,38239,356,43129,300000,1.1278799131776458,0.14376333333333333,2,462,0.66,1,0,0.99,1,1,0
USR2190,30,5,12406,298,4977,300000,0.40117684991133323,0.01659,0,451,0.5,1,0,0.85,0,1,0
USR9703,69,5,17323,45,11186,100000,0.6457311089303238,0.11186,3,322,0.75,0,0,0.02,2,0,0
USR8277,25,4,23808,243,18192,300000,0.7641129032258065,0.06064,2,623,0.07,3,0,0.46,2,0,0
USR9796,70,1,9798,3,15046,300000,1.5356195141865687,0.050153333333333334,16,654,0.65,0,0,0.56,1,1,0
USR2322,31,2,34324,182,52132,300000,1.5188206502738608,0.17377333333333334,2,647,0.83,2,0,0.82,0,0,0
USR1414,34,2,25809,250,1096,500000,0.042465806501607965,0.002192,1,221,0.82,0,0,0.62,0,0,0
USR3030,20,1,41187,4,40142,200000,0.9746279165756185,0.20071,3,137,0.31,1,0,0.58,0,0,0
USR5051,32,3,31051,263,60483,200000,1.9478599723036296,0.302415,7,233,0.67,0,1,0.08,1,0,0
USR2593,56,1,18793,218,24797,100000,1.3194806576916938,0.24797,9,216,0.91,0,0,0.9,0,0,0
USR3489,61,1,21235,278,33358,200000,1.5708971038380033,0.16679,7,5,0.31,0,0,0.03,2,0,0
USR3665,33,3,37494,106,55979,200000,1.4930122152877794,0.279895,17,490,0.41,1,0,0.94,0,0,0
USR7302,39,2,47269,156,66939,200000,1.4161289640144703,0.334695,9,401,0.58,1,0,0.97,0,0,0
USR5760,22,0,13334,18,11197,300000,0.8397330133493325,0.03732333333333333,8,80,0.97,2,0,0.94,2,1,0
USR4966,67,3,40507,12,40392,500000,0.9971609845211938,0.080784,4,242,0.88,0,0,0.93,0,0,0
USR3598,22,3,11901,324,21917,100000,1.8416099487438031,0.21917,3,360,0.07,0,0,0.17,0,0,0
USR2514,26,2,18442,99,26417,100000,1.4324368289773344,0.26417,11,516,0.76,3,0,0.24,0,0,0
USR7449,29,0,55157,188,71643,100000,1.2988922530231883,0.71643,7,286,0.04,1,0,0.97,0,0,0
USR4315,43,4,49408,135,58241,500000,1.1787767163212435,0.116482,9,622,0.86,1,1,0.87,0,0,0
USR4607,45,3,12630,171,26596,200000,2.1057798891528106,0.13298,6,548,0.15,0,0,0.68,0,0,0
USR9815,50,2,25331,158,10566,300000,0.41711736607319094,0.03522,3,157,0.86,0,0,0.97,0,1,0
USR1683,51,3,55550,341,44316,200000,0.7977677767776777,0.22158,5,575,0.7,2,1,0.77,1,0,0
USR1961,68,1,33131,352,59555,100000,1.7975611964625275,0.59555,10,200,0.79,2,0,0.62,0,0,0
USR7401,34,1,57984,124,110133,500000,1.8993687913907285,0.220266,16,436,0.85,0,1,0.38,2,0,0
USR1286,20,2,46196,298,65815,300000,1.4246904493895576,0.21938333333333335,7,199,0.16,0,1,0.17,2,0,0
USR9774,27,1,8724,222,9916,100000,1.1366345712975698,0.09916,13,630,0.66,3,0,0.9,1,1,0
USR8913,50,2,41807,167,74713,100000,1.7870930705384265,0.74713,6,657,0.83,3,0,0.16,0,0,0
USR8238,51,4,21955,38,15241,300000,0.6941926668184923,0.05080333333333333,5,580,0.19,0,0,0.69,0,1,0
USR1410,57,0,30133,278,34578,200000,1.1475126937244882,0.17289,4,446,0.21,2,0,0.57,1,1,0
USR9479,63,3,41825,290,50131,100000,1.1985893604303646,0.50131,13,405,0.1,1,1,0.94,0,0,0
USR6973,37,1,52300,169,39932,200000,0.7635181644359464,0.19966,5,561,0.31,1,0,0.73,0,0,0
USR8868,22,0,17319,262,18613,500000,1.0747156302326923,0.037226,4,141,0.75,2,0,0.44,0,1,0
USR3117,45,0,9681,74,6844,200000,0.7069517611816961,0.03422,1,88,0.33,0,0,0.9,0,0,0
USR6413,34,4,59970,95,114022,500000,1.9013173253293314,0.228044,1,471,0.78,0,1,0.31,2,0,0
USR2728,38,1,23819,72,15989,500000,0.6712708342079852,0.031978,14,320,0.39,2,1,0.94,2,1,0
USR9406,18,2,53932,45,15961,500000,0.29594674775643404,0.031922,3,88,0.78,0,1,0.43,0,0,0
USR4089,32,2,52223,335,59487,100000,1.1390958007008407,0.59487,17,493,0.64,1,1,0.26,0,0,0
USR3132,20,1,33468,150,46970,500000,1.4034301422254094,0.09394,20,473,0.25,3,0,0.41,2,0,0
USR6447,32,2,52741,11,67339,300000,1.2767865607402211,0.22446333333333332,4,160,0.3,0,0,0.97,2,0,0
USR5214,64,3,30682,21,20844,200000,0.6793559741868196,0.10422,8,210,0.36,0,0,0.48,0,0,0
USR5579,53,3,14554,93,12160,100000,0.835509138381201,0.1216,19,642,0.51,2,1,0.7,0,0,0
USR5296,55,4,27127,132,1000,300000,0.036863641390496554,0.0033333333333333335,2,142,0.44,0,0,0.53,0,0,0
USR9559,30,2,7558,303,7981,200000,1.0559671870865308,0.039905,15,201,0.87,1,0,0.27,0,1,0
USR3540,20,1,53312,98,1000,500000,0.01875750300120048,0.002,2,130,0.97,0,1,0.83,0,0,0
USR6442,33,1,25731,132,3224,500000,0.12529633515992383,0.006448,8,475,0.32,3,0,0.75,0,0,0
USR8765,40,2,14822,129,17612,200000,1.1882337066522737,0.08806,7,260,0.45,0,0,0.83,1,0,0
USR7318,54,1,13522,270,16263,300000,1.2027067001922793,0.05421,24,197,0.44,1,0,0.02,0,1,0
USR9415,49,5,53530,64,50316,500000,0.9399589015505324,0.100632,11,277,0.07,0,0,0.74,1,0,0
USR3971,19,2,27337,168,25429,300000,0.9302044847642389,0.08476333333333333,8,320,0.04,2,1,0.14,1,1,0
USR7986,34,2,34821,13,27784,100000,0.7979093076017346,0.27784,8,563,0.08,0,1,0.54,1,0,0
USR4437,24,4,44238,14,39645,100000,0.8961752339617524,0.39645,1,606,0.65,1,0,0.91,1,0,0
USR6463,39,2,52285,242,41314,300000,0.79016926460744,0.13771333333333333,1,252,0.98,1,0,0.41,0,1,0
USR8853,38,1,27254,19,20537,200000,0.7535407646583988,0.102685,12,675,0.49,0,0,0.29,2,0,0
USR2887,34,1,18689,335,38579,100000,2.0642624003424475,0.38579,7,604,0.65,2,0,0.85,0,1,1
USR6248,50,1,20133,276,36222,100000,1.799135747280584,0.36222,5,576,0.94,1,0,0.74,0,0,0
USR7695,49,6,12120,58,11529,500000,0.9512376237623762,0.023058,11,631,0.21,3,1,0.47,0,0,0
USR9053,30,0,7948,7,8228,300000,1.035228988424761,0.027426666666666665,3,301,0.31,0,0,0.27,2,1,0
USR4204,33,2,6124,299,6132,200000,1.001306335728282,0.03066,12,114,0.1,0,1,0.34,1,0,0
USR2959,41,0,54991,36,49915,200000,0.9076939862886654,0.249575,17,580,0.58,0,0,0.04,1,0,0
USR2567,59,4,29997,80,41950,100000,1.3984731806513986,0.4195,8,476,0.78,1,0,0.58,2,0,0
USR3511,50,2,16428,40,12419,200000,0.7559654248843438,0.062095,12,522,0.66,0,0,0.93,1,0,0
USR2358,43,2,37790,65,78867,200000,2.0869806827202964,0.394335,10,295,0.12,0,0,0.66,2,0,0
USR7667,53,1,24879,40,32521,200000,1.3071666867639375,0.162605,9,580,0.15,1,1,0.59,2,1,0
USR9001,35,2,45089,173,64745,200000,1.4359378118831645,0.323725,1,383,0.11,2,0,0.34,0,0,0
USR4048,21,3,43422,190,73563,300000,1.6941412187370457,0.24521,0,134,0.97,1,0,0.36,0,0,0
USR7382,65,0,39644,269,34061,100000,0.8591716274846131,0.34061,3,566,0.3,2,0,1.0,2,1,0
USR7651,60,3,38690,142,48286,100000,1.2480227448953218,0.48286,5,426,0.97,1,0,0.08,0,0,0
USR9010,60,3,34394,319,20382,500000,0.5926033610513461,0.040764,12,532,0.21,0,0,0.47,1,0,0
USR4247,43,0,43700,251,67680,300000,1.548741418764302,0.2256,14,271,0.59,2,0,0.58,0,0,0
USR9608,24,2,51614,150,71284,200000,1.381098151664277,0.35642,13,202,0.47,3,0,0.82,1,0,0
USR2099,40,2,30507,204,26734,500000,0.8763234667453371,0.053468,4,295,0.28,3,0,0.36,0,0,0
USR9551,63,1,58822,245,92670,100000,1.5754309612049913,0.9267,6,384,0.57,0,0,0.51,2,0,0
USR7468,60,2,43717,231,35283,300000,0.8070773383352015,0.11761,4,216,0.95,0,0,0.13,2,0,0
USR8901,41,4,59926,128,1000,100000,0.016687247605379967,0.01,7,151,0.18,3,0,0.77,2,0,0
USR9702,50,2,27041,108,11251,300000,0.4160718908324396,0.03750333333333333,5,157,1.0,0,0,1.0,0,0,0
USR8973,47,4,41277,255,69233,300000,1.677277902948373,0.23077666666666666,10,88,0.78,1,0,0.86,2,0,0
USR9127,44,5,14081,185,12454,300000,0.8844542291030466,0.04151333333333333,20,187,0.26,3,0,0.48,0,0,0
USR7180,37,3,55551,116,35598,200000,0.6408165469568504,0.17799,3,538,0.38,0,0,0.47,0,0,0
USR1538,33,2,42431,33,51380,300000,1.2109071197944898,0.17126666666666668,20,682,0.63,3,0,0.08,1,0,0
USR5989,19,1,55121,145,120518,100000,2.186426225939297,1.20518,7,334,0.74,1,0,0.7,0,0,0
USR6970,58,0,14066,246,11052,300000,0.7857244419166786,0.03684,8,556,0.56,2,0,0.47,0,0,0
USR1360,52,2,39211,270,35385,100000,0.9024253398281095,0.35385,2,525,0.2,0,0,0.52,1,0,0
USR8240,56,4,55134,89,53921,500000,0.9779990568433272,0.107842,12,380,0.24,1,0,0.64,2,1,0
USR2734,58,2,57758,200,74860,100000,1.2960975103016033,0.7486,16,81,0.44,0,0,0.66,1,0,0
USR6974,48,0,21897,357,23023,200000,1.0514225693017307,0.115115,8,36,0.83,0,0,0.02,1,0,0
USR4570,28,4,37753,57,72918,100000,1.931449156358435,0.72918,1,523,0.17,1,1,0.7,1,1,0
USR7513,51,2,39568,357,62835,300000,1.588025677315002,0.20945,7,59,0.75,2,1,0.64,0,0,0
USR6600,23,3,13364,34,6980,500000,0.5222987129601916,0.01396,0,169,0.81,2,0,0.49,2,0,0
USR6459,37,4,52879,340,72441,300000,1.3699389171504757,0.24147,0,414,0.5,3,0,0.21,2,0,0
USR6166,24,0,9356,348,16093,100000,1.720072680632749,0.16093,6,49,0.51,0,0,0.9,2,0,0
USR4750,46,0,46165,221,2530,300000,0.05480342250622766,0.008433333333333333,1,74,0.57,0,0,0.81,1,1,0
USR6876,21,0,54304,338,91640,100000,1.6875368296994697,0.9164,1,288,0.68,3,0,0.44,2,0,0
USR6299,36,3,52278,138,45191,100000,0.8644362829488503,0.45191,5,437,0.52,1,0,0.15,1,0,0
USR8708,40,4,47920,39,55973,200000,1.168050918196995,0.279865,4,194,0.46,2,1,0.67,0,0,0
USR8782,58,1,15520,233,19057,100000,1.2278994845360824,0.19057,6,541,0.57,2,0,0.1,0,0,0
USR2132,22,1,33728,193,23497,500000,0.6966615275142315,0.046994,10,429,0.85,0,0,0.99,0,0,0
USR7599,60,1,48465,125,72781,200000,1.5017228928092439,0.363905,1,310,0.89,3,0,0.68,0,0,0
USR5682,56,3,53581,203,15698,500000,0.2929769881114574,0.031396,2,118,0.7,0,0,0.66,1,0,0
USR8150,39,2,55104,47,1000,200000,0.018147502903600465,0.005,2,95,0.13,0,1,0.5,1,1,0
USR5250,64,2,30705,145,2004,200000,0.06526624328285295,0.01002,27,475,0.81,0,0,0.1,2,1,0
USR6176,33,1,37342,304,13438,300000,0.35986288897220287,0.04479333333333333,19,481,0.73,1,0,0.41,0,1,0
USR1631,33,3,9462,253,2315,500000,0.24466286197421264,0.00463,16,504,0.25,1,0,0.89,0,0,0
USR1964,57,0,17279,259,9537,200000,0.5519416632906997,0.047685,1,263,0.56,0,1,0.96,0,0,0
USR9581,65,1,16204,133,6314,500000,0.3896568748457171,0.012628,3,254,0.79,1,0,0.0,2,1,0
USR5760,23,1,5430,112,3360,100000,0.6187845303867403,0.0336,5,607,0.4,0,1,0.97,0,0,0
USR4481,39,1,31843,354,63538,200000,1.9953521967151335,0.31769,11,98,0.14,0,0,0.0,0,0,0
USR7108,37,0,44318,51,73937,200000,1.66832889570829,0.369685,22,665,0.75,1,0,0.78,0,0,0
USR6583,38,1,36819,42,1000,500000,0.027159890274043294,0.002,10,698,0.87,0,1,0.05,0,0,0
USR6654,32,3,57356,77,24069,300000,0.4196422344654439,0.08023,0,644,0.01,1,1,0.88,1,0,0
USR4971,39,1,48747,356,91643,100000,1.8799721008472317,0.91643,9,592,0.78,1,0,0.66,0,0,0
USR9878,30,1,34284,217,1000,200000,0.029168125072920312,0.005,9,136,0.64,1,1,0.67,0,0,0
USR7455,29,3,20540,238,53378,500000,2.59873417721519,0.106756,6,13,0.22,1,0,0.68,0,1,0
USR8701,54,3,33357,114,31633,300000,0.948316695146446,0.10544333333333333,5,406,0.22,2,1,0.9,1,0,0
USR6367,42,0,8977,334,21730,100000,2.4206305001670936,0.2173,7,657,0.38,0,0,0.53,1,0,0
USR1956,60,0,31472,266,28621,500000,0.9094115404168785,0.057242,11,645,0.26,1,0,0.25,0,0,0
USR7608,36,6,39072,118,50146,100000,1.2834254709254709,0.50146,1,411,0.03,1,0,0.84,0,1,0
USR2625,37,3,56427,237,66599,300000,1.1802683112694277,0.22199666666666668,4,162,0.82,1,1,0.81,1,0,0
USR6649,52,5,46755,301,46066,500000,0.9852636081702492,0.092132,4,127,0.43,1,0,0.52,0,0,0
USR1682,28,2,29671,169,32690,200000,1.10174918270365,0.16345,5,325,0.21,1,1,0.22,0,0,0
USR7605,33,1,12421,71,3651,200000,0.29393768617663635,0.018255,7,522,0.81,0,0,0.27,2,0,0
USR5790,23,1,37905,12,77178,200000,2.03609022556391,0.38589,4,58,0.16,0,1,0.42,0,0,0
USR8195,18,1,52472,276,62125,500000,1.183964781216649,0.12425,4,657,0.3,1,0,0.82,1,0,0
USR4881,45,3,53822,157,70570,200000,1.311173869421426,0.35285,7,69,0.29,1,0,0.42,0,0,0
USR3568,23,1,50545,91,57819,100000,1.1439113661094074,0.57819,8,619,0.9,0,1,0.17,1,0,0
USR8246,27,2,34464,134,22020,500000,0.6389275766016713,0.04404,0,97,0.18,0,0,0.24,0,1,0
USR7301,47,3,38730,92,63257,100000,1.6332816937774335,0.63257,0,423,0.56,3,0,0.01,2,0,0
USR2320,29,1,57647,159,67615,500000,1.1729144621576144,0.13523,5,411,0.85,0,1,0.16,0,0,0
USR6575,70,2,13595,128,6536,200000,0.48076498712762045,0.03268,2,97,0.37,1,0,0.3,2,1,0
USR9218,47,1,12133,55,16018,200000,1.3202011044259458,0.08009,16,295,0.84,1,0,0.92,2,0,0
USR6159,36,2,18737,201,9128,200000,0.4871644340075786,0.04564,2,649,0.56,1,0,0.7,2,1,0
USR2405,30,3,16763,329,26996,300000,1.610451589810893,0.08998666666666667,2,193,0.43,0,1,0.85,0,0,0
USR5801,33,1,43435,227,1000,300000,0.023022907793254287,0.0033333333333333335,0,684,0.79,3,0,0.75,2,0,0
USR6404,60,5,22850,91,24245,200000,1.0610503282275712,0.121225,4,674,0.75,1,1,0.78,0,1,0
USR8376,67,5,32773,157,37891,300000,1.1561651359350684,0.12630333333333332,2,598,0.88,2,1,0.22,1,1,0
USR6277,45,2,46126,144,27211,100000,0.589927589645753,0.27211,5,151,0.54,1,0,0.46,0,1,0
USR9034,58,6,14433,40,15352,500000,1.0636735259474814,0.030704,6,620,0.48,0,0,0.41,0,0,0
USR7564,21,2,50208,268,35576,200000,0.708572339069471,0.17788,3,204,0.88,3,0,0.41,2,0,0
USR8197,46,3,51779,276,35374,100000,0.6831727148071612,0.35374,7,311,0.68,0,1,0.66,1,0,0
USR9513,51,0,53053,302,70869,200000,1.3358151282679585,0.354345,13,61,0.99,3,0,0.52,0,0,0
USR2946,52,3,20024,119,13560,300000,0.6771873751498202,0.0452,5,595,0.46,0,1,0.86,0,0,0
USR8475,35,2,46290,203,68861,100000,1.487599913588248,0.68861,26,439,0.16,2,0,0.34,2,0,0
USR1929,45,5,24062,294,41617,300000,1.7295736015293823,0.13872333333333334,1,430,0.17,2,1,0.6,2,0,0
USR3744,54,2,27036,83,32583,500000,1.2051708832667554,0.065166,0,373,0.23,0,1,0.72,2,1,0
USR9678,46,1,27799,66,19941,500000,0.7173279614374618,0.039882,9,628,0.18,0,0,0.52,2,0,0
USR6702,29,1,18266,273,1000,200000,0.05474652359575167,0.005,4,665,0.71,0,0,0.08,1,0,0
USR3633,67,0,24176,41,32064,100000,1.3262739907346128,0.32064,12,81,0.83,0,0,0.81,1,0,0
USR3974,48,3,50452,111,1000,200000,0.019820819789106478,0.005,10,667,0.92,1,0,1.0,0,0,0
USR7274,62,0,24677,85,27154,500000,1.1003768691494105,0.054308,14,600,0.09,0,0,0.7,2,0,0
USR5835,68,1,57836,145,75560,200000,1.306452728404454,0.3778,1,133,0.52,2,0,0.61,1,0,0
USR7135,47,2,28127,132,20630,300000,0.7334589540299357,0.06876666666666667,3,48,0.13,1,1,0.4,2,0,0
USR4331,37,2,55172,251,32549,300000,0.5899550496628725,0.10849666666666667,0,370,0.59,1,0,0.98,0,0,0
USR6092,50,1,58348,44,72910,500000,1.2495715362994446,0.14582,4,448,0.84,0,0,0.08,1,0,0
USR3499,36,2,37814,251,26651,100000,0.7047918760247527,0.26651,2,481,0.18,1,0,0.69,0,0,0
USR8610,35,1,27701,328,44307,500000,1.5994729432150463,0.088614,14,560,0.42,0,0,0.97,0,0,0
USR7724,36,0,23729,323,27976,300000,1.1789793080197226,0.09325333333333333,8,14,0.36,0,1,0.16,0,0,0
USR6915,53,1,37027,99,1000,500000,0.027007318983444512,0.002,10,561,0.56,0,0,0.62,0,0,0
USR3343,31,2,47095,214,69131,100000,1.4679052978023144,0.69131,2,137,0.45,0,0,0.13,2,0,0
USR2816,38,1,57207,53,42635,200000,0.745275927771077,0.213175,8,98,0.4,0,0,0.08,2,1,0
USR6951,66,2,14733,37,17036,100000,1.1563157537500848,0.17036,4,558,0.36,1,1,0.73,1,1,0
USR3131,41,2,47884,327,9399,500000,0.19628685991145267,0.018798,4,645,0.03,0,0,0.01,0,1,0
USR2900,28,1,5627,227,7140,300000,1.2688821752265862,0.0238,4,320,0.49,0,0,0.38,2,0,0
USR4870,61,2,55126,198,19202,300000,0.3483292820084896,0.06400666666666667,0,87,0.29,0,1,0.73,0,1,0
USR9747,21,0,24053,31,51112,500000,2.124974015715295,0.102224,7,344,0.96,1,0,0.45,0,0,0
USR6986,29,3,36740,234,71683,500000,1.9510887316276537,0.143366,0,643,0.43,2,0,0.26,0,0,0
USR1653,70,3,38082,84,1000,100000,0.026259125045953468,0.01,15,442,0.07,2,0,0.62,1,1,0
USR8335,63,2,33040,145,30932,200000,0.9361985472154963,0.15466,17,349,0.11,1,0,0.05,2,0,0
USR2836,45,1,11710,113,8786,300000,0.7502988898377455,0.029286666666666666,2,674,0.48,2,1,0.13,2,0,0
USR6783,56,3,44854,267,28746,300000,0.6408792972756053,0.09582,9,422,0.66,0,0,0.53,2,0,0
USR9759,26,1,47048,80,94042,300000,1.9988522360142833,0.3134733333333333,22,32,0.11,0,0,0.79,0,1,1
USR7432,65,1,19592,248,25130,500000,1.282666394446713,0.05026,6,390,0.38,2,0,0.04,0,0,0
USR5477,18,1,9507,107,9041,500000,0.9509834858525297,0.018082,11,638,0.54,0,1,0.81,1,1,0
USR4256,36,2,19800,68,10984,100000,0.5547474747474748,0.10984,5,386,0.73,1,0,0.38,1,1,0
USR6734,22,1,20179,319,26673,100000,1.3218197135636058,0.26673,9,626,0.29,1,0,0.37,1,1,0
USR8782,18,1,6071,99,3384,200000,0.557404052050733,0.01692,7,692,0.27,0,1,0.11,1,1,0
USR6912,28,1,31903,61,32169,200000,1.008337773877065,0.160845,15,330,0.87,0,0,0.66,0,1,0
USR3915,49,2,24743,308,44281,100000,1.7896374732247504,0.44281,3,168,0.87,3,1,1.0,0,1,0
USR9031,61,0,31197,74,38139,500000,1.2225213962881045,0.076278,6,70,0.51,0,0,0.53,0,0,0
USR2904,53,1,36937,231,24844,500000,0.6726047053090397,0.049688,6,187,0.45,3,0,0.61,2,1,0
USR9046,24,4,43677,180,91136,100000,2.08659019621311,0.91136,8,377,0.01,3,0,0.96,2,0,0
USR6096,37,0,44756,93,42725,100000,0.9546206095272143,0.42725,14,487,0.07,0,0,0.55,2,0,0
USR9501,44,2,56019,257,60662,500000,1.0828825934058088,0.121324,4,289,0.82,3,0,0.77,0,0,0
USR5260,69,2,54418,325,118315,300000,2.174188687566614,0.3943833333333333,13,535,0.16,1,0,0.89,0,1,1
USR1212,25,3,37701,312,13420,500000,0.355958727885202,0.02684,8,9,0.86,0,0,0.98,1,0,0
USR6815,21,1,46292,27,36401,300000,0.7863345718482675,0.12133666666666666,11,197,0.52,0,1,0.19,1,0,0
USR5404,41,0,15584,90,1653,100000,0.10607032854209446,0.01653,21,162,0.96,3,0,0.49,0,0,0
USR7243,27,2,50673,333,53055,300000,1.047007281984489,0.17685,13,329,0.2,0,0,0.67,0,0,0
USR3334,35,5,26261,220,43030,500000,1.638551464148357,0.08606,3,99,0.73,1,0,0.21,2,0,0
USR3272,61,2,37440,296,28423,300000,0.7591613247863248,0.09474333333333333,1,249,0.73,2,0,0.34,0,0,0
USR8627,44,6,27156,321,21595,500000,0.7952202091618795,0.04319,5,127,0.6,3,1,0.91,2,0,0
USR9866,55,6,55781,80,58514,200000,1.0489951775694233,0.29257,9,671,0.17,0,0,0.63,0,0,0
USR9583,45,0,33935,32,72834,200000,2.146279652276411,0.36417,9,171,0.53,1,1,0.01,2,1,0
USR8182,30,3,56752,316,91538,300000,1.6129475613194248,0.30512666666666666,11,321,0.31,0,0,0.11,1,0,0
USR8111,46,1,43673,52,46276,100000,1.0596020424518582,0.46276,10,139,0.53,3,0,0.89,0,0,0
USR7298,56,1,29597,154,31964,500000,1.079974321721796,0.063928,5,432,0.19,0,0,0.37,0,0,0
USR6232,34,3,21699,119,5444,300000,0.2508871376561132,0.018146666666666665,3,38,0.18,0,0,0.01,2,0,0
USR6322,24,1,52042,325,59953,300000,1.1520118365935206,0.19984333333333335,0,494,0.81,0,0,0.75,2,1,0
USR8173,54,5,24842,69,32564,500000,1.3108445374768538,0.065128,18,416,0.35,2,0,0.37,0,1,0
USR3772,54,0,22714,234,12082,300000,0.5319186404860439,0.040273333333333335,16,333,0.19,0,0,0.57,0,0,0
USR9885,38,5,34404,100,37372,300000,1.0862690384838973,0.12457333333333333,4,259,0.94,0,0,0.68,0,0,0
USR3554,31,2,42143,111,84246,200000,1.9990508506750824,0.42123,1,26,0.91,1,0,0.16,0,0,0
USR2837,65,2,35824,362,15772,200000,0.440263510495757,0.07886,5,138,0.7,0,0,0.75,0,0,0
USR6185,39,1,20967,114,28935,200000,1.3800257547574761,0.144675,6,511,0.47,0,1,0.3,1,0,0
USR7280,28,1,23397,258,14462,100000,0.6181134333461555,0.14462,15,542,0.55,2,1,0.67,0,1,0
USR2832,30,4,35110,159,43970,500000,1.252349757903731,0.08794,16,547,0.61,1,1,0.25,0,0,0
USR9869,49,2,41051,309,31947,300000,0.7782270833840832,0.10649,1,546,0.15,0,1,0.76,2,0,0
USR2340,70,1,39676,151,21993,200000,0.5543149511039419,0.109965,9,181,0.62,1,1,0.87,0,1,0
USR1412,45,0,36079,161,32763,500000,0.9080905790071787,0.065526,14,226,0.51,3,0,0.0,2,1,0
USR4577,26,0,52744,207,76147,500000,1.4437092370696194,0.152294,0,494,0.24,1,0,0.4,1,0,0
USR7733,36,1,22457,331,53918,100000,2.4009440263614907,0.53918,4,130,0.03,1,0,0.41,0,1,0
USR1913,57,1,29783,335,16795,500000,0.5639122989624954,0.03359,16,635,0.63,0,0,0.49,0,0,0
USR3776,51,2,13151,50,20212,500000,1.5369173446886168,0.040424,5,180,0.95,1,0,0.07,1,1,0
USR8393,57,1,49826,30,48015,100000,0.9636535142295187,0.48015,2,498,0.05,3,1,0.72,2,0,0
USR2206,46,0,45422,356,78865,200000,1.736273171590859,0.394325,9,231,0.75,1,0,0.9,1,0,0
USR9966,56,2,42528,293,22864,200000,0.5376222723852521,0.11432,3,32,0.5,1,0,0.38,0,0,0
USR7216,67,0,53889,317,49522,500000,0.9189630536844254,0.099044,0,191,0.9,2,1,0.19,0,0,0
USR9002,21,2,12700,222,12497,300000,0.984015748031496,0.04165666666666667,1,301,0.45,0,0,0.06,0,0,0
USR1431,65,1,38149,55,69866,500000,1.831397939657658,0.139732,13,621,0.34,3,0,0.79,2,0,0
USR8744,43,2,7343,249,13585,300000,1.8500612828544192,0.045283333333333335,1,127,0.15,1,0,0.26,0,0,0
USR5363,27,2,39789,278,51942,200000,1.30543617582749,0.25971,0,365,0.56,0,0,0.77,1,1,0
USR4442,24,2,28263,129,31406,500000,1.1112054629727912,0.062812,4,225,0.65,0,0,0.81,2,0,0
USR9780,50,3,43342,101,1000,100000,0.023072308615200036,0.01,5,461,0.5,0,1,0.09,2,1,0
USR6810,53,4,51101,269,16966,200000,0.3320091583334964,0.08483,28,562,0.68,1,0,0.76,0,0,0
USR6011,58,2,29793,38,59416,100000,1.9942939616688484,0.59416,6,264,0.17,1,0,0.56,1,0,0
USR3089,19,2,14640,65,18908,200000,1.2915300546448087,0.09454,8,142,0.97,2,0,0.85,2,0,0
USR1189,25,0,20254,356,24731,200000,1.2210427569862743,0.123655,6,618,0.06,0,0,0.92,0,0,0
USR5642,57,2,49505,237,21334,200000,0.43094636905363093,0.10667,17,567,0.06,0,1,0.8,0,1,0
USR3490,60,0,45068,158,49902,500000,1.1072601402325375,0.099804,5,191,0.23,1,1,0.23,0,0,0
USR7421,27,5,9888,49,9061,200000,0.9163632686084142,0.045305,10,354,0.24,1,0,0.44,0,0,0
USR8326,46,3,37439,261,14310,500000,0.38222174737573117,0.02862,1,213,0.2,1,0,0.4,0,0,0
USR2965,39,0,48606,77,15446,300000,0.3177796979796733,0.05148666666666667,8,429,0.23,1,0,0.12,1,0,0
USR3845,19,1,39514,19,56833,100000,1.4383003492433062,0.56833,1,458,0.29,0,1,0.77,0,0,0
USR8498,22,3,59102,83,79969,200000,1.353067578085344,0.399845,12,280,0.66,1,0,0.7,1,0,0
USR8302,52,1,12676,50,19950,200000,1.5738403281792364,0.09975,0,152,0.53,1,0,0.41,0,0,0
USR6441,37,5,35887,309,27183,300000,0.7574609189957366,0.09061,13,454,0.34,1,0,0.91,0,0,0
USR5847,68,2,20677,362,26769,100000,1.294626880108333,0.26769,16,425,0.03,0,1,0.44,1,0,0
USR5114,53,1,19808,111,30312,200000,1.5302907915993538,0.15156,0,242,0.95,1,1,0.27,2,0,0
USR3833,27,2,14020,33,17966,500000,1.2814550641940086,0.035932,7,87,0.16,1,1,0.38,2,0,0
USR1055,53,1,36286,16,27972,300000,0.7708758198754341,0.09324,2,60,0.07,0,0,0.69,1,0,0
USR7537,58,2,35009,225,16282,200000,0.4650804078951127,0.08141,2,536,0.99,1,1,0.03,1,0,0
USR1287,51,2,57087,140,36537,100000,0.6400231226023438,0.36537,8,197,0.87,1,0,0.62,1,1,0
USR3252,35,1,20448,144,8234,300000,0.40267996870109546,0.027446666666666668,3,229,0.57,1,1,0.94,0,0,0
USR1503,63,2,10688,20,10614,100000,0.9930763473053892,0.10614,2,148,0.58,1,1,0.06,0,0,0
USR4817,62,2,30676,197,38242,200000,1.246642326248533,0.19121,5,242,0.71,3,0,0.37,2,0,0
USR6836,68,2,49432,74,64633,500000,1.3075133516750284,0.129266,4,190,0.83,0,1,0.17,2,0,0
USR2456,38,1,36181,237,24628,200000,0.6806887592935519,0.12314,7,175,0.07,2,0,0.5,1,1,0
USR9725,33,0,22964,335,17358,300000,0.7558787667653719,0.05786,8,695,0.46,2,0,0.59,2,0,0
USR2344,70,2,28517,325,35641,300000,1.2498158992881439,0.11880333333333333,6,118,0.05,0,0,0.27,0,1,0
USR6268,39,4,55237,339,71630,100000,1.2967757119322194,0.7163,14,169,0.12,1,0,0.1,0,0,0
USR2182,54,0,46637,290,52474,200000,1.125158136243755,0.26237,5,590,0.94,2,0,0.63,0,0,0
USR6178,19,0,44361,330,81402,500000,1.834990194089403,0.162804,13,202,0.64,2,0,0.96,2,0,0
USR7706,36,4,7406,154,4825,300000,0.6514987847691062,0.016083333333333335,13,309,0.36,0,0,0.82,0,0,0
USR3266,61,0,24840,262,6218,500000,0.2503220611916264,0.012436,14,174,0.19,0,0,0.13,0,0,0
USR8201,55,0,55750,232,64348,300000,1.1542242152466369,0.21449333333333334,11,40,0.3,2,1,0.49,0,1,0
USR3402,36,3,29386,33,41573,200000,1.4147212958551691,0.207865,11,428,0.65,0,0,0.57,2,0,0
USR9306,56,2,47283,265,41020,300000,0.8675422456273925,0.13673333333333335,14,377,0.48,1,0,0.42,1,0,0
USR9774,53,0,11908,171,12720,200000,1.0681894524689284,0.0636,18,512,0.25,0,1,0.14,2,0,0
USR9050,22,5,31329,331,54249,100000,1.731590539117112,0.54249,5,585,0.15,0,0,0.45,1,0,0
USR5632,28,6,14087,292,14335,500000,1.0176048839355434,0.02867,25,614,0.97,0,0,0.02,0,0,0
USR4073,19,2,9251,151,4058,100000,0.43865528051021513,0.04058,7,581,0.96,1,0,0.44,2,1,0
USR1051,64,1,47421,159,32147,500000,0.6779064127707134,0.064294,9,333,0.39,3,0,0.1,2,0,0
USR9759,42,2,52454,264,76713,500000,1.4624814122850498,0.153426,8,24,0.73,0,0,0.35,0,0,0
USR6312,58,4,6634,257,5383,100000,0.811425987337956,0.05383,2,77,0.55,0,0,0.27,1,0,0
USR5338,31,2,20136,123,11970,100000,0.5944576877234803,0.1197,8,69,0.26,0,0,0.66,1,0,0
USR1933,48,0,41263,43,63067,500000,1.5284152873033954,0.126134,26,594,0.29,1,1,0.95,0,1,1
USR9425,52,3,51026,37,86774,100000,1.7005840159918473,0.86774,4,144,0.19,0,1,0.5,1,1,0
USR1924,18,2,11407,173,13869,200000,1.2158323836240905,0.069345,12,495,0.69,3,0,0.89,0,0,0
USR2340,45,0,16640,41,1000,200000,0.06009615384615385,0.005,9,68,0.38,0,0,0.37,0,0,0
USR5634,30,0,27867,55,19309,100000,0.6928984103060968,0.19309,10,397,0.59,0,0,0.75,0,0,0
USR6837,68,0,28473,158,41758,100000,1.4665823762863064,0.41758,10,134,0.63,0,0,0.78,1,1,0
USR5151,38,1,56351,252,59046,500000,1.0478252382388955,0.118092,2,668,0.45,3,1,0.43,2,0,0
USR2263,48,1,54794,128,78212,500000,1.4273825601343213,0.156424,2,559,0.4,0,1,0.51,0,0,0
USR6845,19,1,57679,308,9582,500000,0.1661263198044349,0.019164,12,121,0.91,0,0,0.32,2,0,0
USR9170,39,1,36059,337,69437,100000,1.925649629773427,0.69437,2,224,0.98,0,0,0.05,1,0,0
USR3861,37,2,32158,328,39549,200000,1.2298339448970708,0.197745,4,7,0.11,1,0,0.32,0,0,0
USR1531,64,5,6311,10,8275,200000,1.3112026620186976,0.041375,5,639,0.54,1,0,0.74,2,0,0
USR6894,64,2,8834,108,2232,300000,0.252660176590446,0.00744,5,54,0.75,0,0,0.66,2,0,0
USR5746,42,1,46546,102,47895,200000,1.0289820822412237,0.239475,1,482,0.8,1,0,0.85,0,0,0
USR3321,33,5,29491,357,15250,200000,0.5171069139737547,0.07625,8,513,0.99,1,0,0.56,2,0,0
USR9156,63,2,16584,205,18966,200000,1.143632416787265,0.09483,7,57,0.23,0,0,0.88,0,0,0
USR4481,42,1,49122,115,41190,200000,0.8385244900451936,0.20595,2,634,0.87,1,0,0.57,0,0,0
USR5605,20,3,9165,251,4282,200000,0.46721222040370974,0.02141,2,653,0.98,0,0,0.56,2,1,0
USR4550,21,1,42184,275,53048,500000,1.2575384031860422,0.106096,12,391,0.45,1,1,0.97,0,0,0
USR2203,42,1,55137,102,53860,100000,0.9768395088597494,0.5386,7,334,0.49,0,0,0.63,0,0,0
USR2221,62,2,18727,317,13615,500000,0.7270251508517115,0.02723,2,484,0.32,0,0,0.27,0,0,0
USR4947,33,2,21699,301,13318,500000,0.6137610028111895,0.026636,6,383,0.92,1,0,0.68,1,0,0
USR7578,24,0,30246,12,35649,200000,1.1786351914302717,0.178245,0,29,0.31,2,0,0.34,2,0,0
USR3181,57,5,56053,145,88318,500000,1.5756159349187375,0.176636,3,74,0.49,1,0,0.12,2,1,0
USR4510,63,4,50911,104,61334,300000,1.2047298226316514,0.20444666666666667,11,411,0.94,0,0,0.88,0,0,0
USR6290,25,5,34248,245,1000,200000,0.02919878533053025,0.005,14,470,0.34,2,0,0.93,0,0,0
USR5324,35,5,26882,314,11859,500000,0.4411502120377948,0.023718,16,207,0.14,0,0,0.24,0,0,0
USR9046,28,3,12435,217,32572,300000,2.619380780056293,0.10857333333333333,16,614,0.04,1,0,0.67,1,0,0
USR4525,36,0,50051,226,67445,300000,1.347525523965555,0.22481666666666666,2,420,0.17,0,0,0.93,0,0,0
USR4144,23,0,15430,317,23664,500000,1.5336357744653273,0.047328,3,552,0.86,0,0,0.27,0,0,0
USR2495,70,2,57943,18,123167,100000,2.1256579742160397,1.23167,11,609,0.68,3,0,0.72,0,0,0
USR3838,69,3,50757,197,95856,100000,1.8885276907618653,0.95856,7,33,0.64,0,0,0.48,2,0,0
USR4324,65,6,53045,155,49718,100000,0.93727966820624,0.49718,7,118,0.66,1,0,0.44,2,0,0
USR4507,65,4,23416,66,35967,100000,1.5360010249402118,0.35967,16,485,0.11,0,0,0.54,0,0,0
USR1401,21,2,22378,184,21587,200000,0.9646527839842702,0.107935,14,395,0.92,1,1,0.38,0,0,0
USR1790,44,4,51369,19,11950,200000,0.23263057486032432,0.05975,11,562,0.11,0,0,0.93,2,0,0
USR9806,54,1,17189,132,21095,200000,1.227238350107627,0.105475,2,168,0.9,0,0,0.12,2,0,0
USR5068,45,0,55228,251,6800,100000,0.1231259506047657,0.068,19,590,0.65,0,0,0.82,0,0,0
USR5884,70,2,24491,294,30353,200000,1.2393532317994365,0.151765,20,511,0.85,0,1,0.92,1,0,0
USR2039,33,3,44530,19,49869,200000,1.1198966988547048,0.249345,0,150,0.7,1,0,0.78,1,0,0
USR1326,37,2,9677,209,1208,300000,0.12483207605662912,0.004026666666666666,6,491,0.18,3,0,0.06,2,1,0
USR7210,19,2,29993,126,55071,100000,1.8361284299669922,0.55071,1,32,0.71,1,0,0.32,2,0,0
USR4298,36,2,51701,100,95151,300000,1.840409276416317,0.31717,8,697,0.67,0,0,0.42,1,0,0
USR6202,59,2,13963,51,9827,300000,0.7037885841151615,0.03275666666666667,13,73,0.64,0,1,0.87,1,0,0
USR5782,53,2,40324,219,44518,200000,1.1040075389346296,0.22259,5,139,0.67,2,0,0.92,1,0,0
USR7734,45,1,27723,209,8301,200000,0.2994264689968618,0.041505,14,37,0.7,0,0,0.62,0,0,0
USR7019,20,1,10269,272,13724,200000,1.3364495082286494,0.06862,10,63,0.12,0,0,0.84,2,0,0
USR1724,31,0,38536,327,53043,200000,1.376453186630683,0.265215,5,293,0.29,0,1,0.57,0,0,0
USR4828,31,2,59724,238,22686,500000,0.3798472975688166,0.045372,15,498,0.17,0,0,0.79,2,1,0
USR6601,34,2,41488,17,41267,200000,0.9946731585036637,0.206335,5,197,0.79,1,1,0.72,0,0,0
USR6928,33,3,43911,275,63165,500000,1.438477830156453,0.12633,5,547,0.69,1,0,0.07,0,0,0
USR7853,29,3,55840,180,114648,200000,2.0531518624641834,0.57324,8,649,0.49,2,0,0.8,0,0,0
USR3465,58,3,31198,116,18389,300000,0.5894288095390731,0.061296666666666666,12,380,0.48,1,0,0.06,0,0,0
USR4841,41,1,23564,252,1000,200000,0.04243761670344594,0.005,13,35,0.35,0,0,0.4,1,0,0
USR8080,59,3,57989,110,88005,300000,1.5176154098191037,0.29335,8,73,0.42,3,1,0.65,0,1,0
USR1171,60,2,59659,186,1000,200000,0.016761930303893797,0.005,5,573,0.35,1,0,0.78,1,0,0
USR2146,48,2,59827,53,63169,100000,1.0558610660738463,0.63169,2,531,0.95,2,0,0.41,0,0,0
USR6138,62,2,57713,225,51701,100000,0.895829362535304,0.51701,8,359,0.79,0,1,0.79,0,0,0
USR9218,69,2,49006,136,40145,200000,0.8191854058686692,0.200725,20,458,0.33,0,1,0.82,1,0,0
USR2725,67,3,11485,335,16616,200000,1.446756639094471,0.08308,24,317,0.3,2,0,0.51,1,1,0
USR1031,41,0,30467,235,1000,100000,0.0328223980043982,0.01,5,325,0.96,0,0,0.22,0,1,0
USR7882,20,2,7680,37,3145,500000,0.4095052083333333,0.00629,8,231,0.39,1,0,0.9,0,1,0
USR2761,52,2,52838,287,94970,200000,1.797380673000492,0.47485,1,224,0.14,0,0,0.17,0,0,0
USR3102,60,5,19192,247,33873,200000,1.764954147561484,0.169365,3,48,0.18,1,0,0.21,1,0,0
USR8848,51,2,43235,110,10585,300000,0.24482479472649474,0.03528333333333333,3,79,0.02,2,0,0.6,0,0,0
USR7369,18,3,18801,191,38324,500000,2.0384022126482635,0.076648,13,359,0.54,2,0,0.69,2,1,0
USR1494,66,4,40558,161,43726,200000,1.0781103604714237,0.21863,0,249,0.71,0,1,0.73,1,0,0
USR4313,44,4,51602,349,93173,300000,1.8056083097554358,0.31057666666666667,3,5,0.69,0,1,0.93,0,0,0
USR7899,36,0,41122,271,1000,300000,0.02431788337143135,0.0033333333333333335,10,467,0.93,3,0,0.48,0,0,0
USR7559,56,1,53593,74,63929,200000,1.1928610079674584,0.319645,15,399,0.36,2,0,0.05,2,0,0
USR8570,47,2,59861,102,51730,100000,0.8641686573896192,0.5173,9,246,0.84,1,1,0.74,0,0,0
USR9012,30,0,47029,19,1000,200000,0.021263475727742457,0.005,5,204,0.4,0,1,0.28,0,0,0
USR9994,20,2,53513,287,46398,500000,0.8670416534300076,0.092796,2,338,0.86,0,1,0.41,2,0,0
USR8581,63,1,21392,275,10196,300000,0.4766267763649963,0.033986666666666665,5,100,0.66,2,0,0.81,0,0,0
USR5234,55,3,53986,174,65775,100000,1.218371429629904,0.65775,12,79,0.12,1,1,0.77,1,0,0
USR3079,32,4,30096,229,48684,100000,1.6176236044657097,0.48684,3,386,0.76,0,1,0.8,1,1,0
USR6175,45,4,49661,59,79345,200000,1.5977326272125008,0.396725,13,520,0.23,2,1,0.71,1,1,0
USR4358,64,0,59522,199,105526,100000,1.7728906958771546,1.05526,2,663,0.69,2,0,0.76,2,1,0
USR4720,56,0,48899,103,35923,200000,0.7346367001370171,0.179615,5,61,0.86,1,0,0.54,1,0,0
USR7352,31,2,26987,160,34477,200000,1.2775410382776893,0.172385,3,176,0.3,0,0,0.29,2,0,0
USR5537,36,1,15046,289,9564,500000,0.6356506712747574,0.019128,3,690,0.99,1,0,0.18,0,0,0
USR1832,54,2,8793,110,12809,100000,1.4567269418855908,0.12809,12,627,0.2,2,0,0.94,1,0,0
USR5393,39,4,13709,295,13024,100000,0.9500328251513604,0.13024,7,134,0.89,0,0,0.92,1,0,0
USR7364,63,2,43446,322,1000,300000,0.023017078672374902,0.0033333333333333335,6,514,0.03,3,0,0.44,2,1,0
USR7757,50,6,37627,360,54884,200000,1.4586334281234221,0.27442,3,65,0.16,0,0,0.89,0,0,0
USR9186,35,0,50245,188,52052,100000,1.0359637774902974,0.52052,11,300,0.61,0,0,0.56,0,1,0
USR9446,29,2,9555,61,11616,100000,1.2156985871271586,0.11616,5,18,0.37,0,0,0.4,0,0,0
USR6571,25,4,50334,135,76684,300000,1.5235029999602654,0.25561333333333336,7,557,0.06,0,0,0.29,0,0,0
USR3735,56,1,18164,285,2317,100000,0.12756000880863247,0.02317,11,74,0.24,3,1,0.48,2,1,0
USR3682,48,0,55946,94,59132,200000,1.0569477710649555,0.29566,7,385,0.08,2,0,0.68,1,0,0
USR4747,44,1,30755,49,1000,100000,0.03251503820516989,0.01,10,488,0.29,0,0,0.66,2,0,0
USR7207,55,1,35107,354,84202,200000,2.398439057737773,0.42101,18,194,0.1,1,0,0.49,1,0,0
USR1155,58,1,46918,295,22754,500000,0.48497378404876595,0.045508,11,376,0.75,1,0,0.67,0,1,0
USR7974,28,5,13071,194,14178,500000,1.0846913013541428,0.028356,7,354,0.18,2,0,0.21,1,0,0
USR9712,20,3,31104,12,51078,300000,1.642168209876543,0.17026,15,562,0.51,2,1,0.54,1,1,0
USR1258,46,1,13553,158,18747,200000,1.3832361838707297,0.093735,5,86,0.81,0,0,0.93,2,1,0
USR1303,53,2,35392,326,22412,300000,0.633250452079566,0.07470666666666667,9,216,0.75,0,0,0.66,0,0,0
USR6861,64,1,33547,90,21502,200000,0.6409515008793633,0.10751,9,427,0.8,0,0,0.83,1,0,0
USR1930,26,0,10063,91,5114,100000,0.508198350392527,0.05114,2,107,0.45,3,0,0.53,1,0,0
USR1712,42,4,13870,364,11226,200000,0.8093727469358327,0.05613,11,18,0.45,2,0,0.68,1,0,0
USR7344,37,2,15749,79,11471,200000,0.7283637056321036,0.057355,4,407,0.13,1,1,0.21,0,0,0
USR9579,21,0,22361,3,1000,100000,0.044720719109163275,0.01,2,292,0.16,2,0,0.17,2,0,0
USR2083,59,1,26244,264,42326,300000,1.6127876848041458,0.14108666666666667,12,538,0.69,3,1,0.71,1,1,0
USR7237,63,3,13480,26,14347,200000,1.0643175074183977,0.071735,6,664,0.51,1,0,0.33,1,0,0
USR4020,18,3,17917,173,7533,300000,0.42043868951275326,0.02511,2,614,0.43,0,0,0.42,0,1,0
USR1358,25,1,56852,110,90305,300000,1.5884225708858088,0.30101666666666665,1,679,0.58,1,0,0.46,1,1,0
USR5055,62,0,29628,166,2242,500000,0.07567166194140677,0.004484,2,429,0.81,3,1,0.27,0,1,0
USR3866,52,0,58151,315,79653,100000,1.3697614830355453,0.79653,4,64,0.68,1,0,0.89,2,0,0
USR9044,68,0,36711,120,54016,100000,1.4713845986216665,0.54016,3,580,0.46,2,0,0.17,2,0,0
USR6177,62,4,25426,290,30290,200000,1.1913002438448832,0.15145,8,547,0.32,0,0,0.84,0,0,0
USR5127,60,2,11484,184,4043,500000,0.35205503308951586,0.008086,10,620,0.27,3,0,0.31,1,1,0
USR6914,21,5,5509,159,4381,300000,0.7952441459430024,0.014603333333333333,21,323,0.19,0,1,0.43,2,0,0
USR3974,63,1,31749,126,38556,500000,1.2144004535575923,0.077112,18,259,0.06,0,0,0.47,0,0,0
USR4529,36,0,26993,134,44299,500000,1.6411291816396845,0.088598,3,534,0.57,0,0,0.86,0,0,0
USR3612,47,2,40132,351,29303,300000,0.7301654540017941,0.09767666666666666,14,365,0.07,1,0,0.32,1,1,0
USR5360,36,2,24098,206,23932,200000,0.9931114615320773,0.11966,8,673,0.49,1,1,0.68,1,0,0
USR5916,56,1,13355,8,15667,200000,1.17311868214152,0.078335,21,409,0.41,1,0,0.9,0,1,0
USR2642,54,1,47932,169,53883,300000,1.1241550529917383,0.17961,11,313,0.74,0,0,0.99,1,1,0
USR5675,48,1,9802,166,3995,100000,0.40756988369720465,0.03995,6,133,0.53,0,1,0.32,1,0,0
USR9764,18,2,31849,308,15590,200000,0.4894973154573142,0.07795,4,554,0.69,0,0,0.91,2,0,0
USR7181,33,3,29495,44,34045,100000,1.1542634344804203,0.34045,2,24,0.31,0,1,0.31,1,0,0
USR4217,54,4,54242,227,67124,500000,1.237491242948269,0.134248,6,195,0.61,0,0,0.23,0,0,0
USR3145,54,2,8152,324,10917,300000,1.339180569185476,0.03639,8,636,0.29,2,0,0.01,2,0,0
USR7722,18,3,27794,136,26012,200000,0.9358854429013456,0.13006,5,225,0.17,1,0,0.76,2,1,0
USR6786,63,0,46039,270,28113,100000,0.6106344620864919,0.28113,18,325,0.27,0,1,0.52,1,0,0
USR7017,19,2,6437,198,10001,200000,1.5536740717725648,0.050005,0,652,0.15,1,0,0.12,2,0,0
USR1786,53,2,45128,12,46057,300000,1.0205858890267683,0.15352333333333334,5,590,0.8,0,0,0.4,0,0,0
USR6522,62,2,14113,309,18721,300000,1.3265074753773116,0.06240333333333333,4,147,0.91,2,1,0.49,1,0,0
USR2171,56,1,28902,39,41822,500000,1.4470278873434363,0.083644,3,218,0.25,1,0,0.14,1,1,0
USR7636,65,2,53833,7,77740,100000,1.4440956290751026,0.7774,1,264,0.2,3,0,0.56,1,0,0
USR1149,68,2,48722,42,79525,100000,1.6322195312179304,0.79525,8,182,0.17,3,0,0.83,0,0,0
USR2776,45,8,19138,139,1000,100000,0.05225206395652628,0.01,1,528,0.98,0,0,0.24,0,0,0
USR1178,70,2,30819,261,51595,100000,1.6741295953794737,0.51595,14,533,0.34,0,0,0.97,0,0,0
USR4541,45,3,5227,78,1000,300000,0.1913143294432753,0.0033333333333333335,1,624,0.41,0,0,0.52,0,0,0
USR2748,45,3,18182,338,24855,500000,1.367011329886701,0.04971,10,280,0.95,2,1,0.15,1,0,0
USR2199,27,3,9366,260,1000,200000,0.10676916506512919,0.005,1,330,0.72,0,0,0.05,2,0,0
USR1490,37,1,41094,261,16690,300000,0.4061420158660632,0.05563333333333333,4,605,0.37,1,1,0.43,2,0,0
USR2618,70,1,47353,91,25067,500000,0.529364559795578,0.050134,5,634,0.41,1,1,0.15,1,0,0
USR9160,23,1,56171,261,92643,100000,1.6493030211319009,0.92643,1,392,0.17,3,0,0.14,2,0,0
USR3828,18,0,34125,362,3477,300000,0.1018901098901099,0.01159,4,417,0.94,2,1,0.47,2,0,0
USR3799,40,1,36816,247,59473,200000,1.6154117774880488,0.297365,4,541,0.48,2,0,0.51,1,0,0
USR2375,18,2,39962,96,58568,100000,1.4655923126970622,0.58568,2,651,0.24,3,1,0.84,0,0,0
USR2888,44,4,19756,322,39395,200000,1.9940777485320915,0.196975,16,643,0.31,0,0,0.89,0,1,1
USR9717,56,2,48397,115,49892,300000,1.0308903444428374,0.16630666666666666,1,155,0.87,0,0,0.34,0,0,0
USR4783,40,1,46835,62,46479,300000,0.9923988470161205,0.15493,7,66,0.79,2,0,0.38,0,0,0
USR7324,65,2,12532,308,9809,100000,0.7827162464091925,0.09809,25,534,0.72,1,0,0.51,2,0,0
USR9982,29,2,39512,237,10705,300000,0.2709303502733347,0.03568333333333333,19,490,0.42,1,0,0.17,1,0,0
USR2287,55,5,41954,78,40755,200000,0.9714210802307289,0.203775,2,340,0.5,0,1,0.83,0,1,0
USR1440,62,5,57056,239,50212,500000,0.8800476724621424,0.100424,7,367,0.47,2,0,0.3,0,0,0
USR7031,62,1,17489,342,10886,300000,0.6224483961347133,0.03628666666666667,10,365,0.13,1,1,0.18,1,0,0
USR7134,66,1,41681,179,1000,200000,0.023991746839087353,0.005,2,549,0.22,1,1,0.25,2,0,0
USR4430,33,2,51376,83,1000,200000,0.019464341326689505,0.005,1,296,0.87,1,0,0.03,1,0,0
USR1688,48,1,22145,318,31811,500000,1.4364867916008128,0.063622,2,558,0.85,0,0,0.31,0,0,0
USR4098,66,1,59714,35,108327,100000,1.8140971966373045,1.08327,1,225,0.51,1,1,0.37,2,1,0
USR6369,29,2,18485,88,14588,200000,0.7891804165539626,0.07294,16,683,0.74,1,1,0.45,1,0,0
USR6950,45,0,18698,327,14411,100000,0.7707241416194245,0.14411,14,36,0.21,0,0,0.82,1,0,0
USR4705,22,2,17409,115,27278,100000,1.566890688724223,0.27278,13,206,0.76,1,1,0.62,1,1,0
USR5495,49,2,54679,18,91085,100000,1.6658132006803343,0.91085,3,419,0.84,0,0,0.77,2,0,0
USR3418,67,0,38371,355,8966,300000,0.23366604988142087,0.029886666666666666,4,467,0.6,1,1,0.12,1,0,0
USR8150,21,4,36879,293,34407,300000,0.9329699829171073,0.11469,11,301,0.32,0,0,0.36,1,0,0
USR3041,65,3,28799,138,8494,200000,0.294940796555436,0.04247,5,492,0.83,1,0,0.07,2,0,0
USR8296,53,1,55749,58,51720,500000,0.927729645374805,0.10344,12,680,0.41,3,0,0.49,2,0,0
USR3942,35,0,14047,301,10549,300000,0.7509788566953798,0.03516333333333333,4,473,0.25,0,0,0.26,0,0,0
USR8546,64,2,31333,5,23712,300000,0.7567740082341301,0.07904,10,361,0.98,1,1,0.25,0,1,0
USR7371,28,2,46181,265,29535,500000,0.6395487321625777,0.05907,6,90,0.59,0,1,0.2,2,0,0
USR1568,64,3,33801,171,42077,300000,1.244844827076122,0.14025666666666667,0,639,0.53,3,0,0.6,0,0,0
USR9298,21,2,34304,15,31118,200000,0.9071245335820896,0.15559,9,77,0.08,2,0,0.24,2,1,0
USR9776,39,2,37383,185,20186,500000,0.5399780648958082,0.040372,13,659,0.17,0,0,0.71,0,0,0
USR6924,35,2,7202,262,4858,500000,0.6745348514301583,0.009716,2,375,0.65,1,1,0.52,1,1,0
USR1171,61,1,15537,205,20560,200000,1.3232927849649225,0.1028,0,268,0.35,0,0,0.26,0,1,0
USR7138,43,1,6628,314,6934,300000,1.0461677730838865,0.023113333333333333,12,276,0.24,0,0,0.74,1,1,0
USR6075,18,1,37683,150,27615,500000,0.7328238197595733,0.05523,8,539,0.6,2,0,0.16,0,0,0
USR4692,24,2,56084,311,52389,100000,0.9341166821196776,0.52389,9,269,0.72,2,0,0.68,2,0,0
USR4430,18,4,47995,358,15936,300000,0.3320345869361392,0.05312,1,497,0.21,1,0,0.34,2,1,0
USR5362,44,2,55471,22,98040,300000,1.767409998016982,0.3268,3,667,0.41,0,0,0.8,0,0,0
USR9791,68,4,57725,324,39536,200000,0.6849025552187094,0.19768,13,448,0.58,0,0,0.2,2,0,0
USR7929,64,3,29060,45,1775,100000,0.06108052305574673,0.01775,7,191,0.3,0,0,0.43,2,0,0
USR4070,68,1,49970,242,19510,300000,0.3904342605563338,0.06503333333333333,12,384,0.92,0,1,0.97,2,1,0
USR6730,52,2,28805,330,20257,300000,0.703245964242319,0.06752333333333334,10,115,0.28,1,0,0.08,0,1,0
USR4916,38,2,17996,212,12746,500000,0.7082685041120249,0.025492,13,30,0.24,0,0,0.85,0,1,0
USR1914,62,2,28896,259,6597,100000,0.2283014950166113,0.06597,5,608,0.54,1,0,0.87,0,1,0
USR6638,59,1,17100,153,31001,200000,1.812923976608187,0.155005,7,146,0.1,0,0,0.97,0,0,0
USR1832,21,2,21250,99,35018,200000,1.647905882352941,0.17509,14,286,0.64,1,0,0.3,0,0,0
USR2771,20,4,44869,99,75987,200000,1.693530054157659,0.379935,3,455,0.78,1,1,0.31,0,0,0
USR7859,18,1,24935,271,56469,100000,2.264648085021055,0.56469,2,399,0.23,2,0,0.68,0,0,0
USR7988,61,2,55607,122,98461,100000,1.7706583703490568,0.98461,17,521,0.84,2,0,0.59,2,0,0
USR8207,48,2,5533,280,5717,500000,1.0332550153623712,0.011434,1,229,0.44,1,1,0.23,0,0,0
USR3331,26,4,27956,322,43594,300000,1.5593790241808556,0.14531333333333332,5,496,0.31,0,0,0.42,0,0,0
USR3011,49,1,39260,274,29628,500000,0.7546612328069282,0.059256,7,664,0.53,1,1,0.05,0,0,0
USR7794,53,3,41116,227,1000,300000,0.024321432045918863,0.0033333333333333335,3,663,0.62,1,0,0.64,1,0,0
USR9202,25,3,36103,225,26393,200000,0.7310472813893583,0.131965,3,307,0.52,2,0,0.89,2,1,0
USR2046,48,3,27907,18,36250,300000,1.2989572508689575,0.12083333333333333,0,620,0.0,3,0,0.42,0,0,0
USR4802,46,2,57046,315,1666,100000,0.029204501630263297,0.01666,3,521,0.42,0,0,0.02,0,0,0
USR6313,41,3,51718,297,52695,200000,1.0188909083877953,0.263475,8,547,0.4,1,1,0.64,1,0,0
USR7717,27,3,47332,185,52529,300000,1.1097988675737345,0.17509666666666668,8,592,0.03,0,0,0.53,2,0,0
USR3253,52,3,59481,310,61970,100000,1.041845295136262,0.6197,1,383,0.77,3,0,0.01,0,0,0
USR8769,18,4,23287,56,29315,100000,1.2588568729333962,0.29315,5,47,0.5,0,0,0.65,2,0,0
USR4448,28,1,8834,342,8285,300000,0.9378537468870274,0.027616666666666668,6,293,0.6,2,0,0.98,1,1,0
USR2006,34,4,34229,99,14120,500000,0.4125157030588098,0.02824,8,196,0.42,1,1,0.72,1,0,0
USR6137,64,3,20260,14,28761,300000,1.4195952615992102,0.09587,5,496,0.89,0,0,0.98,1,0,0
USR8839,44,2,10424,362,19027,200000,1.8253069838833462,0.095135,6,689,0.9,1,0,0.75,1,0,1
USR3765,44,4,44561,149,70160,200000,1.5744709499337985,0.3508,15,435,0.06,0,0,0.67,2,0,0
USR6860,28,2,33794,301,5653,100000,0.1672782150677635,0.05653,3,532,0.42,0,0,0.87,0,1,0
USR5054,24,2,23505,53,7831,200000,0.33316315677515423,0.039155,16,661,0.55,1,0,0.52,1,1,0
USR6402,59,3,51147,126,61916,200000,1.2105499833812345,0.30958,9,472,0.06,3,0,0.68,0,1,0
USR8256,66,2,29264,336,22267,200000,0.7609007654455987,0.111335,10,113,0.65,1,0,0.83,1,0,0
USR9955,55,1,21776,21,30487,200000,1.4000275532696547,0.152435,8,10,0.07,1,0,0.44,0,0,0
USR9252,55,1,40550,190,45960,500000,1.133415536374846,0.09192,8,190,0.08,0,0,0.93,0,0,0
USR7807,48,1,13210,103,11223,300000,0.8495836487509463,0.03741,3,131,0.48,0,1,0.78,1,1,0
USR4769,63,2,23267,42,22500,200000,0.9670348562341514,0.1125,6,401,0.44,0,1,0.09,2,0,0
USR2326,33,1,22144,354,47293,300000,2.1357026734104045,0.15764333333333333,6,70,0.31,0,0,0.59,2,1,0
USR9523,65,1,29780,226,34622,500000,1.1625923438549361,0.069244,4,66,0.05,1,0,0.36,0,1,0
USR3665,45,3,28720,1,53369,500000,1.8582520891364902,0.106738,11,100,0.25,2,0,0.34,1,0,0
USR1059,53,4,26173,23,29521,100000,1.127918083521186,0.29521,5,605,0.02,0,0,0.33,1,0,0
USR3993,21,4,9912,53,5644,300000,0.569410815173527,0.018813333333333335,14,428,0.98,0,0,0.52,1,1,0
USR4354,22,2,59317,37,82644,300000,1.393259942343679,0.27548,3,506,0.23,0,0,0.91,0,0,0
USR5024,65,2,7415,236,7502,200000,1.0117329737019556,0.03751,21,349,0.8,1,0,0.87,0,0,0
USR8652,37,1,58310,47,58030,200000,0.9951980792316927,0.29015,1,211,0.68,0,0,0.72,2,0,0
USR9115,27,1,50704,260,44590,500000,0.879417797412433,0.08918,22,13,0.67,1,0,0.38,1,0,0
USR9891,46,3,6606,57,10369,500000,1.5696336663639117,0.020738,18,85,0.26,2,0,0.89,1,0,0
USR8775,24,2,9828,30,13932,200000,1.4175824175824177,0.06966,10,637,0.09,1,0,0.59,1,0,0
USR8210,61,3,50974,91,58980,200000,1.1570604621964138,0.2949,1,365,0.56,0,0,0.72,0,0,0
USR8672,60,4,41180,289,17798,500000,0.43220009713453134,0.035596,8,220,0.67,1,0,0.28,1,0,0
USR7129,69,1,49737,15,40013,500000,0.8044916259525102,0.080026,27,521,0.6,1,0,0.98,0,0,0
USR8730,34,2,32867,34,58525,100000,1.7806614537377916,0.58525,8,18,0.11,3,0,0.26,0,0,0
USR6962,52,0,26469,274,17074,100000,0.6450564811666478,0.17074,7,545,0.13,3,0,0.16,0,1,0
USR5492,60,2,46547,205,72253,100000,1.5522590070251574,0.72253,2,420,0.98,0,0,0.03,0,1,0
USR9407,64,2,22296,38,17290,200000,0.775475421600287,0.08645,18,283,0.16,3,0,0.58,1,1,0
USR8636,50,3,14803,286,20532,500000,1.3870161453759373,0.041064,11,700,0.42,2,0,0.15,0,0,0
USR8499,67,5,5942,158,8070,100000,1.3581285762369573,0.0807,1,100,0.02,0,1,0.88,2,0,0
USR1837,67,3,16067,280,10726,300000,0.6675795107985312,0.03575333333333333,7,672,0.45,1,0,0.1,0,0,0
USR8285,34,1,45793,116,56831,100000,1.2410412071714017,0.56831,3,488,0.45,0,0,0.72,1,0,0
USR9063,27,2,37053,260,55961,100000,1.510296062397107,0.55961,11,315,0.33,3,0,0.62,0,1,0
USR1362,45,2,50217,9,72247,200000,1.4386960591034907,0.361235,6,685,0.3,2,0,0.34,0,0,0
USR9416,26,3,42553,49,57389,500000,1.34864756891406,0.114778,19,388,0.32,1,0,0.15,0,1,0
USR7598,47,6,44411,141,76511,200000,1.7227939024115646,0.382555,4,175,0.46,0,0,0.34,0,0,0
USR8276,51,5,12613,43,11314,200000,0.8970110203758027,0.05657,12,86,0.56,0,0,0.84,2,0,0
USR1368,66,2,14891,8,25827,100000,1.7344033308709959,0.25827,2,102,0.06,0,0,0.27,2,0,0
USR5784,58,0,8928,63,10177,500000,1.1398969534050178,0.020354,2,698,0.93,2,1,0.19,0,0,0
USR8110,22,1,33949,92,31404,500000,0.9250346107396389,0.062808,5,165,0.52,0,0,0.99,0,1,0
USR6645,54,4,38017,184,41905,200000,1.1022700370886709,0.209525,20,540,0.52,1,1,0.53,2,1,0
USR5224,58,3,43532,97,1000,500000,0.02297160709363227,0.002,1,417,0.85,1,0,0.98,0,0,0
USR5756,53,1,35085,46,4186,200000,0.11931024654410717,0.02093,3,161,0.18,3,0,0.28,0,1,0
USR5155,61,0,41205,343,85385,200000,2.0721999757311007,0.426925,0,85,0.2,1,1,0.98,2,1,1
USR3509,19,1,38418,14,42071,300000,1.0950856369410171,0.14023666666666668,5,190,0.76,0,0,0.83,0,0,0
USR1832,39,1,32354,355,51598,300000,1.594795079433764,0.17199333333333333,12,242,0.71,0,1,0.67,0,0,0
USR8419,20,2,46473,58,44673,200000,0.9612678329352528,0.223365,4,299,0.38,3,0,0.15,2,0,0
USR9715,29,1,14476,326,17828,500000,1.231555678364189,0.035656,3,394,0.04,1,0,0.39,1,0,0
USR9013,47,3,15134,159,6722,200000,0.4441654552662878,0.03361,0,241,0.89,2,1,0.81,0,1,0
USR8998,32,1,48401,337,18998,500000,0.3925125513935662,0.037996,5,515,0.34,3,0,0.37,0,0,0
USR2477,42,2,11125,116,18371,200000,1.6513258426966293,0.091855,8,319,0.53,2,0,0.2,2,0,0
USR8363,59,1,28254,150,1000,100000,0.03539321865930488,0.01,3,237,0.0,2,0,0.16,1,1,0
USR3052,51,2,36920,111,1000,200000,0.027085590465872156,0.005,2,497,0.35,0,0,0.28,1,0,0
USR8814,41,1,18284,32,1000,200000,0.05469262743382192,0.005,21,675,0.17,0,0,0.11,1,1,0
USR7348,46,1,37716,140,17499,100000,0.463967546929685,0.17499,5,358,0.59,1,0,0.93,0,1,0
USR7663,34,0,19742,10,23849,100000,1.2080336338770135,0.23849,16,671,0.13,1,0,0.81,0,0,0
USR3193,49,4,49501,61,61620,500000,1.2448233369022847,0.12324,3,697,0.39,0,0,0.73,0,1,0
USR1354,33,4,5779,300,6109,100000,1.0571033050700813,0.06109,6,465,0.39,1,0,0.68,1,0,0
USR7394,64,3,18085,257,34221,200000,1.8922311307713575,0.171105,5,369,0.28,0,1,0.38,1,1,0
USR1744,43,2,7273,8,6779,300000,0.9320775470919841,0.022596666666666668,8,361,0.76,2,1,0.26,1,0,0
USR9262,20,2,21887,136,18936,500000,0.8651711061360625,0.037872,11,281,0.26,0,1,0.07,0,0,0
USR6101,34,4,34390,351,8589,200000,0.24975283512649027,0.042945,7,562,0.85,2,0,0.57,0,0,0
USR5447,21,2,12775,50,10081,300000,0.789119373776908,0.03360333333333333,4,568,0.74,1,1,0.32,0,1,0
USR6097,43,2,37077,349,26339,300000,0.710386492974081,0.08779666666666666,5,133,0.13,0,1,0.41,0,1,0
USR5986,62,4,55541,235,15529,500000,0.2795952539565366,0.031058,10,449,0.12,3,1,0.62,0,0,0
USR3137,19,1,47537,43,76883,500000,1.6173296590024613,0.153766,2,248,0.7,3,0,0.42,0,0,0
USR6928,26,1,14953,364,23270,100000,1.5562094562963953,0.2327,7,123,0.11,1,1,0.54,0,0,0
USR2925,19,3,46127,206,84800,300000,1.8384026708868992,0.2826666666666667,14,537,1.0,3,0,0.87,2,0,1
USR3308,18,7,47425,9,97152,300000,2.048539799683711,0.32384,1,266,0.28,0,1,0.63,1,0,0
USR4895,20,4,52030,22,22645,500000,0.43522967518739186,0.04529,8,486,0.26,3,1,0.76,0,1,0
USR9223,56,4,58642,255,68237,200000,1.1636199311073974,0.341185,7,59,0.3,3,1,0.08,0,0,0
USR2261,41,3,11033,350,3959,100000,0.3588325931297018,0.03959,16,217,0.24,2,0,0.27,0,0,0
USR9080,54,3,29816,56,38328,100000,1.2854843037295411,0.38328,8,307,0.89,1,1,0.16,2,0,0
USR5944,33,2,9171,219,9172,200000,1.0001090393632102,0.04586,6,696,0.71,3,0,0.81,2,0,0
USR8798,43,3,38403,355,37755,300000,0.9831263182563862,0.12585,1,93,0.87,0,0,0.33,0,0,0
USR1356,38,1,40387,204,54026,100000,1.3377076782132864,0.54026,19,501,0.46,0,1,0.45,0,0,0
USR7965,50,3,45740,243,20408,500000,0.4461740271097508,0.040816,6,43,0.85,1,0,0.87,0,0,0
USR2437,54,2,21065,127,36270,200000,1.7218134346071683,0.18135,2,452,0.91,0,0,0.32,0,0,0
USR3114,31,2,46699,139,78128,200000,1.673012270070023,0.39064,17,53,0.13,0,0,0.72,0,0,0
USR8142,30,2,38911,191,55727,500000,1.432165711495464,0.111454,1,210,0.15,1,1,0.55,1,0,0
USR6917,24,1,10837,341,1926,500000,0.1777244624896189,0.003852,3,92,0.62,3,0,0.28,1,0,0
USR3112,35,1,46375,291,24730,200000,0.5332614555256064,0.12365,5,284,0.55,3,1,0.53,0,0,0
USR7595,67,3,48054,338,33730,500000,0.7019186748241562,0.06746,13,603,0.56,3,0,0.59,0,1,0
USR9891,36,0,47301,109,76669,100000,1.6208748229424326,0.76669,17,60,0.99,1,0,0.34,2,1,0
USR1804,37,4,34606,302,21217,500000,0.6131017742587991,0.042434,11,392,0.5,0,0,0.9,0,0,0
USR2198,44,0,7214,270,11634,500000,1.6126975325755475,0.023268,11,572,0.98,0,0,0.75,0,1,0
USR6807,62,6,17569,101,18034,500000,1.0264670726848426,0.036068,1,671,0.9,1,0,0.04,1,0,0
USR4582,56,3,57931,8,91803,100000,1.5846955861283252,0.91803,4,609,0.43,0,1,0.42,0,0,0
USR2539,30,0,47902,175,64983,200000,1.3565821886351301,0.324915,0,574,0.82,3,0,0.46,1,0,0
USR2121,18,3,8471,11,5607,500000,0.6619053240467477,0.011214,0,683,0.99,0,0,0.7,0,1,0
USR8335,69,3,55480,127,19833,500000,0.35748017303532803,0.039666,11,602,0.97,2,1,0.53,1,1,0
USR9863,52,2,55850,346,49901,200000,0.8934825425246196,0.249505,11,185,0.13,0,0,0.98,0,1,0
USR3622,62,2,19220,75,7794,500000,0.4055150884495317,0.015588,18,235,0.28,2,0,0.18,0,0,0
USR6479,68,2,22603,57,29137,500000,1.2890766712383313,0.058274,3,376,0.27,2,0,0.37,0,0,0
USR7471,64,0,26734,145,26416,100000,0.9881050347871624,0.26416,2,54,0.26,2,0,0.54,0,0,0
USR9054,27,1,55010,362,108628,200000,1.9746955099072896,0.54314,0,80,0.87,1,1,0.17,1,0,0
USR8094,28,2,35640,43,29648,100000,0.8318742985409652,0.29648,8,183,0.95,3,0,0.32,0,0,0
USR7614,54,1,9839,184,7985,100000,0.8115662160788698,0.07985,5,326,0.31,1,1,0.15,0,0,0
USR1727,37,2,21164,236,29469,500000,1.3924116424116424,0.058938,13,511,0.33,1,0,0.08,0,0,0
USR6587,68,1,41248,65,37230,500000,0.9025892164468581,0.07446,8,404,0.2,0,0,0.26,0,0,0
USR5551,70,2,19626,89,9390,300000,0.47844695811678384,0.0313,18,640,0.58,0,1,0.59,1,0,0
USR7498,36,2,6203,90,3799,500000,0.6124455908431404,0.007598,2,487,0.08,1,0,0.4,0,0,0
USR6405,31,2,36145,154,48685,300000,1.3469359524138884,0.16228333333333333,5,14,0.87,0,0,0.51,0,0,0
USR2680,25,2,19930,68,14463,300000,0.725689914701455,0.04821,6,387,0.08,1,1,0.96,2,0,0
USR1957,43,1,10607,160,13310,300000,1.2548317149052512,0.044366666666666665,8,118,0.8,0,1,0.57,1,1,0
USR3849,22,2,6102,275,1000,300000,0.1638806948541462,0.0033333333333333335,3,431,0.75,1,0,0.21,0,0,0
USR1405,33,4,45452,213,41971,100000,0.9234137111678254,0.41971,0,554,0.45,3,0,0.92,2,1,0
USR5375,35,0,27090,181,16799,200000,0.6201181247692875,0.083995,3,61,0.98,3,0,0.44,2,1,0
USR7179,19,1,34613,220,30018,500000,0.8672464103082657,0.060036,7,251,0.17,1,0,0.42,0,1,0
USR6152,19,3,11119,123,10240,200000,0.9209461282489433,0.0512,5,377,0.09,0,0,0.16,2,0,0
USR6358,25,0,40575,218,50892,300000,1.2542698706099815,0.16964,6,398,0.68,1,0,0.44,0,0,0
USR3778,70,2,5104,353,6055,100000,1.1863244514106583,0.06055,18,24,0.34,2,0,0.09,0,0,0
USR5507,24,1,15581,302,10851,100000,0.6964251331750209,0.10851,2,700,0.66,1,0,0.01,0,0,0
USR6672,53,2,34963,215,10745,300000,0.30732488630838317,0.03581666666666666,6,54,0.36,0,1,0.94,0,0,0
USR9631,66,1,26470,92,36223,500000,1.3684548545523234,0.072446,4,587,0.25,1,1,0.85,1,1,0
USR3805,60,2,41000,150,66068,100000,1.6114146341463416,0.66068,5,172,0.2,1,0,0.29,1,1,0
USR7500,23,0,9600,60,3739,300000,0.38947916666666665,0.012463333333333333,9,50,0.04,1,0,0.07,0,0,0
USR1086,50,2,18980,161,1000,200000,0.05268703898840885,0.005,12,495,0.04,3,0,0.37,2,0,0
USR7052,41,0,41198,61,17942,500000,0.43550657798922277,0.035884,5,97,0.68,2,0,0.32,0,1,0
USR3792,21,2,31353,68,54457,200000,1.7368991803017255,0.272285,2,325,0.12,1,0,0.02,0,0,0
USR7441,23,0,52496,296,99322,500000,1.891991770801585,0.198644,9,478,0.75,0,0,0.4,1,0,0
USR9425,64,0,55423,285,94468,100000,1.704490915323963,0.94468,20,372,0.21,1,1,0.95,0,0,0
USR9919,41,3,15018,278,26118,300000,1.7391130643228125,0.08706,4,51,0.44,0,0,0.57,0,0,0
USR3630,29,0,49553,220,76742,100000,1.5486852461001352,0.76742,9,537,0.25,2,0,0.5,0,0,0
USR2370,43,2,52159,84,111590,200000,2.1394198508406985,0.55795,2,597,0.8,0,1,0.2,0,1,1
USR8494,25,2,43419,74,56948,300000,1.3115916994863999,0.18982666666666667,1,158,0.7,1,0,0.72,2,0,0
USR3407,36,0,13708,42,17180,300000,1.2532827545958565,0.05726666666666667,5,197,0.97,0,1,0.26,0,0,0
USR6748,32,2,43538,327,36467,500000,0.8375901511323441,0.072934,4,517,0.46,3,1,0.59,2,0,0
USR2871,50,3,44955,229,26154,200000,0.5817817817817817,0.13077,5,290,0.67,3,0,0.05,0,1,0
USR5238,25,3,46437,251,43699,500000,0.9410383961065529,0.087398,1,548,0.85,1,0,0.57,1,0,0
USR5433,29,2,32801,54,49149,500000,1.4983994390414925,0.098298,19,64,0.21,1,0,0.98,1,0,0
USR6413,25,0,52628,193,39352,300000,0.7477388462415444,0.13117333333333334,1,629,0.49,1,0,0.52,0,1,0
USR5939,35,1,23763,68,8982,500000,0.37798257795732865,0.017964,12,317,0.29,1,0,0.88,1,0,0
USR7774,48,2,41748,304,35093,300000,0.8405911660438823,0.11697666666666667,2,261,0.21,1,0,0.35,1,1,0
USR8404,34,7,27881,88,12790,200000,0.4587353394784979,0.06395,2,324,0.31,1,0,0.91,2,1,0
USR3819,40,1,11445,319,15850,500000,1.3848842289209262,0.0317,0,91,0.77,1,0,0.95,1,1,0
USR2724,27,1,13394,211,22367,500000,1.6699268329102583,0.044734,8,247,0.96,0,0,0.8,0,0,0
USR2091,46,3,15212,101,9892,500000,0.6502760978175125,0.019784,18,26,0.88,0,0,0.09,0,0,0
USR6950,30,2,19751,38,8755,200000,0.44326869525593643,0.043775,9,118,0.49,1,0,0.86,1,0,0
USR9378,36,1,45319,96,48230,500000,1.0642335444294888,0.09646,6,227,0.96,3,0,0.92,0,0,0
USR3310,56,0,47834,79,1000,200000,0.020905631977254674,0.005,11,249,0.24,1,0,1.0,2,0,0
USR6165,46,2,26613,26,32228,100000,1.2109871115620185,0.32228,5,87,0.99,0,0,0.78,0,1,0
USR9033,21,6,5679,92,9981,300000,1.757527733755943,0.03327,0,385,0.88,1,0,0.6,0,0,0
USR9911,52,1,7140,302,11733,500000,1.6432773109243697,0.023466,8,635,0.03,3,0,0.16,0,0,0
USR5506,56,2,6859,185,14067,300000,2.050882052777373,0.04689,4,435,0.35,3,0,0.22,2,0,0
USR5606,23,2,45936,187,23721,500000,0.5163923719958202,0.047442,2,185,0.97,0,0,0.32,2,1,0
USR4642,40,0,36443,332,31306,500000,0.8590401448837911,0.062612,15,119,0.17,2,0,0.38,1,0,0
USR6424,70,5,14102,15,10822,300000,0.7674088781733087,0.03607333333333333,10,371,0.37,1,0,1.0,1,0,0
USR9285,26,2,54945,315,59481,300000,1.0825552825552827,0.19827,6,474,0.99,3,1,0.44,0,0,0
USR8468,66,4,19859,260,25932,300000,1.3058059318193262,0.08644,4,374,1.0,1,1,0.46,0,1,0
USR2665,35,1,10557,216,26177,200000,2.479587003883679,0.130885,6,434,0.31,1,0,0.1,2,1,0
USR2439,22,4,37265,155,14833,200000,0.3980410572923655,0.074165,9,443,0.95,0,1,0.18,0,0,0
USR5832,50,1,7840,325,12003,300000,1.5309948979591836,0.04001,13,539,0.34,2,0,0.51,2,0,0
USR3802,42,2,52148,112,76415,500000,1.4653486231494977,0.15283,0,412,0.66,1,0,0.31,0,0,0
USR2251,49,6,7161,296,12199,500000,1.7035330261136712,0.024398,3,656,0.93,0,0,0.43,0,0,0
USR8463,66,0,36713,288,49113,100000,1.337755018658241,0.49113,5,262,0.28,1,0,0.62,0,0,0
USR7917,67,0,44451,96,59878,300000,1.347056309194394,0.19959333333333334,11,449,0.63,0,0,0.0,2,0,0
USR1931,34,4,49565,121,87916,300000,1.7737516392615758,0.29305333333333333,2,115,0.36,3,0,0.42,1,0,0
USR1493,37,3,30078,39,11699,200000,0.3889553826717202,0.058495,5,450,0.56,0,0,0.03,0,0,0
USR6414,49,2,38809,152,20949,300000,0.5397974696590997,0.06983,11,342,0.33,0,0,0.71,0,1,0
USR5944,54,4,12619,103,12671,200000,1.0041207702670576,0.063355,5,229,0.69,1,0,0.39,1,1,0
USR9427,38,2,27857,355,14072,200000,0.5051513084682485,0.07036,0,95,0.57,0,0,0.98,2,0,0
USR9890,48,3,6338,194,6693,200000,1.056011360050489,0.033465,20,8,0.92,0,0,0.15,1,1,0
USR7556,53,1,26618,131,26420,100000,0.9925614245998948,0.2642,0,513,0.59,0,0,0.0,2,0,0
USR4267,47,2,44424,25,17055,100000,0.38391410048622365,0.17055,13,574,0.39,0,0,0.62,0,0,0
USR5063,23,3,31982,13,63096,200000,1.97285973360015,0.31548,28,218,0.36,0,0,0.87,1,0,1
USR7107,23,2,15608,51,5806,100000,0.3719887237314198,0.05806,3,224,0.13,3,0,0.71,0,0,0
USR4480,70,3,21915,107,46005,100000,2.0992470910335386,0.46005,22,632,0.02,1,0,0.77,2,0,0
USR5886,28,1,33768,255,44744,500000,1.3250414593698177,0.089488,2,617,0.44,0,0,0.32,0,0,0
USR1724,28,0,25663,218,24896,500000,0.9701126134902389,0.049792,14,470,0.6,1,0,0.75,0,0,0
USR8585,18,1,14205,209,21511,200000,1.5143259415698698,0.107555,12,690,0.33,0,0,0.11,0,0,0
USR9841,20,3,22878,128,19651,100000,0.8589474604423464,0.19651,16,462,0.23,0,1,0.39,0,0,0
USR5983,66,3,20521,211,16383,200000,0.7983529067784221,0.081915,1,40,0.96,1,0,0.87,0,0,0
USR9682,47,2,34686,16,38149,300000,1.099838551577005,0.12716333333333332,12,419,0.07,3,0,0.19,1,0,0
USR9999,43,2,45351,51,59750,200000,1.3175012678882494,0.29875,0,115,0.6,0,0,0.2,0,0,0
USR5661,34,4,57205,341,51179,100000,0.8946595577309676,0.51179,12,255,0.11,0,0,0.03,0,0,0
USR8785,29,1,42077,167,37483,200000,0.890819212396321,0.187415,7,700,0.34,3,0,0.31,0,0,0
USR1889,21,1,59382,341,47669,500000,0.8027516755919302,0.095338,0,251,0.23,1,1,1.0,1,0,0
USR9363,57,1,30849,202,7735,200000,0.25073746312684364,0.038675,4,539,0.56,0,0,0.99,1,0,0
USR4815,54,2,32252,103,15890,100000,0.4926826243333747,0.1589,14,463,0.88,0,1,0.14,2,0,0
USR1612,37,2,14577,113,21839,300000,1.498182067640804,0.07279666666666666,5,671,0.39,2,0,0.06,0,0,0
USR9001,60,0,10238,190,1000,100000,0.09767532721234616,0.01,15,178,0.3,1,0,0.91,2,0,0
USR2898,20,1,37106,310,38323,200000,1.0327979302538672,0.191615,16,179,0.7,0,1,0.97,2,0,0
USR5127,23,1,11621,71,5722,100000,0.4923844763789691,0.05722,12,337,0.39,0,1,0.76,1,0,0
USR4638,49,0,20484,146,6089,500000,0.2972563952353056,0.012178,15,380,0.83,1,0,0.85,0,0,0
USR8753,45,1,50977,179,19568,200000,0.38385938756694193,0.09784,10,498,0.93,2,1,0.44,2,0,0
USR4188,53,4,45840,284,53010,500000,1.156413612565445,0.10602,9,598,0.66,2,1,0.08,0,1,0
USR6745,44,4,23094,232,46634,100000,2.01931237550879,0.46634,5,55,0.5,3,1,0.85,1,1,1
USR7309,69,1,17540,137,10193,500000,0.5811288483466363,0.020386,6,362,0.18,1,0,0.01,2,0,0
USR2218,30,0,33013,171,29626,300000,0.8974040529488383,0.09875333333333333,1,632,0.56,1,0,0.04,1,1,0
USR8097,55,3,54621,84,49676,300000,0.9094670547957745,0.16558666666666666,1,22,0.06,1,1,0.57,0,0,0
USR3011,55,2,18886,283,6948,500000,0.36789155988562955,0.013896,1,579,0.11,2,0,0.25,2,0,0
USR4020,69,2,32304,199,26409,300000,0.8175148588410104,0.08803,12,122,0.73,1,1,0.32,0,0,0
USR8194,24,2,6191,251,5375,500000,0.8681957680503958,0.01075,5,502,0.31,1,0,0.78,2,0,0
USR4994,60,3,50330,87,38110,100000,0.7572024637393204,0.3811,10,51,0.88,0,0,0.34,0,1,0
USR9725,44,0,55892,247,73964,200000,1.3233378658842052,0.36982,11,398,0.5,1,0,0.67,1,0,0
USR8640,68,0,6429,362,9533,500000,1.482812256960647,0.019066,1,419,0.54,1,0,0.83,0,1,0
USR1014,41,4,32682,149,37026,200000,1.1329172021296126,0.18513,7,499,0.6,1,0,0.28,0,0,0
USR2513,54,1,52624,344,14332,200000,0.27234721799939193,0.07166,2,181,0.22,0,0,0.62,2,1,0
USR5668,32,2,20009,218,9131,500000,0.4563446449097906,0.018262,11,387,0.99,0,1,0.78,0,1,0
USR9346,21,0,15211,137,9097,500000,0.5980540398395898,0.018194,7,675,0.51,0,0,0.29,2,1,0
USR5113,49,3,28021,182,9319,100000,0.33257199957174977,0.09319,2,692,0.67,0,1,0.53,0,0,0
USR6310,59,1,19944,256,15107,300000,0.7574709185720016,0.05035666666666667,2,186,0.66,1,0,0.64,1,0,0
USR7794,51,2,42078,115,47729,200000,1.1342982080897381,0.238645,5,308,0.6,0,0,0.02,2,0,0
USR2792,63,1,20647,202,10786,300000,0.5224003487189423,0.03595333333333333,1,50,0.26,2,0,0.88,0,0,0
USR5039,45,1,17665,3,2926,500000,0.16563826776110954,0.005852,3,112,0.57,0,0,0.29,2,0,0
USR1981,37,1,56290,159,17369,500000,0.3085627997868183,0.034738,4,142,0.79,1,0,0.11,0,1,0
USR6569,59,1,47580,293,63391,300000,1.3323034888608658,0.21130333333333334,1,36,0.56,1,1,0.98,0,0,0
USR3109,21,0,39259,358,22864,500000,0.5823887516238315,0.045728,6,140,0.54,0,0,0.37,0,1,0
USR3893,42,1,14259,60,19595,300000,1.3742197910091871,0.06531666666666666,8,695,0.78,0,0,0.12,0,0,0
USR8700,58,3,14693,281,29009,100000,1.9743415231743007,0.29009,4,239,0.6,2,1,0.09,0,1,0
USR8130,36,3,50690,339,5608,200000,0.1106332609982245,0.02804,1,55,0.79,0,1,0.6,0,0,0
USR1910,69,0,9509,157,17047,300000,1.7927226837732675,0.05682333333333333,7,12,0.17,0,0,0.6,0,0,0
USR4768,68,1,29625,276,18620,300000,0.6285232067510549,0.062066666666666666,0,227,0.05,2,0,0.22,0,0,0
USR8498,46,2,21324,119,30360,500000,1.4237478897017446,0.06072,0,433,0.6,0,0,0.54,0,0,0
USR3268,35,1,5588,345,6763,300000,1.2102720114531138,0.022543333333333332,15,598,0.49,0,0,0.23,0,0,0
USR5395,60,2,38077,268,27219,500000,0.714840980119232,0.054438,0,139,0.88,1,0,0.63,2,0,0
USR7794,42,0,20634,152,30676,200000,1.4866724823107493,0.15338,7,350,0.55,0,0,0.61,0,0,0
USR4263,59,2,37258,83,50234,200000,1.3482741961457942,0.25117,8,566,0.76,1,1,0.32,1,0,0
USR8284,43,3,30469,42,43367,300000,1.4233155010010174,0.14455666666666667,0,555,0.1,1,0,0.83,2,0,0
USR3584,49,0,43608,331,50483,100000,1.157654558796551,0.50483,1,374,0.54,1,0,0.24,0,1,0
USR7718,70,3,30154,306,49897,300000,1.6547390064336407,0.16632333333333332,6,248,0.54,0,0,0.67,2,0,0
USR5361,32,4,22032,365,29984,200000,1.3609295570079885,0.14992,15,603,0.1,2,0,0.32,0,0,0
USR4339,38,1,51353,194,68506,300000,1.334021381418807,0.22835333333333332,10,205,0.22,0,0,0.67,0,0,0
USR4175,22,3,53421,307,51603,100000,0.9659684393777728,0.51603,12,577,0.77,3,0,0.59,0,1,0
USR4252,51,1,5676,236,3313,200000,0.5836856941508104,0.016565,8,87,0.93,0,0,0.15,0,0,0
USR7184,46,1,15038,77,14580,200000,0.9695438223167975,0.0729,10,215,0.47,0,0,0.1,0,1,0
USR3919,52,1,45316,306,70058,100000,1.545988171948098,0.70058,0,245,0.09,1,0,0.09,2,0,0
USR6965,56,1,33982,315,53798,500000,1.5831322464834323,0.107596,10,101,0.6,0,1,0.98,1,0,0
USR8874,26,2,17505,18,27013,100000,1.5431590974007428,0.27013,19,533,0.37,3,1,0.11,1,0,0
USR9593,43,1,15557,175,1000,500000,0.064279745452208,0.002,12,576,0.8,0,0,0.43,0,0,0
USR7901,55,2,53475,337,49209,100000,0.9202244039270687,0.49209,16,444,0.54,2,1,0.99,2,0,0
USR3073,36,1,57066,57,32577,200000,0.5708653138471244,0.162885,13,248,0.59,3,0,0.5,0,0,0
USR9656,44,2,16989,9,20644,500000,1.2151392077226442,0.041288,3,270,0.46,0,0,0.84,0,0,0
USR7574,27,5,29670,196,30564,500000,1.0301314459049544,0.061128,0,604,0.41,0,0,0.92,2,0,0
USR3844,55,3,22741,272,10200,100000,0.4485290884305879,0.102,1,468,0.02,0,0,0.38,0,0,0
USR4304,28,1,18263,43,8438,500000,0.46202704922520943,0.016876,9,211,0.39,0,1,0.71,2,0,0
USR6169,35,1,9553,35,14912,300000,1.5609756097560976,0.04970666666666667,3,147,0.9,1,0,0.04,0,1,0
USR3436,26,3,34374,203,65228,100000,1.8975970210042474,0.65228,4,628,0.09,3,0,0.15,1,0,0
USR1715,21,2,19344,27,1895,100000,0.09796319272125724,0.01895,20,603,0.93,1,0,0.36,1,0,0
USR6402,26,6,51788,55,37856,200000,0.7309801498416622,0.18928,9,636,0.03,0,1,0.65,0,1,0
USR5940,53,0,51106,57,35075,300000,0.6863186318631863,0.11691666666666667,4,572,0.01,1,1,0.76,2,0,0
USR1640,61,2,32043,11,9408,200000,0.2936054676528415,0.04704,8,111,0.05,3,0,0.56,0,0,0
USR6524,55,3,49667,279,29941,100000,0.6028348803028167,0.29941,2,118,0.77,0,1,0.2,2,1,0
USR3020,60,1,29578,183,30247,300000,1.022618162147542,0.10082333333333333,8,15,0.48,1,1,0.85,2,0,0
USR5929,22,2,35894,59,67118,500000,1.869894689920321,0.134236,20,423,0.03,0,0,0.16,1,0,0
USR1231,18,2,45775,55,53923,300000,1.17800109229929,0.17974333333333334,5,260,0.26,1,0,0.43,0,1,0
USR6643,27,3,45969,281,89513,100000,1.9472470577998215,0.89513,13,577,0.37,0,0,0.59,0,1,0
USR7804,45,4,15833,346,21379,200000,1.350281058548601,0.106895,9,299,0.24,1,0,0.02,1,1,0
USR6646,24,4,19874,223,19532,500000,0.982791586998088,0.039064,20,388,0.96,1,0,0.02,1,0,0
USR8997,42,4,58594,292,39520,200000,0.6744717889203673,0.1976,1,308,0.79,1,0,0.34,1,1,0
USR5483,65,2,58900,297,37455,200000,0.6359083191850594,0.187275,18,520,0.22,3,1,0.32,0,0,0
USR5258,22,2,58834,127,80767,200000,1.3727946425536255,0.403835,12,24,0.63,0,0,0.96,1,0,0
USR5436,46,3,29320,59,27838,300000,0.9494542974079127,0.09279333333333334,9,76,0.86,0,0,0.34,1,0,0
USR7400,65,1,38757,24,19800,500000,0.5108754547565602,0.0396,9,318,0.79,1,0,0.74,0,1,0
USR1904,61,2,46877,363,41748,200000,0.890586001663929,0.20874,6,451,0.86,2,0,0.1,1,0,0
USR1077,38,4,52135,300,38642,300000,0.7411911383907164,0.12880666666666668,21,520,0.33,3,0,0.25,2,0,0
USR4767,40,1,7042,112,14665,500000,2.0825049701789267,0.02933,1,96,0.95,3,1,0.49,1,1,1
USR1484,18,4,25653,59,10413,500000,0.4059174365571278,0.020826,9,339,0.88,0,0,0.27,0,0,0
USR9797,26,2,57674,105,1261,300000,0.021864271595519645,0.004203333333333333,3,55,0.89,1,1,0.07,0,0,0
USR9503,19,5,21087,286,30883,200000,1.464551619481197,0.154415,1,684,0.34,0,0,0.11,1,1,0
USR6407,54,2,5860,259,3421,300000,0.5837883959044369,0.011403333333333333,4,351,0.78,0,1,0.17,1,0,0
USR6708,70,0,10820,183,16634,300000,1.5373382624768945,0.055446666666666665,4,374,0.06,1,0,0.88,0,1,0
USR4848,60,2,13585,237,5226,200000,0.384688995215311,0.02613,15,205,0.85,3,1,0.67,0,0,0
USR1813,32,5,10336,362,17446,300000,1.6878869969040247,0.058153333333333335,14,106,0.28,1,0,0.34,2,0,0
USR3075,35,2,32293,81,11406,300000,0.3532034806304772,0.03802,8,267,0.1,3,1,0.06,2,1,0
USR4785,61,2,57818,82,74957,200000,1.2964301774533882,0.374785,2,633,0.91,3,0,0.76,0,0,0
USR1684,30,2,14484,16,23303,500000,1.6088787627727148,0.046606,3,535,0.93,1,0,0.26,2,0,0
USR7907,26,3,17760,47,8889,200000,0.5005067567567567,0.044445,10,403,0.31,0,0,0.54,2,0,0
USR4891,43,3,38440,326,29985,200000,0.7800468262226847,0.149925,24,274,0.71,0,0,0.62,1,0,0
USR6416,36,5,31803,233,38553,500000,1.2122441279124612,0.077106,5,520,0.59,0,0,0.96,1,0,0
USR5071,52,2,6998,23,5669,200000,0.8100885967419262,0.028345,2,81,0.23,3,0,0.43,2,0,0
USR2918,62,2,31416,87,63935,200000,2.0351094983447924,0.319675,0,626,0.95,1,0,0.1,1,1,1
USR6168,26,2,24646,102,4004,500000,0.16246043982796396,0.008008,10,638,0.05,1,0,0.05,0,0,0
USR6705,43,3,23372,215,25450,300000,1.0889098066061955,0.08483333333333333,6,5,0.47,1,0,0.84,2,0,0
USR8939,46,1,52718,52,58262,500000,1.1051633218255623,0.116524,7,519,0.94,3,0,0.72,0,1,0
USR3192,44,1,12470,349,8841,100000,0.708981555733761,0.08841,7,217,0.03,0,0,0.17,0,0,0
USR5626,59,1,47672,179,3124,500000,0.06553112938412485,0.006248,0,513,0.94,0,0,0.88,2,0,0
USR3035,34,3,59615,143,110828,500000,1.8590623165310745,0.221656,10,397,0.77,0,0,0.24,0,0,0
USR5585,31,2,28992,154,24735,100000,0.8531663907284768,0.24735,13,137,0.48,0,0,0.64,0,0,0
USR1012,44,4,58989,74,117959,300000,1.9996779060502805,0.3931966666666667,23,375,0.42,1,0,0.14,2,0,0
USR9291,41,2,5331,196,2139,100000,0.4012380416432189,0.02139,16,629,0.93,1,0,0.61,1,0,0
USR4142,44,1,33141,281,65451,300000,1.974925319091156,0.21817,5,249,0.6,0,1,0.5,2,0,0
USR8989,45,3,48140,25,48398,100000,1.005359368508517,0.48398,5,393,0.22,2,0,0.86,2,1,0
USR4816,66,1,41372,49,27391,500000,0.662066131683264,0.054782,22,23,0.93,0,0,0.9,2,0,0
USR6382,28,3,28600,25,14266,500000,0.4988111888111888,0.028532,1,291,0.52,2,0,0.08,0,0,0
USR6512,18,1,24889,310,21860,300000,0.8782996504479891,0.07286666666666666,8,314,0.6,0,0,0.56,0,0,0
USR5581,59,1,57204,49,45051,500000,0.7875498216907909,0.090102,4,666,0.39,0,0,0.08,0,0,0
USR4980,18,1,46793,263,127213,100000,2.718633128886799,1.27213,2,430,0.26,0,1,0.33,1,1,0
USR2263,66,3,23448,296,13371,500000,0.5702405322415558,0.026742,6,305,0.89,3,0,0.1,1,0,0
USR5310,60,0,25620,360,17592,100000,0.6866510538641686,0.17592,3,533,0.87,3,1,0.88,0,0,0
USR4034,67,0,23299,74,1000,100000,0.042920297008455295,0.01,3,475,0.72,2,1,0.61,0,0,0
USR3556,60,1,40476,57,25950,300000,0.6411206640972428,0.0865,18,583,0.85,0,0,0.92,2,1,0
USR5696,39,1,48166,128,15195,300000,0.3154714944151476,0.05065,3,89,0.43,1,1,0.73,1,1,0
USR7587,25,2,23480,295,10462,100000,0.4455706984667802,0.10462,12,19,0.99,1,0,0.53,2,1,0
USR4912,27,0,23535,16,28447,300000,1.2087104312725727,0.09482333333333333,5,557,0.48,1,0,0.61,0,0,0
USR6983,52,1,6432,258,4329,500000,0.6730410447761194,0.008658,8,75,0.89,0,0,0.2,0,0,0
USR8570,55,2,46336,76,35669,200000,0.7697902279005525,0.178345,6,232,0.97,1,0,0.43,2,0,0
USR2628,31,1,47812,221,63737,100000,1.3330753785660503,0.63737,23,197,0.56,0,0,0.64,0,0,0
USR4958,39,1,41548,17,46206,100000,1.112111292962357,0.46206,1,348,0.56,2,0,0.34,0,0,0
USR9150,58,4,9574,128,10222,500000,1.0676833089617714,0.020444,0,584,0.83,3,0,0.32,1,1,0
USR7104,64,1,11253,358,24675,200000,2.1927486003732337,0.123375,15,118,0.6,0,0,0.04,2,0,0
USR6983,58,1,56081,210,51416,100000,0.9168167472049357,0.51416,3,499,0.71,3,0,0.51,2,0,0
USR4915,24,1,11897,287,11101,100000,0.9330923762293015,0.11101,8,230,0.59,0,0,0.06,0,1,0
USR8705,29,0,28520,351,1000,300000,0.03506311360448808,0.0033333333333333335,16,17,0.18,2,0,0.74,0,0,0
USR9568,47,1,41145,9,29778,200000,0.7237331388990157,0.14889,4,606,0.96,0,1,0.99,0,1,0
USR8198,48,4,21177,30,39178,100000,1.8500259715729328,0.39178,7,48,0.59,0,0,0.59,2,0,0
USR9923,55,1,17535,249,17736,200000,1.0114627887082976,0.08868,4,117,0.18,2,0,0.61,1,0,0
USR9930,68,1,9819,139,20936,500000,2.1321926876463997,0.041872,1,259,0.79,0,0,0.12,2,0,0
USR7452,53,1,23096,105,40690,300000,1.7617769310703153,0.13563333333333333,6,172,0.24,0,0,0.55,0,0,0
USR6112,67,1,58902,61,122984,100000,2.0879426844589317,1.22984,6,658,0.74,3,0,0.83,0,0,1
USR3635,25,1,16523,150,21297,100000,1.2889305816135084,0.21297,4,536,0.31,2,0,0.19,1,0,0
USR5069,19,1,54859,212,1000,500000,0.018228549554311965,0.002,0,201,0.64,2,0,0.81,2,0,0
USR6282,26,2,15854,190,34453,500000,2.1731424246247,0.068906,8,144,0.44,1,1,0.2,0,0,0
USR4374,29,2,28255,100,1000,200000,0.03539196602371262,0.005,2,389,0.06,1,0,0.23,2,0,0
USR1620,62,4,56516,21,112481,500000,1.9902505485172342,0.224962,22,31,0.96,3,0,0.39,2,1,1
USR8503,39,3,18552,157,37956,500000,2.0459249676584736,0.075912,8,614,0.83,3,0,0.37,0,1,1
USR8616,54,2,20133,209,23707,200000,1.1775194953558834,0.118535,1,88,0.32,1,0,0.33,2,0,0
USR6509,46,2,41935,104,42507,200000,1.0136401573864313,0.212535,0,59,0.12,0,1,0.56,0,0,0
USR4060,66,2,46852,278,70731,500000,1.5096687441304533,0.141462,15,228,0.67,1,0,0.86,0,0,0
USR8902,58,2,45203,120,35131,200000,0.7771829303364821,0.175655,12,588,0.99,3,0,0.61,2,1,0
USR1023,66,4,38292,101,19434,100000,0.5075211532434973,0.19434,8,632,0.56,0,0,0.11,0,1,0
USR5859,35,0,22106,342,18488,100000,0.8363340269610061,0.18488,7,434,0.29,2,0,0.98,0,0,0
USR5319,27,1,6996,40,14181,300000,2.0270154373927958,0.04727,0,365,0.64,0,1,0.49,2,0,0
USR8758,35,3,28636,26,29660,200000,1.0357591842436094,0.1483,13,478,0.91,1,0,0.15,0,1,0
USR2375,41,0,29086,127,57295,300000,1.9698480368562195,0.19098333333333334,3,194,0.95,3,1,0.77,0,0,1
USR1229,63,1,55087,312,27158,300000,0.49300197868825674,0.09052666666666667,7,92,0.02,2,0,0.99,2,0,0
USR6161,27,1,55905,334,74220,200000,1.3276093372685807,0.3711,7,496,0.69,2,1,0.81,1,0,0
USR6269,59,2,21112,114,30951,300000,1.4660382720727547,0.10317,0,502,0.23,3,1,0.61,1,1,0
USR3224,32,3,53033,265,47027,300000,0.8867497595836554,0.15675666666666666,4,142,0.88,3,0,0.49,0,0,0
USR1527,25,2,19375,62,32525,300000,1.6787096774193548,0.10841666666666666,2,49,0.61,0,0,0.72,0,1,0
USR4197,28,2,31133,183,21863,500000,0.7022452060514567,0.043726,8,404,0.02,0,0,0.44,0,0,0
USR2541,69,1,11883,298,18993,100000,1.5983337541024993,0.18993,1,109,0.11,1,0,0.63,0,1,0
USR8882,50,3,30383,332,1000,300000,0.03291314221768752,0.0033333333333333335,12,294,1.0,0,0,0.12,0,0,0
USR7298,60,1,17173,257,27024,200000,1.5736330285913935,0.13512,6,191,0.34,1,0,0.15,2,0,0
USR9250,39,1,9124,22,1000,500000,0.10960105217010083,0.002,17,133,0.45,3,0,0.58,0,1,0
USR5376,23,1,41104,184,23833,100000,0.5798219151420786,0.23833,15,579,0.09,3,0,0.6,2,0,0
USR2473,66,2,25904,159,22566,100000,0.8711395923409512,0.22566,6,653,0.72,2,0,0.03,1,1,0
USR4485,65,3,53749,266,1000,200000,0.01860499730227539,0.005,3,307,0.69,0,0,0.14,2,0,0
USR1705,26,1,22913,217,24336,300000,1.062104482171693,0.08112,0,465,0.32,0,0,0.58,2,0,0
USR8527,49,5,12236,72,7447,500000,0.6086139261196469,0.014894,9,111,0.77,1,0,0.1,0,1,0
USR1756,40,2,39537,64,36766,100000,0.9299137516756456,0.36766,5,22,0.96,2,1,0.17,0,0,0
USR6651,26,3,10695,255,5815,200000,0.5437120149602618,0.029075,5,162,0.84,1,0,0.95,0,0,0
USR7693,43,2,56738,269,71164,100000,1.2542564066410518,0.71164,5,247,0.8,0,0,0.37,0,1,0
USR1853,37,4,5499,358,3788,100000,0.6888525186397527,0.03788,21,396,0.91,1,0,0.77,1,0,0
USR2343,27,1,45512,229,1245,500000,0.027355422745649498,0.00249,5,303,0.81,3,0,0.01,0,0,0
USR3503,22,4,28744,179,9871,100000,0.3434107987753966,0.09871,1,88,0.12,0,0,0.31,0,0,0
USR9159,43,3,34945,231,42659,200000,1.220746887966805,0.213295,0,386,0.69,0,0,0.73,2,0,0
USR1754,42,3,28823,111,31376,100000,1.0885750962772787,0.31376,6,595,0.51,2,1,0.99,2,0,0
USR6803,44,1,57635,145,40617,300000,0.7047280298429773,0.13539,11,212,0.87,1,0,0.25,0,0,0
USR4922,70,2,34742,260,37556,500000,1.0809970640723043,0.075112,2,369,0.34,3,0,0.47,2,0,0
USR5331,49,3,7808,68,3293,500000,0.4217469262295082,0.006586,17,212,0.15,3,0,0.32,0,0,0
USR7395,30,3,12353,213,1000,500000,0.08095199546668826,0.002,9,296,0.01,0,0,0.45,2,0,0
USR3502,19,4,18010,327,12765,100000,0.7087729039422543,0.12765,6,549,0.16,0,0,1.0,2,0,0
USR1203,23,2,22631,319,39790,200000,1.7582077681056958,0.19895,13,360,0.77,1,0,0.86,1,0,0
USR1492,35,3,38082,333,34791,100000,0.9135812194737671,0.34791,5,602,0.43,0,0,0.47,0,0,0
USR1601,32,1,18617,253,24442,300000,1.3128860718697963,0.08147333333333333,9,67,0.72,1,0,0.63,1,0,0
USR4151,67,1,8620,208,3682,200000,0.4271461716937355,0.01841,4,259,0.71,3,1,0.44,0,0,0
USR7872,21,4,35621,363,56720,300000,1.5923191375873782,0.18906666666666666,2,314,0.03,2,0,0.67,2,1,0
USR8988,25,4,11504,67,11962,500000,1.0398122392211404,0.023924,24,594,0.76,0,0,0.26,1,0,0
USR8002,34,4,34255,307,18806,500000,0.5490001459640929,0.037612,5,518,0.07,1,0,0.23,2,0,0
USR1399,58,3,5360,277,5871,200000,1.0953358208955224,0.029355,14,598,0.5,2,0,0.78,0,0,0
USR3680,37,2,48022,127,1000,200000,0.02082378909666403,0.005,15,116,0.45,0,0,0.41,2,0,0
USR2138,49,1,39151,136,21318,100000,0.5445071645679549,0.21318,1,210,0.1,1,0,0.41,2,0,0
USR9778,39,1,53740,95,83055,100000,1.5454968366207666,0.83055,1,248,0.87,0,1,0.07,0,0,0
USR7198,22,1,48636,300,49121,500000,1.0099720371741097,0.098242,0,39,0.2,2,1,0.37,1,0,0
USR2723,50,1,45628,309,45675,500000,1.0010300692557201,0.09135,0,328,0.96,0,0,0.58,0,1,0
USR4394,24,5,23583,114,24551,200000,1.0410465165585379,0.122755,5,511,0.83,2,0,0.43,0,0,0
USR4303,52,1,20647,344,21151,300000,1.0244103259553445,0.07050333333333333,9,636,0.56,0,0,0.9,2,0,0
USR1837,22,5,11675,10,23628,200000,2.023811563169165,0.11814,4,388,0.15,3,0,0.27,1,1,0
USR9042,23,3,45603,256,43896,300000,0.9625682520886784,0.14632,6,620,0.38,2,1,0.91,2,0,0
USR7065,67,1,45035,316,48885,500000,1.0854890640612858,0.09777,9,621,0.03,0,0,0.18,1,0,0
USR9001,53,4,11111,136,13879,300000,1.2491224912249121,0.04626333333333333,8,359,0.11,0,1,0.9,1,1,0
USR9904,21,4,33809,211,1000,300000,0.029577923038244254,0.0033333333333333335,9,659,0.81,1,1,0.18,0,1,0
USR4279,52,1,18773,128,13072,300000,0.6963191818036542,0.04357333333333333,19,699,0.9,2,0,0.14,2,0,0
USR6234,33,5,39055,221,35462,300000,0.9080015362949686,0.11820666666666667,5,338,0.57,3,0,0.32,0,0,0
USR9409,55,4,38538,189,30734,100000,0.7974985728371996,0.30734,1,365,0.09,0,0,0.31,0,0,0
USR5061,19,2,38531,343,1000,100000,0.025953128649658715,0.01,3,531,0.48,1,0,0.38,0,0,0
USR5301,67,7,9809,324,7705,100000,0.7855031093893363,0.07705,2,496,0.12,1,1,0.16,0,0,0
USR9546,42,1,53183,7,77945,100000,1.4655999097455954,0.77945,4,496,0.36,0,0,0.6,2,0,0
USR7898,27,3,43611,118,71751,200000,1.6452500515924882,0.358755,0,562,0.02,3,1,0.38,0,0,0
USR7783,42,3,5467,247,6652,200000,1.2167550759100054,0.03326,7,214,0.17,1,1,0.28,0,0,0
USR5226,30,3,34517,264,24264,500000,0.7029579627429962,0.048528,5,36,0.19,3,0,0.49,2,0,0
USR6290,60,4,34399,57,39338,500000,1.1435797552254425,0.078676,12,580,0.5,0,1,0.04,1,0,0
USR3493,47,0,27380,224,13822,200000,0.5048210372534697,0.06911,20,118,0.12,1,0,0.22,1,0,0
USR8098,57,2,33471,301,6684,200000,0.1996952585820561,0.03342,1,180,0.69,0,1,0.98,0,1,0
USR6714,28,2,7430,259,1902,100000,0.2559892328398385,0.01902,4,145,0.96,2,0,0.52,1,0,0
USR9307,24,3,36421,170,39053,200000,1.0722660003843936,0.195265,15,645,0.67,1,0,0.81,1,1,0
USR3339,18,2,31309,104,24525,200000,0.7833210897824907,0.122625,8,213,0.37,3,1,0.4,2,0,0
USR4130,25,1,19589,220,13558,300000,0.6921231303282455,0.045193333333333335,21,477,0.32,0,0,0.43,0,0,0
USR4726,56,3,8824,134,8998,200000,1.0197189483227562,0.04499,11,78,0.3,0,0,0.14,1,1,0
USR9555,51,4,28112,276,24209,300000,0.8611624928856004,0.08069666666666667,7,450,0.24,0,0,0.08,0,0,0
USR5467,44,3,26377,225,51682,200000,1.9593585320544413,0.25841,5,195,0.68,1,0,0.2,1,1,0
USR3735,57,2,47702,181,38328,100000,0.8034883233407404,0.38328,8,190,0.22,0,0,0.41,0,0,0
USR1705,39,3,16050,231,22049,500000,1.3737694704049843,0.044098,6,33,0.82,2,0,0.24,1,0,0
USR9948,20,2,43401,91,32950,300000,0.7591990967950047,0.10983333333333334,2,631,0.76,0,0,0.72,1,0,0
USR1097,67,1,49075,12,95833,100000,1.9527865511971472,0.95833,9,330,0.7,0,0,0.95,2,0,0
USR7813,62,1,57136,131,77601,300000,1.358180481657799,0.25867,7,41,0.65,0,1,0.13,1,0,0
USR7001,26,2,21255,4,23558,300000,1.1083509762408845,0.07852666666666666,2,244,0.5,0,0,0.25,0,0,0
USR7971,22,3,39392,79,31410,500000,0.7973700243704306,0.06282,23,174,0.3,2,0,0.54,2,0,0
USR9665,21,1,33164,324,30469,100000,0.9187371848992884,0.30469,18,579,0.16,0,1,0.87,2,0,0
USR2443,29,3,22199,266,17388,500000,0.7832785260597325,0.034776,5,656,0.16,3,0,0.26,0,0,0
USR2303,36,1,52641,63,67265,500000,1.2778062726771908,0.13453,15,257,0.23,3,0,0.29,0,1,0
USR6217,66,4,11102,302,16198,300000,1.459016393442623,0.05399333333333333,14,197,0.37,0,1,0.47,0,1,0
USR3847,47,2,24726,2,46615,500000,1.8852624767451265,0.09323,9,29,0.4,3,0,0.56,2,0,0
USR7421,20,2,51621,259,63294,500000,1.2261289010286511,0.126588,9,541,0.73,0,0,0.87,1,0,0
USR5608,66,3,11244,205,1000,200000,0.08893632159373888,0.005,12,695,0.94,3,0,0.19,1,0,0
USR8891,34,2,52017,19,1000,300000,0.019224484303208566,0.0033333333333333335,0,320,0.51,2,0,0.11,0,0,0
USR6049,64,4,28908,110,48319,300000,1.6714750242147502,0.16106333333333334,0,359,0.51,0,0,0.69,0,0,0
USR5980,23,0,40893,78,84475,500000,2.065756975521483,0.16895,6,438,0.36,3,0,0.14,2,0,0
USR8378,66,2,36672,109,28543,500000,0.778332242582897,0.057086,11,253,0.45,0,0,0.4,0,1,0
USR2801,20,0,35439,234,28207,500000,0.7959310364287931,0.056414,7,124,0.13,3,0,0.01,2,0,0
USR7145,59,4,11128,178,5963,500000,0.5358554996405464,0.011926,5,386,0.65,0,0,0.96,2,0,0
USR7874,19,3,28676,39,24563,100000,0.8565699539684754,0.24563,2,301,0.71,0,0,0.49,0,0,0
USR2892,52,1,34147,336,49166,100000,1.4398336603508362,0.49166,4,477,0.65,1,0,0.02,0,1,0
USR8256,18,0,8175,39,9856,100000,1.2056269113149847,0.09856,1,353,0.32,1,0,0.54,0,0,0
USR4091,42,1,54506,305,23916,300000,0.43877738230653507,0.07972,9,578,0.28,1,1,0.21,0,0,0
USR7281,38,6,50722,363,52892,300000,1.042782224675683,0.17630666666666667,7,199,0.8,3,0,0.33,0,0,0
USR5656,60,1,28468,154,19526,200000,0.6858929324153435,0.09763,21,141,0.88,0,0,0.7,2,0,0
USR5081,50,3,28262,106,31605,200000,1.1182860377892576,0.158025,9,132,0.77,0,0,0.01,1,0,0
USR6470,30,3,7145,100,9226,100000,1.2912526242127362,0.09226,10,593,0.55,1,0,0.97,0,1,0
USR1137,32,3,5352,8,3143,300000,0.5872571001494769,0.010476666666666667,2,149,0.05,2,0,0.94,2,0,0
USR6055,28,0,54404,113,132553,500000,2.4364568781707225,0.265106,18,238,0.11,0,0,0.24,2,0,0
USR5944,67,3,57390,125,78537,500000,1.3684788290642969,0.157074,12,164,0.32,0,1,0.81,0,0,0
USR6424,24,3,23282,90,3588,300000,0.1541104716089683,0.01196,14,437,0.46,3,0,0.02,2,1,0
USR2165,56,1,21017,245,25049,300000,1.1918446971499264,0.08349666666666666,2,686,0.31,0,1,0.26,0,0,0
USR9918,48,3,33799,5,42212,100000,1.2489126897245482,0.42212,13,451,0.81,1,0,0.84,2,1,0
USR7035,53,0,9895,56,15067,100000,1.522688226376958,0.15067,9,95,0.8,1,0,0.42,0,0,0
USR1053,54,2,44027,220,43333,100000,0.9842369455107093,0.43333,12,624,0.48,1,0,0.83,2,0,0
USR4323,28,1,25388,99,39995,200000,1.5753505593193635,0.199975,0,343,0.16,0,0,0.73,2,0,0
USR7896,62,0,16840,177,21804,100000,1.2947743467933492,0.21804,11,345,0.49,3,0,0.85,1,1,0
USR6076,52,1,59475,60,116403,100000,1.9571752837326608,1.16403,0,265,0.51,1,0,0.79,0,0,0
USR2246,35,0,13963,44,11049,300000,0.7913055933538637,0.03683,12,440,0.09,2,0,0.82,0,1,0
USR1856,56,2,51911,308,25446,300000,0.49018512454007823,0.08482,3,673,0.42,0,0,0.3,1,0,0
USR3161,45,0,19929,144,15063,300000,0.7558332078880025,0.05021,0,672,0.08,0,0,0.62,2,0,0
USR7484,66,4,29451,209,32714,200000,1.1107942005364844,0.16357,10,276,0.07,1,0,0.5,0,0,0
USR5758,46,0,42162,193,80015,100000,1.8977989658934586,0.80015,5,588,0.18,0,0,0.77,2,1,1
USR7736,27,3,55112,152,39211,100000,0.7114784438960662,0.39211,3,634,0.46,0,0,0.4,2,1,0
USR6656,51,1,47679,239,33948,200000,0.7120115774240231,0.16974,21,183,0.99,0,0,0.27,1,0,0
USR4715,40,1,19852,246,10785,300000,0.5432701994761233,0.03595,2,393,0.56,2,0,0.95,2,0,0
USR9523,28,4,54132,13,69787,500000,1.2892004729180522,0.139574,9,119,0.96,0,0,0.42,1,0,0
USR7849,36,3,33022,320,41064,200000,1.2435346132881109,0.20532,5,126,0.86,1,1,0.9,0,0,0
USR1653,55,4,40807,7,90912,500000,2.2278530644252212,0.181824,16,675,0.72,1,0,0.79,2,0,1
USR9058,22,0,40078,279,22458,500000,0.5603573032586456,0.044916,3,485,0.27,0,0,0.66,0,0,0
USR1471,40,0,31629,232,1000,300000,0.03161655442789845,0.0033333333333333335,6,654,0.42,1,0,0.92,2,0,0
USR3127,22,3,21362,42,13341,200000,0.6245201760134819,0.066705,6,276,0.94,0,0,0.12,0,0,0
USR5568,44,3,17902,307,20464,200000,1.143112501396492,0.10232,16,637,0.55,1,0,0.16,1,0,0
USR6805,23,1,18532,223,25374,300000,1.369199222965681,0.08458,16,228,0.73,0,0,0.26,0,0,0
USR7055,18,0,27722,61,5470,500000,0.1973162109515908,0.01094,6,462,0.84,0,0,0.31,2,0,0
USR1816,51,2,10815,57,12115,100000,1.120203421174295,0.12115,16,660,0.83,3,0,0.21,1,0,0
USR8017,39,1,43928,191,11776,500000,0.26807503187033327,0.023552,22,112,0.87,0,1,0.29,0,0,0
USR7953,65,1,33928,13,28490,100000,0.8397194058005187,0.2849,16,661,0.74,3,0,0.11,0,0,0
USR1192,23,3,25912,249,53512,200000,2.0651435628280335,0.26756,1,346,0.77,1,0,0.19,1,1,1
USR9825,63,2,58235,51,93188,300000,1.600206061646776,0.31062666666666666,13,328,0.86,2,0,0.85,0,0,0
USR9055,64,2,17838,168,11660,100000,0.6536607242964458,0.1166,0,591,0.83,0,0,0.23,0,1,0
USR9796,46,2,52875,161,49864,100000,0.9430543735224586,0.49864,5,358,0.57,0,1,0.71,0,1,0
USR9708,43,3,34551,118,35798,200000,1.036091574773523,0.17899,18,211,0.48,1,0,0.57,1,1,0
USR4876,26,3,33353,307,35927,100000,1.077174467064432,0.35927,1,626,0.29,3,0,0.96,2,0,0
USR1609,38,7,28454,143,1000,100000,0.03514444366345681,0.01,7,481,0.41,1,1,0.82,2,1,0
USR2772,40,1,39357,91,1000,300000,0.025408440683995222,0.0033333333333333335,1,163,0.34,2,0,0.28,2,0,0
USR6628,67,0,38729,40,39971,300000,1.0320689922280462,0.13323666666666667,9,587,0.87,0,0,0.95,2,0,0
USR8275,41,1,8216,320,1859,200000,0.22626582278481014,0.009295,4,234,0.24,0,0,0.85,0,0,0
USR7995,27,0,10721,141,6762,500000,0.6307247458259491,0.013524,2,364,0.78,2,0,0.89,0,0,0
USR9678,67,4,6690,62,4085,200000,0.6106128550074739,0.020425,12,482,0.6,1,0,0.13,0,0,0
USR2602,48,3,5371,216,2786,300000,0.5187115993297338,0.009286666666666667,9,610,0.27,2,0,0.73,0,0,0
USR6649,47,3,22720,353,26192,200000,1.1528169014084506,0.13096,10,630,0.68,2,0,0.2,2,1,0
USR2361,59,5,21771,181,56379,200000,2.5896375912911673,0.281895,1,336,0.75,1,0,0.26,0,0,0
USR6638,50,3,43582,126,27432,200000,0.6294341700702125,0.13716,1,549,0.48,1,0,0.28,0,0,0
USR6273,23,1,28374,335,52640,300000,1.8552195672094172,0.17546666666666666,21,548,0.87,0,1,0.02,2,0,0
USR7336,25,2,11475,357,5108,200000,0.44514161220043574,0.02554,6,664,0.46,2,0,0.03,0,0,0
USR3083,70,3,10259,300,10547,300000,1.0280729115898235,0.03515666666666667,10,501,0.14,1,1,0.45,1,0,0
USR6118,44,3,37779,108,50423,100000,1.3346832896582757,0.50423,7,362,0.6,0,1,0.18,2,0,0
USR9421,41,2,34462,273,1000,100000,0.02901746851604666,0.01,3,416,0.92,1,0,0.98,0,1,0
USR5439,22,3,27121,357,51972,500000,1.9163010213487703,0.103944,5,393,0.56,3,1,0.09,0,0,0
USR3017,23,0,7225,358,5661,500000,0.7835294117647059,0.011322,1,645,0.67,2,0,0.55,1,0,0
USR7608,64,0,43588,345,1000,300000,0.02294209415435441,0.0033333333333333335,7,680,0.37,1,0,0.65,0,0,0
USR5817,40,1,42763,311,57465,300000,1.3438018848069593,0.19155,23,45,0.75,1,0,0.15,2,0,0
USR8566,47,2,34714,208,42283,500000,1.2180388315953217,0.084566,0,439,0.56,1,1,0.63,0,1,0
USR5797,20,1,21876,215,29293,200000,1.3390473578350703,0.146465,7,617,0.4,3,0,0.1,2,0,0
USR8137,23,3,27039,118,68965,300000,2.5505750952328117,0.22988333333333333,14,249,0.82,2,0,0.04,0,0,0
USR8211,28,3,56004,248,66230,500000,1.1825941004213985,0.13246,5,467,0.36,0,1,0.56,2,0,0
USR8534,23,2,29056,21,16830,500000,0.579226321585903,0.03366,14,123,0.35,2,1,0.19,0,1,0
USR6953,33,2,21123,200,4288,200000,0.20300146759456517,0.02144,8,304,0.65,0,0,0.09,0,0,0
USR6821,54,3,16261,347,24352,500000,1.4975708750999324,0.048704,16,444,0.71,1,1,0.58,0,0,0
USR3621,20,5,26057,295,25324,300000,0.9718693633188779,0.08441333333333334,30,230,0.55,1,0,0.46,2,0,0
USR3271,54,1,34445,79,9216,500000,0.2675569748875018,0.018432,7,477,0.74,2,1,0.3,1,0,0
USR3153,25,1,11978,258,1000,500000,0.08348639171814994,0.002,3,127,0.17,0,0,0.09,0,1,0
USR5378,60,1,9837,356,12146,500000,1.2347260343600692,0.024292,9,246,0.14,0,1,0.71,2,0,0
USR1434,20,5,41259,68,62327,200000,1.5106279841973873,0.311635,1,186,0.58,0,0,0.99,0,0,0
USR1970,46,2,58449,82,39082,500000,0.6686513028452155,0.078164,1,544,0.29,1,0,0.61,0,1,0
USR8027,40,4,31048,362,44977,300000,1.4486279309456325,0.14992333333333333,2,209,0.39,2,0,0.58,0,0,0
USR5527,46,4,26689,30,26497,300000,0.992806024954101,0.08832333333333334,0,502,0.33,0,0,0.05,1,0,0
USR6755,45,2,55372,231,74320,500000,1.3421946109947265,0.14864,12,352,0.48,1,0,0.69,0,1,0
USR9848,66,3,58814,10,96064,500000,1.6333526031217058,0.192128,8,530,0.47,3,0,0.62,2,0,0
USR4699,63,4,37208,357,85501,300000,2.2979198021930767,0.28500333333333333,25,554,0.19,0,0,0.65,1,1,1
USR9108,20,2,55971,227,32425,200000,0.5793178610351789,0.162125,2,358,0.38,2,0,0.27,0,0,0
USR9136,58,1,59493,49,41497,300000,0.6975106315028659,0.13832333333333333,7,694,0.16,3,0,0.51,1,0,0
USR6810,52,0,49510,74,1000,500000,0.020197939810139367,0.002,2,629,0.8,0,1,0.87,0,0,0
USR9373,26,3,18910,176,23514,100000,1.2434690639873083,0.23514,0,53,0.89,1,0,0.96,0,0,0
USR6656,70,2,44490,19,54064,300000,1.2151944257136436,0.18021333333333334,5,533,0.3,0,0,0.88,0,1,0
USR1520,50,4,12720,197,12624,500000,0.9924528301886792,0.025248,0,288,0.01,1,0,0.68,2,0,0
USR1663,35,0,56890,302,66173,500000,1.1631745473721216,0.132346,1,568,0.52,0,0,0.15,0,0,0
USR7044,57,2,18596,215,33158,200000,1.7830716283071628,0.16579,0,476,0.24,2,0,0.96,1,0,0
USR4709,20,3,24962,361,12397,200000,0.49663488502523834,0.061985,0,676,0.86,0,0,0.16,1,1,0
USR3863,19,0,16714,192,13826,200000,0.8272107215507958,0.06913,2,425,0.7,3,0,0.86,2,0,0
USR5010,44,2,24545,327,50578,200000,2.060623344876757,0.25289,8,118,0.63,0,1,0.56,0,0,0
USR6317,18,4,43546,354,1000,500000,0.022964221742525145,0.002,16,672,0.57,1,0,0.67,2,1,0
USR7256,33,0,34214,263,16017,100000,0.4681416963815982,0.16017,3,145,0.25,1,0,0.93,2,0,0
USR2470,50,3,36741,277,32187,100000,0.8760512778639666,0.32187,8,233,0.52,0,0,0.49,2,1,0
USR3190,70,0,22842,307,11096,300000,0.48577182383328954,0.03698666666666667,14,475,0.26,0,0,0.87,2,1,0
USR4586,54,1,10475,214,5802,300000,0.5538902147971361,0.01934,24,110,0.72,0,0,0.13,0,1,0
USR7205,18,2,50061,102,13309,500000,0.2658556560995585,0.026618,3,443,0.83,3,0,0.04,2,0,0
USR6286,34,1,31675,328,52582,100000,1.6600473559589581,0.52582,10,142,0.09,3,1,0.81,0,1,0
USR1009,66,1,15043,94,2190,300000,0.14558266303263975,0.0073,2,492,0.95,0,1,0.27,2,0,0
USR3473,22,3,14301,208,29821,100000,2.085238794489896,0.29821,0,156,0.29,0,0,0.27,2,0,0
USR7046,65,1,6211,215,10935,200000,1.7605860569956528,0.054675,7,20,0.95,3,0,0.28,1,0,0
USR7390,27,1,31387,226,45750,100000,1.4576098384681555,0.4575,4,369,0.25,0,1,0.76,0,1,0
USR2589,26,1,28294,72,25279,500000,0.8934403053650951,0.050558,9,29,0.09,3,0,0.84,1,0,0
USR6995,47,2,36198,130,24260,200000,0.6702027736339025,0.1213,0,388,0.82,0,0,0.55,1,0,0
USR9571,23,3,41128,161,36371,200000,0.8843367049212215,0.181855,19,324,0.0,0,0,0.75,0,1,0
USR6561,28,4,25411,159,44914,100000,1.767502262799575,0.44914,3,185,0.13,1,0,0.45,2,0,0
USR6075,55,3,6614,193,9400,300000,1.4212276988206833,0.03133333333333333,9,541,0.13,0,0,0.28,0,0,0
USR4823,39,2,42379,194,27462,300000,0.6480096274098021,0.09154,9,39,0.69,0,0,0.84,0,0,0
USR3469,41,1,23179,28,8315,500000,0.3587298848095259,0.01663,7,657,0.13,1,0,0.9,0,1,0
USR3469,35,2,24278,261,11240,500000,0.46297059065820906,0.02248,0,637,0.51,0,0,0.22,0,0,0
USR2164,42,2,35364,220,68340,500000,1.9324737020699017,0.13668,3,266,0.72,3,0,0.54,0,1,1
USR4033,48,2,13490,158,3782,100000,0.28035581912527796,0.03782,1,339,0.34,0,0,0.71,2,0,0
USR9997,26,3,54826,253,40286,200000,0.734797358917302,0.20143,17,631,0.59,2,0,0.42,0,0,0
USR6210,64,1,44724,240,44624,300000,0.997764064037206,0.14874666666666667,6,193,0.88,1,0,0.11,2,0,0
USR3855,58,1,24439,221,25919,500000,1.0605589426735955,0.051838,1,629,0.48,0,1,0.71,0,0,0
USR9477,38,1,58865,48,38441,300000,0.6530366091905206,0.12813666666666668,11,257,0.59,0,1,0.98,0,0,0
USR1336,57,2,46947,341,41308,300000,0.8798858287004494,0.13769333333333333,4,276,0.87,0,0,0.41,0,0,0
USR4914,49,1,14999,309,22104,300000,1.4736982465497699,0.07368,11,77,0.52,0,0,0.21,0,0,0
USR3327,59,2,33888,97,44788,200000,1.3216477809254012,0.22394,4,561,0.6,3,0,0.66,0,0,0
USR6265,44,2,35117,314,69213,300000,1.9709257624512344,0.23071,9,249,0.04,1,0,0.95,0,0,0
USR7855,37,1,48361,192,65049,300000,1.3450714418643122,0.21683,13,522,0.55,2,0,0.92,0,1,0
USR1546,69,0,21406,11,42324,200000,1.9772026534616463,0.21162,3,637,0.23,0,0,0.48,2,0,0
USR9776,34,4,10259,127,9332,300000,0.9096403158202554,0.031106666666666668,3,127,0.98,1,0,0.64,2,1,0
USR3224,24,2,35420,47,35719,100000,1.0084415584415585,0.35719,13,393,0.75,1,0,0.97,0,1,0
USR3651,29,3,47413,206,17059,100000,0.3597958365849029,0.17059,3,360,0.99,2,0,0.59,1,0,0
USR8309,44,3,7028,244,2174,200000,0.3093340922026181,0.01087,8,335,0.4,2,0,0.84,0,0,0
USR7244,33,2,42246,82,71420,300000,1.6905742555508214,0.23806666666666668,4,8,0.43,0,0,0.63,1,0,0
USR5736,52,2,23117,207,14092,500000,0.6095946705887442,0.028184,3,426,0.61,1,0,0.71,2,1,0
USR1715,58,3,20523,111,15245,500000,0.742825123032695,0.03049,3,417,0.8,2,0,0.7,0,0,0
USR4845,46,3,24582,17,7280,500000,0.2961516556830201,0.01456,3,356,0.67,2,1,0.4,0,0,0
USR9148,44,1,12918,39,1000,500000,0.07741136398823348,0.002,4,5,0.17,0,0,0.22,1,0,0
USR9680,63,2,47306,138,68363,200000,1.4451232401809495,0.341815,2,470,0.04,0,0,0.99,2,0,0
USR4830,57,1,20144,355,15699,300000,0.7793387609213661,0.05233,9,186,0.77,2,0,0.16,1,0,0
USR7910,49,2,23680,263,13474,100000,0.5690033783783783,0.13474,15,174,0.15,1,0,0.52,0,1,0
USR2096,65,1,35862,192,81041,500000,2.259801461156656,0.162082,3,178,0.22,0,0,0.87,2,0,0
USR3073,22,2,35224,320,87766,100000,2.4916534181240064,0.87766,4,385,0.07,1,0,0.05,1,0,0
USR5732,60,1,32210,323,23447,200000,0.7279416330332195,0.117235,4,357,0.84,0,0,1.0,0,0,0
USR7145,54,3,9959,83,16746,100000,1.6814941259162566,0.16746,5,174,0.12,0,1,0.71,0,0,0
USR3545,65,0,15152,206,7911,100000,0.5221092925026399,0.07911,13,344,0.1,1,0,0.32,1,0,0
USR3336,56,2,53560,127,1000,300000,0.018670649738610903,0.0033333333333333335,1,426,0.53,1,1,0.37,1,0,0
USR1913,69,1,9951,184,15177,500000,1.5251733494121194,0.030354,15,279,0.45,2,0,0.82,2,0,0
USR9287,23,1,48899,240,52210,500000,1.0677109961348903,0.10442,9,639,0.56,2,0,0.92,2,0,0
USR2178,32,1,57638,128,104180,200000,1.8074881154793712,0.5209,0,679,0.05,1,0,0.09,2,0,0
USR6779,39,3,15391,267,13753,200000,0.8935741667208109,0.068765,2,252,0.08,0,0,0.22,0,0,0
USR6402,19,0,59390,289,59361,200000,0.9995117023067857,0.296805,7,491,0.43,3,0,0.83,2,1,0
USR2628,28,4,8212,178,7969,300000,0.9704091573307355,0.026563333333333335,10,586,0.31,1,0,0.97,0,0,0
USR7119,45,1,46822,298,36507,500000,0.779697578061595,0.073014,13,76,0.07,1,0,0.78,0,0,0
USR2654,44,6,10526,21,6842,500000,0.6500095002850086,0.013684,17,484,0.9,0,1,0.94,2,0,0
USR4473,27,2,6077,123,4057,500000,0.667599144314629,0.008114,8,696,0.21,0,0,0.96,0,0,0
USR2005,70,1,20681,266,12912,300000,0.6243411827281079,0.04304,13,157,0.98,0,0,0.65,0,1,0
USR4842,58,1,57135,222,9559,100000,0.1673055045068697,0.09559,10,631,0.49,1,0,0.4,1,0,0
USR9178,66,4,6756,43,1393,200000,0.2061870929544109,0.006965,10,31,0.48,1,0,0.32,1,0,0
USR7020,49,2,46511,287,71084,100000,1.5283266324095375,0.71084,14,240,0.77,0,0,0.17,0,0,0
USR2687,35,0,38129,3,30409,500000,0.7975294395342128,0.060818,12,685,0.25,2,0,0.41,1,0,0
USR8437,38,4,6927,177,6622,300000,0.9559693951205428,0.022073333333333334,0,201,0.16,0,0,0.13,2,0,0
USR5259,35,5,47025,5,99760,500000,2.121424774056353,0.19952,2,291,0.43,1,1,0.84,0,0,0
USR2095,34,4,46466,120,54070,500000,1.1636465372530453,0.10814,6,144,0.75,0,0,0.5,1,0,0
USR7677,19,1,21413,278,40472,500000,1.890066781861486,0.080944,4,494,0.6,0,0,0.7,0,0,0
USR6725,44,2,22500,235,9301,100000,0.4133777777777778,0.09301,6,528,0.14,0,0,0.38,1,0,0
USR4039,54,3,36890,91,35710,300000,0.9680130116562754,0.11903333333333334,11,401,0.81,1,1,0.58,1,0,0
USR6146,22,4,16611,71,13944,100000,0.8394437420986094,0.13944,2,626,0.5,0,0,0.05,0,0,0
USR5306,48,2,52737,163,77363,100000,1.4669586817604339,0.77363,5,403,0.74,1,0,0.46,0,0,0
USR4742,21,2,25943,247,35313,300000,1.3611764252399492,0.11771,2,366,0.82,1,1,0.5,0,0,0
USR6599,39,3,30809,306,1629,500000,0.0528741601480087,0.003258,15,432,0.26,0,0,0.33,0,0,0
USR2545,68,2,32108,228,22660,300000,0.7057431169801919,0.07553333333333333,6,445,0.72,3,0,0.37,0,0,0
USR9511,30,2,47256,289,49434,200000,1.0460893854748603,0.24717,14,22,0.89,2,0,0.44,2,1,0
USR3033,32,1,59665,59,33654,500000,0.5640492751194167,0.067308,19,356,0.88,1,1,0.33,1,0,0
USR9451,68,2,11648,47,10267,100000,0.8814388736263736,0.10267,11,550,0.56,0,0,0.86,2,0,0
USR7675,36,0,55178,152,32050,300000,0.5808474391967813,0.10683333333333334,2,237,0.84,0,1,0.13,0,0,0
USR5916,20,3,5859,196,8067,300000,1.3768561187916026,0.02689,18,11,0.67,0,1,0.72,2,0,0
USR8410,22,3,11857,236,17435,200000,1.4704394028843721,0.087175,8,166,0.53,0,1,0.94,0,0,0
USR2753,68,1,28318,275,31036,300000,1.0959813546154389,0.10345333333333333,4,223,0.82,1,0,0.61,1,0,0
USR3944,49,2,20364,244,21154,500000,1.0387939501080339,0.042308,22,683,0.51,0,0,0.41,2,0,0
USR6374,41,3,45336,72,48260,100000,1.0644962061055232,0.4826,9,567,0.6,2,0,0.01,0,0,0
USR8792,39,1,12659,9,2896,200000,0.22877004502725334,0.01448,1,79,0.71,0,0,0.96,1,0,0
USR7321,19,2,45797,73,65023,300000,1.4198091578050964,0.21674333333333334,12,588,0.19,0,1,0.04,1,0,0
USR4723,67,3,43144,337,39087,100000,0.9059660671240497,0.39087,5,661,0.72,2,0,0.2,0,1,0
USR7699,43,2,29628,66,35000,500000,1.1813149723234777,0.07,10,261,0.54,0,0,0.78,2,1,0
USR6863,65,2,38543,117,19837,300000,0.5146719248631398,0.06612333333333334,2,146,0.22,0,0,0.76,0,1,0
USR9284,19,2,47366,65,57431,300000,1.212494194147701,0.19143666666666667,3,307,0.56,0,0,0.46,2,1,0
USR2995,21,1,39726,172,13776,300000,0.34677541156924935,0.04592,0,120,0.31,0,0,0.97,2,0,0
USR8623,60,3,15860,284,24639,200000,1.553530895334174,0.123195,1,683,0.16,3,1,0.82,0,1,0
USR8474,64,2,11879,46,7815,500000,0.6578836602407611,0.01563,2,618,0.96,0,0,0.11,0,0,0
USR6877,61,2,53658,30,76716,200000,1.4297215699429722,0.38358,12,104,0.65,2,0,0.12,2,0,0
USR3207,21,3,8032,108,13360,100000,1.6633466135458168,0.1336,12,385,0.84,1,0,0.47,0,1,0
USR7604,32,3,47949,5,13969,300000,0.2913303718534276,0.04656333333333333,12,156,0.46,1,1,0.02,0,1,0
USR1832,30,2,12325,4,14559,100000,1.1812576064908722,0.14559,16,8,0.34,0,1,0.3,0,0,0
USR9307,34,0,22004,36,22009,300000,1.0002272314124705,0.07336333333333334,10,78,0.87,1,0,0.9,0,0,0
USR5632,54,1,32579,265,56143,200000,1.7232880076122656,0.280715,5,68,0.62,1,0,0.09,2,0,0
USR4477,59,1,52875,137,34761,300000,0.6574184397163121,0.11587,9,510,0.29,3,0,0.35,0,1,0
USR2193,32,5,8454,64,7011,200000,0.8293115684882896,0.035055,0,302,0.92,3,1,0.06,0,1,0
USR6767,69,3,22939,309,7423,200000,0.32359736692968305,0.037115,10,565,0.56,0,1,0.53,2,0,0
USR3523,56,5,58115,145,57618,500000,0.991447991052224,0.115236,7,359,0.67,0,0,0.5,0,0,0
USR6299,53,0,14534,176,11506,200000,0.7916609329847255,0.05753,3,660,0.18,0,0,0.69,2,0,0
USR8801,66,1,55332,101,45592,200000,0.8239716619677583,0.22796,3,470,0.05,0,0,0.71,1,0,0
USR3399,67,3,52385,230,89135,200000,1.7015366994368617,0.445675,7,384,0.78,1,0,0.34,1,0,0
USR5291,60,3,57360,250,1000,500000,0.017433751743375175,0.002,8,484,0.17,1,0,0.84,0,0,0
USR2256,28,1,7060,104,9623,300000,1.363031161473088,0.03207666666666667,20,426,0.14,1,1,0.35,1,1,0
USR2568,44,0,37068,65,28423,200000,0.7667799719434553,0.142115,2,333,0.8,1,1,0.84,2,0,0
USR3879,55,2,23214,281,25176,200000,1.0845179632980098,0.12588,17,393,0.74,0,1,0.51,0,0,0
USR7878,21,0,14559,226,1000,500000,0.068686036128855,0.002,2,396,0.55,2,0,0.27,1,1,0
USR9210,19,2,30169,252,34811,200000,1.1538665517584275,0.174055,13,594,0.48,1,0,0.86,0,1,0
USR3945,33,1,56119,81,43464,200000,0.7744970509096741,0.21732,9,334,0.28,1,0,0.83,2,0,0
USR4377,43,6,35873,112,22309,100000,0.6218883282691718,0.22309,2,607,0.8,0,1,0.04,2,0,0
USR4819,32,2,28042,166,36178,200000,1.290136224235076,0.18089,16,89,0.81,0,0,0.22,0,0,0
USR1935,29,1,34266,106,43644,200000,1.2736823673612327,0.21822,0,347,0.88,0,0,0.3,0,0,0
USR1425,30,2,8920,126,10059,100000,1.1276905829596413,0.10059,9,373,0.89,0,1,0.63,0,0,0
USR3942,52,2,43454,339,32611,300000,0.7504717632438901,0.10870333333333333,3,57,0.35,0,0,0.12,0,1,0
USR9084,56,2,44843,141,52893,200000,1.1795151974667173,0.264465,4,556,0.68,1,0,0.55,2,0,0
USR4716,67,3,21213,55,34929,500000,1.6465846414934238,0.069858,25,575,0.73,1,0,0.33,0,0,0
USR7922,49,0,44279,286,16193,300000,0.3657038325165428,0.053976666666666666,10,23,0.03,0,1,0.32,1,1,0
USR3031,39,0,28349,357,45566,500000,1.6073230096299693,0.091132,7,383,0.37,0,0,0.49,0,0,0
USR1177,28,2,7378,340,11793,200000,1.5984006505828137,0.058965,3,112,0.46,0,0,0.57,0,1,0
USR2379,48,3,8550,187,18243,500000,2.1336842105263156,0.036486,0,625,0.51,3,0,0.18,2,0,0
USR6350,59,3,22025,318,32913,500000,1.4943473325766174,0.065826,2,493,0.06,1,0,0.2,0,0,0
USR9048,27,3,48314,344,63502,500000,1.3143602268493604,0.127004,10,412,0.45,2,0,0.03,2,0,0
USR6789,22,0,34331,45,28968,500000,0.843785499985436,0.057936,4,72,0.93,1,0,0.64,0,0,0
USR2967,50,2,36101,329,22340,200000,0.6188194232846735,0.1117,4,422,0.73,1,0,0.45,2,0,0
USR1086,57,1,40450,266,33291,100000,0.8230160692212608,0.33291,4,397,0.64,1,1,0.22,0,1,0
USR9926,28,3,11159,198,13403,500000,1.201093287929026,0.026806,6,45,0.47,0,0,0.47,1,1,0
USR5516,29,0,28952,145,32354,500000,1.117504835589942,0.064708,4,623,0.45,1,0,0.94,2,1,0
USR4512,39,0,10580,325,2265,200000,0.21408317580340264,0.011325,10,661,0.4,2,0,0.68,1,0,0
USR4816,36,4,12312,34,10133,300000,0.8230181936322287,0.03377666666666667,17,662,0.19,1,0,0.63,2,1,0
USR1703,46,4,31668,248,1000,500000,0.03157761778451434,0.002,5,539,0.11,0,0,0.29,0,0,0
USR2029,59,0,32232,189,39445,500000,1.223783817324398,0.07889,1,669,0.9,1,0,0.26,0,1,0
USR9345,49,0,13723,328,7740,500000,0.5640166144429061,0.01548,11,49,1.0,0,0,0.57,1,1,0
USR7941,51,1,11134,329,24337,500000,2.1858271959762887,0.048674,0,522,0.17,1,0,0.85,1,0,0
USR1250,45,5,14285,138,6472,100000,0.45306265313265665,0.06472,19,384,0.02,3,0,0.74,2,0,0
USR2559,26,2,41337,291,23871,200000,0.5774729661078453,0.119355,0,543,0.56,1,1,0.34,0,0,0
USR3833,30,3,59504,286,74326,300000,1.2490924979833289,0.24775333333333333,7,382,0.86,0,0,0.99,1,1,0
USR9208,36,2,55893,223,12264,300000,0.21941924749074124,0.04088,9,522,0.27,3,0,0.7,0,1,0
USR2945,52,1,54223,223,42251,500000,0.7792080851299265,0.084502,2,176,0.89,0,1,0.78,2,1,0
USR2919,18,1,40363,215,70730,500000,1.7523474469192082,0.14146,12,119,0.36,1,0,0.17,1,0,0
USR3664,35,5,45462,128,46773,500000,1.0288372706876072,0.093546,15,240,0.58,0,0,0.21,2,0,0
USR1949,53,0,44075,160,25496,500000,0.5784685195689167,0.050992,13,468,0.68,0,0,0.72,1,1,0
USR6758,42,3,37562,104,58436,100000,1.555721207603429,0.58436,12,277,0.12,0,0,0.86,1,0,0
USR1898,31,1,53102,10,34998,100000,0.659071221422922,0.34998,6,437,0.88,3,0,0.92,0,0,0
USR1659,54,3,40854,280,17270,500000,0.4227248249865374,0.03454,0,561,0.07,1,0,0.92,0,1,0
USR3379,32,4,41308,152,1000,100000,0.02420838578483587,0.01,0,131,0.18,1,0,0.46,2,0,0
USR7015,69,5,44832,40,18451,300000,0.41155870806566736,0.06150333333333333,9,314,0.5,0,0,0.93,0,0,0
USR6601,48,3,49493,316,41639,200000,0.8413108924494372,0.208195,3,276,0.14,1,0,0.24,1,0,0
USR6855,48,3,27865,307,36788,200000,1.3202225013457742,0.18394,5,595,0.41,3,1,0.11,2,0,0
USR3117,49,3,18211,35,42012,500000,2.306957333479765,0.084024,5,632,0.37,2,0,0.26,0,0,0
USR4521,35,2,34547,76,70949,200000,2.0536949662778246,0.354745,3,301,0.82,0,0,0.44,1,0,0
USR8299,49,3,39574,81,36046,500000,0.9108505584474655,0.072092,3,341,0.76,1,0,0.7,1,0,0
USR3045,44,3,28930,202,24795,300000,0.8570687867265814,0.08265,6,647,0.88,0,0,0.65,0,0,0
USR8880,28,0,43112,78,18985,200000,0.44036463165707923,0.094925,15,502,0.49,0,0,0.71,2,0,0
USR9990,40,4,48217,102,22829,100000,0.47346371611672233,0.22829,6,613,0.05,0,0,0.04,1,0,0
USR3179,33,3,45927,326,35442,100000,0.771702919851068,0.35442,2,244,0.71,0,0,0.56,1,0,0
USR5844,48,3,46720,223,105522,300000,2.2586044520547945,0.35174,5,261,0.82,3,0,0.8,0,0,1
USR5827,24,4,44389,248,38055,500000,0.8573069904706121,0.07611,0,162,0.58,0,1,0.1,1,0,0
USR1969,39,2,28906,107,33220,200000,1.1492423718259186,0.1661,1,568,0.18,3,0,0.85,0,0,0
USR1636,70,1,23209,131,32094,200000,1.3828256279891422,0.16047,10,107,0.73,3,0,0.85,1,0,0
USR7849,38,4,38864,102,52477,300000,1.3502727459860024,0.17492333333333332,0,148,0.29,2,0,0.68,0,0,0
USR6025,41,1,15210,170,1000,200000,0.06574621959237344,0.005,3,657,0.07,2,0,0.39,1,0,0
USR1402,59,1,11461,110,2437,100000,0.2126341505976791,0.02437,2,315,0.19,0,0,0.0,0,0,0
USR9457,22,3,28521,218,35154,300000,1.2325654780687914,0.11718,2,462,0.86,1,1,0.58,0,1,0
USR6499,41,0,53381,22,41653,300000,0.7802963601281355,0.13884333333333335,7,525,0.68,3,0,0.11,1,0,0
USR7886,28,1,24065,125,31207,200000,1.2967795553708705,0.156035,0,678,0.58,1,1,0.09,0,0,0
USR6794,37,1,48807,194,14705,200000,0.30128874956461166,0.073525,12,282,0.86,1,0,0.59,0,0,0
USR3556,51,5,54625,337,19799,300000,0.36245308924485126,0.06599666666666666,1,154,0.66,0,0,0.91,2,0,0
USR7479,23,2,41111,297,57713,500000,1.4038335238743889,0.115426,4,261,0.54,0,0,0.26,2,1,0
USR1004,32,3,7667,42,11820,100000,1.5416721012129908,0.1182,3,456,0.84,0,0,0.46,0,0,0
USR8748,48,3,9341,47,2247,300000,0.24055240338293546,0.00749,7,259,0.14,0,0,0.45,0,1,0
USR2236,31,4,6100,18,12578,500000,2.061967213114754,0.025156,7,223,0.48,1,0,0.48,1,0,0
USR5530,27,0,18862,209,18964,200000,1.0054076980171773,0.09482,4,379,0.42,2,0,0.86,0,0,0
USR7880,45,2,22242,22,31974,200000,1.4375505799838144,0.15987,27,17,0.18,0,0,0.69,2,1,0
USR2750,59,2,24692,350,35708,500000,1.4461364004535882,0.071416,6,83,0.93,0,0,0.06,2,0,0
USR8108,52,4,6653,188,5760,300000,0.8657748384187585,0.0192,10,235,0.88,0,0,0.73,0,0,0
USR8371,37,0,37631,359,1000,200000,0.026573835401663522,0.005,1,64,0.53,2,0,0.39,0,0,0
USR6305,57,2,28247,69,19175,300000,0.6788331504230538,0.06391666666666666,8,428,0.62,0,0,0.58,0,1,0
USR7169,65,1,52431,208,50615,100000,0.9653640022124316,0.50615,1,374,0.81,0,1,0.76,0,0,0
USR9883,24,0,10242,30,5189,500000,0.5066393282562,0.010378,7,402,0.09,3,0,0.94,0,0,0
USR4301,32,0,34534,273,55515,200000,1.6075461863670586,0.277575,6,363,0.54,0,0,0.84,0,0,0
USR8234,64,1,44428,100,52251,300000,1.176082650580715,0.17417,10,260,0.05,3,0,0.55,1,0,0
USR1158,31,3,42511,358,69021,500000,1.623603302674602,0.138042,11,230,0.03,3,0,0.59,0,0,0
USR8164,63,2,28139,296,48625,100000,1.7280287145954014,0.48625,2,126,0.68,0,0,0.63,0,1,0
USR8409,62,2,33068,41,41742,200000,1.262307971452764,0.20871,8,349,0.3,0,0,0.38,0,0,0
USR9185,53,4,28358,304,31522,300000,1.1115734536991326,0.10507333333333334,5,531,0.55,0,0,0.56,1,0,0
USR6462,65,3,19237,54,18321,500000,0.9523834277694028,0.036642,5,489,0.46,1,0,0.74,0,0,0
USR9780,70,4,59396,144,90876,300000,1.53000202033807,0.30292,1,261,0.54,3,0,0.34,0,0,0
USR1863,59,1,6798,323,11506,500000,1.692556634304207,0.023012,12,361,0.67,0,0,0.96,0,0,0
USR1843,33,2,42835,152,47035,100000,1.0980506595074122,0.47035,7,531,0.68,0,0,0.75,2,0,0
USR2470,33,1,16441,35,23783,300000,1.446566510552886,0.07927666666666666,8,62,0.32,0,0,0.85,1,0,0
USR3297,44,5,17348,109,15849,200000,0.9135923449388978,0.079245,6,618,0.36,0,0,0.34,0,1,0
USR5585,43,2,18204,343,35171,500000,1.9320479015600966,0.070342,9,394,0.8,2,0,0.25,0,0,0
USR5939,26,3,55520,113,38367,300000,0.6910482708933717,0.12789,17,513,0.62,0,0,0.05,2,1,0
USR9161,35,4,56808,131,46442,200000,0.8175257006055485,0.23221,1,471,0.09,1,0,0.17,0,0,0
USR4444,23,0,28580,46,36496,500000,1.2769769069279215,0.072992,9,17,0.9,1,0,0.75,2,0,0
USR7116,29,2,11282,147,17610,200000,1.56089345860663,0.08805,2,369,0.47,1,0,0.03,0,1,0
USR5357,22,1,22052,190,25919,300000,1.1753582441501904,0.08639666666666666,5,667,0.95,1,0,0.08,1,1,0
USR9835,67,2,30688,268,31989,500000,1.0423944212721585,0.063978,13,553,0.08,1,0,0.19,1,0,0
USR5737,40,5,20833,144,3432,500000,0.16473863581817308,0.006864,10,478,0.03,3,0,0.83,0,0,0
USR9544,24,1,33005,279,39444,500000,1.1950916527798818,0.078888,7,336,0.25,1,0,0.54,0,0,0
USR9577,65,2,42304,105,23817,200000,0.5629964069591528,0.119085,8,8,0.4,3,0,0.55,0,0,0
USR1845,51,7,29794,179,42456,200000,1.424984896287843,0.21228,32,10,0.03,1,0,0.12,2,0,0
USR7305,53,6,32042,232,57416,200000,1.7918981336995194,0.28708,1,492,0.28,3,0,0.77,0,0,0
USR4652,68,0,45531,238,95064,500000,2.087896158661132,0.190128,11,185,0.79,0,0,0.16,2,0,0
USR3631,21,8,13298,236,14087,100000,1.059332230410588,0.14087,10,10,0.29,3,0,0.56,0,0,0
USR2824,47,1,16436,179,9673,100000,0.5885251886103675,0.09673,7,226,0.73,1,0,0.5,0,0,0
USR7122,57,0,19132,185,12805,200000,0.6692975120217437,0.064025,9,447,0.61,0,0,0.02,0,0,0
USR7469,45,1,33779,185,24810,100000,0.7344800023683353,0.2481,0,28,0.88,0,1,0.14,1,1,0
USR3724,70,2,45850,213,90343,200000,1.9704034896401308,0.451715,7,241,0.77,1,0,0.01,0,0,0
USR4374,48,0,58971,285,73831,500000,1.2519882654185956,0.147662,8,693,0.14,0,0,0.81,0,0,0
USR6165,44,4,48341,274,72957,100000,1.509215779566,0.72957,18,466,0.6,1,0,0.82,0,0,0
USR3755,68,3,22157,192,2022,200000,0.09125784176558198,0.01011,8,137,0.14,0,1,0.77,0,0,0
USR8834,67,2,58103,278,33325,100000,0.573550419083352,0.33325,7,234,0.43,1,0,0.36,2,1,0
USR7691,43,1,13143,172,7418,500000,0.5644069086205584,0.014836,6,56,0.43,1,0,0.43,2,0,0
USR4618,29,2,12250,19,14658,300000,1.1965714285714286,0.04886,2,72,0.37,3,0,0.63,0,0,0
USR4810,37,1,8380,335,1000,300000,0.11933174224343675,0.0033333333333333335,4,699,0.16,2,0,0.67,0,1,0
USR3176,23,3,13555,103,10619,200000,0.783400959055699,0.053095,0,676,0.3,0,1,0.86,2,0,0
USR4310,44,2,58495,35,52902,200000,0.9043849901701,0.26451,1,567,0.01,0,0,0.18,1,0,0
USR1785,48,1,28964,158,18593,200000,0.6419348156331999,0.092965,5,587,0.46,0,1,0.3,1,0,0
USR8589,23,4,43968,143,35026,300000,0.7966248180494906,0.11675333333333333,0,340,0.27,0,0,0.82,0,0,0
USR5525,70,1,50793,309,55894,100000,1.1004272242238105,0.55894,14,107,0.52,2,0,0.7,0,1,0
USR7781,35,1,50437,269,80426,100000,1.5945833415944644,0.80426,3,134,0.66,1,0,0.68,1,1,0
USR3469,41,6,5527,209,5119,200000,0.9261805681201375,0.025595,17,606,0.41,0,0,0.34,2,1,0
USR5709,54,5,32575,60,30346,100000,0.9315732924021489,0.30346,0,667,0.71,1,1,0.58,1,0,0
USR4707,39,2,43997,97,66305,300000,1.5070345705389003,0.22101666666666667,7,369,0.53,0,0,0.82,1,1,0
USR1698,51,1,30455,286,22214,500000,0.7294040387456904,0.044428,3,603,0.14,1,1,0.8,0,1,0
USR2510,64,3,30445,213,32527,100000,1.0683856134012153,0.32527,5,652,0.78,0,1,0.6,2,0,0
USR3957,26,5,8771,219,8210,100000,0.9360392201573366,0.0821,4,194,0.33,1,0,0.36,2,0,0
USR8135,34,1,11758,294,13404,200000,1.1399897941826842,0.06702,3,427,0.85,0,0,0.79,0,0,0
USR6985,46,2,59727,317,73324,300000,1.2276524854755806,0.24441333333333334,2,285,0.26,0,1,0.44,2,0,0
USR4895,67,2,39671,263,24712,100000,0.6229235461672255,0.24712,14,289,0.53,2,0,0.06,0,0,0
USR6231,65,2,18956,53,21263,100000,1.1217028909052542,0.21263,1,414,0.03,3,0,0.85,1,0,0
USR3490,57,2,57775,326,46878,500000,0.8113890090869753,0.093756,5,98,0.54,3,1,0.84,0,1,0
USR3916,63,0,42939,47,71070,200000,1.6551386851114371,0.35535,10,18,0.78,3,0,0.4,1,0,0
USR1624,39,2,8755,311,6600,100000,0.7538549400342661,0.066,8,408,0.39,3,0,0.7,2,1,0
USR4847,28,2,26996,265,41577,500000,1.5401170543784264,0.083154,3,42,0.15,0,0,0.12,0,0,0
USR3876,42,0,19554,38,18001,500000,0.9205789096859978,0.036002,3,258,0.33,0,0,0.15,0,0,0
USR6083,45,4,37094,10,16009,300000,0.43157923114250285,0.05336333333333333,25,470,0.36,3,0,0.74,2,1,1
USR9446,36,0,33162,337,26078,200000,0.7863820034979796,0.13039,9,103,0.26,0,1,0.66,0,1,0
USR5575,25,2,54945,191,86489,300000,1.574101374101374,0.28829666666666665,3,636,0.16,1,0,0.41,2,0,0
USR7587,63,2,40594,11,57161,100000,1.4081144996797557,0.57161,3,137,0.47,3,0,0.16,0,0,0
USR1222,64,8,58000,150,51821,200000,0.8934655172413793,0.259105,1,97,0.09,2,0,0.36,1,0,0
USR3317,53,2,50482,83,34335,100000,0.6801434174557268,0.34335,2,43,0.32,2,0,0.81,1,0,0
USR7515,40,0,43594,273,75367,300000,1.7288388310317935,0.25122333333333335,1,265,0.88,0,0,0.89,1,1,0
USR9179,65,1,12554,218,1000,300000,0.07965588657001753,0.0033333333333333335,2,87,0.94,3,0,0.19,2,1,0
USR5662,50,4,58663,307,101174,500000,1.7246646097199256,0.202348,6,613,0.77,3,0,0.54,0,0,0
USR6947,64,2,45133,40,16471,100000,0.3649436111049565,0.16471,7,555,0.52,1,0,0.25,2,1,0
USR2107,55,2,14247,42,22158,100000,1.5552747946936196,0.22158,17,469,0.85,3,0,0.94,1,1,0
USR7153,51,3,55637,364,131561,100000,2.364631450293869,1.31561,5,211,0.92,0,0,0.51,0,1,1
USR6956,70,4,6435,59,1000,300000,0.1554001554001554,0.0033333333333333335,1,385,0.55,1,0,0.35,0,1,0
USR2383,28,1,10315,160,1000,200000,0.09694619486185167,0.005,1,165,0.41,3,0,0.9,0,1,0
USR2820,50,2,5607,191,1902,500000,0.3392188336008561,0.003804,4,39,0.65,0,0,0.46,0,1,0
USR8439,58,1,46447,143,75302,500000,1.6212457209292312,0.150604,5,544,0.44,3,0,0.37,1,1,0
USR2172,35,3,46390,108,70267,200000,1.5147014442767839,0.351335,20,50,0.83,1,0,0.3,1,0,0
USR2834,38,1,27649,97,32643,200000,1.1806213606278708,0.163215,1,325,0.0,1,0,0.44,2,1,0
USR3294,62,3,57884,163,1000,500000,0.017275931172690207,0.002,10,523,0.32,2,0,0.65,1,0,0
USR3015,65,2,13817,36,18870,300000,1.3657089093146124,0.0629,8,237,0.84,0,1,0.78,1,0,0
USR1456,52,0,13491,155,5366,100000,0.3977466459120895,0.05366,7,104,0.64,0,1,0.01,1,0,0
USR9789,32,0,41011,301,4961,100000,0.12096754529272634,0.04961,2,252,0.52,1,1,0.04,0,0,0
USR5080,53,1,48425,200,14442,500000,0.29823438306659783,0.028884,12,691,0.63,0,0,0.96,0,0,0
USR5399,23,3,13017,180,1000,200000,0.07682261657832065,0.005,5,155,0.43,0,0,0.03,1,0,0
USR3132,24,2,34791,186,31192,100000,0.8965537064183265,0.31192,2,135,0.26,0,0,0.68,2,0,0
USR2601,18,2,16713,207,26908,300000,1.6100041883563694,0.08969333333333333,4,112,0.82,1,0,0.87,0,0,0
USR1625,59,0,22413,13,21020,100000,0.937848570026324,0.2102,7,528,0.32,0,0,0.01,0,0,0
USR8252,23,1,17610,268,17108,500000,0.9714934696195343,0.034216,14,60,0.69,3,0,0.42,0,1,0
USR7158,27,5,57954,361,44722,100000,0.7716809883700866,0.44722,15,478,0.04,1,0,0.35,1,0,0
USR4026,19,1,39677,310,61108,500000,1.5401366030697885,0.122216,9,123,0.62,2,0,0.91,1,1,0
USR4697,19,2,56422,310,85721,300000,1.5192832583034985,0.2857366666666667,16,208,0.23,0,0,0.83,1,1,0
USR8452,60,2,44299,289,63106,200000,1.4245468294995371,0.31553,5,179,0.28,2,0,0.5,0,0,0
USR7644,47,3,56081,248,35264,200000,0.628804764537009,0.17632,0,390,0.73,1,0,0.29,0,0,0
USR3745,59,3,58654,108,32246,500000,0.5497664268421592,0.064492,18,657,0.1,0,1,0.44,1,1,0
USR4644,26,1,43255,296,29609,500000,0.684522020575656,0.059218,13,119,0.3,1,0,0.49,2,0,0
USR2751,22,5,45898,255,46015,100000,1.0025491306810754,0.46015,5,468,0.83,1,0,0.61,0,0,0
USR1366,60,1,31095,139,23880,100000,0.7679691268692715,0.2388,21,473,0.59,0,1,0.85,0,0,0
USR6525,66,2,40332,276,43999,300000,1.0909203610036695,0.14666333333333334,9,427,0.5,0,0,0.47,1,0,0
USR2058,60,1,40635,177,13587,300000,0.3343669250645995,0.04529,7,129,0.19,0,1,0.77,0,1,0
USR6854,44,2,34509,343,41476,200000,1.2018893621953692,0.20738,7,263,0.33,1,0,0.17,0,1,0
USR3762,64,2,40864,61,49151,500000,1.2027946358653092,0.098302,8,125,0.88,0,0,0.04,0,0,0
USR4860,35,3,13337,25,10661,300000,0.7993551773262353,0.03553666666666667,6,278,0.49,0,0,0.43,2,0,0
USR6907,36,3,35505,330,60238,100000,1.6966061118152373,0.60238,14,49,0.2,2,0,0.96,0,0,0
USR7537,54,4,31347,60,36304,500000,1.1581331546878488,0.072608,11,32,0.37,1,1,0.3,2,1,0
USR8219,31,4,31336,235,59392,100000,1.8953280571866225,0.59392,4,285,0.55,1,0,0.43,0,0,0
USR6051,24,3,50927,171,22937,100000,0.4503897735975023,0.22937,14,392,0.75,1,0,0.28,2,1,0
USR1744,69,4,41482,347,45873,500000,1.1058531411214503,0.091746,15,466,0.63,0,0,0.55,0,0,0
USR9369,44,2,10182,292,9342,200000,0.9175014731879788,0.04671,21,401,0.66,0,0,0.86,1,0,0
USR1764,54,3,42096,186,62557,100000,1.486055682250095,0.62557,10,649,0.39,1,0,0.65,0,0,0
USR3890,42,3,13037,228,6148,500000,0.47158088517296926,0.012296,5,33,0.58,2,1,0.37,0,1,0
USR3662,33,3,52381,208,36716,500000,0.7009411809625627,0.073432,1,389,0.5,1,0,0.36,0,0,0
USR5328,39,1,47451,167,62065,200000,1.3079808644707172,0.310325,0,507,0.38,0,1,0.8,1,1,0
USR4338,33,1,51234,124,101008,100000,1.9715032985907797,1.01008,14,124,0.63,0,0,0.57,0,0,0
USR3104,59,3,43306,110,54631,300000,1.2615111070059577,0.18210333333333334,5,284,0.1,1,1,0.23,2,1,0
USR5980,61,1,9013,59,12210,500000,1.354709863530456,0.02442,7,497,0.38,1,1,0.4,1,0,0
USR9216,51,2,14858,262,16952,300000,1.140934176874411,0.05650666666666666,1,57,0.11,3,0,0.53,0,0,0
USR2229,65,2,31451,6,18389,500000,0.5846872913420877,0.036778,8,418,0.82,2,0,0.41,2,0,0
USR2909,41,3,33244,320,37997,300000,1.1429731680904824,0.12665666666666667,23,18,0.24,0,0,0.25,0,0,0
USR8639,23,3,22790,90,8229,200000,0.3610794207985959,0.041145,1,532,0.19,0,0,0.46,1,0,0
USR1729,60,3,41296,274,24604,300000,0.5957962030220845,0.08201333333333333,17,372,0.32,3,0,0.05,2,0,0
USR2512,40,4,12110,135,19699,300000,1.626672171758877,0.06566333333333334,7,297,0.8,1,0,0.28,2,0,0
USR6532,49,2,50318,190,62053,300000,1.233216741523908,0.20684333333333332,13,602,0.26,0,0,0.17,1,0,0
USR2504,22,1,9231,169,2877,300000,0.311667208319792,0.00959,11,546,0.68,1,0,0.55,1,0,0
USR4785,64,2,40855,77,13251,500000,0.32434218577897445,0.026502,19,134,0.04,2,1,0.43,0,0,0
USR1462,47,3,47005,27,76824,100000,1.6343793213487927,0.76824,2,387,0.51,3,0,0.46,2,0,0
USR2906,48,3,28809,256,38674,300000,1.3424277135617342,0.12891333333333332,8,118,0.92,1,0,0.7,2,0,0
USR9470,49,3,37794,208,11150,500000,0.2950203736042758,0.0223,4,229,0.6,0,0,0.47,2,0,0
USR9416,27,0,17278,2,4514,300000,0.2612570899409654,0.015046666666666667,12,568,0.98,0,0,0.18,2,0,0
USR9300,57,3,47999,228,80027,300000,1.6672639013312778,0.26675666666666664,5,58,0.66,0,0,0.7,0,0,0
USR8833,60,2,13389,273,11067,500000,0.8265740533273582,0.022134,5,542,0.31,0,0,0.71,0,0,0
USR8232,60,3,31301,341,1000,300000,0.031947861090699976,0.0033333333333333335,8,399,0.21,1,0,0.49,2,0,0
USR9692,26,6,27309,14,20784,200000,0.7610677798527958,0.10392,7,478,0.79,1,0,0.55,2,0,0
USR1915,18,3,5545,30,9323,200000,1.6813345356176737,0.046615,0,180,0.65,0,0,0.07,0,0,0
USR7698,37,3,29160,259,33088,500000,1.1347050754458161,0.066176,5,361,0.09,0,0,0.67,0,0,0
USR7862,57,3,31213,127,65741,300000,2.1062057476051645,0.21913666666666667,7,507,0.2,0,1,0.07,2,0,0
USR2498,33,1,23481,132,10659,100000,0.4539414846045739,0.10659,7,119,0.81,0,1,0.81,0,0,0
USR6830,39,1,20142,32,20758,100000,1.0305828616820574,0.20758,9,441,0.29,3,0,0.91,0,1,0
USR6762,33,1,5215,51,8632,200000,1.6552253116011506,0.04316,14,295,0.4,1,0,0.15,2,0,0
USR1832,59,0,24413,196,19626,300000,0.8039159464219883,0.06542,2,555,0.33,1,1,0.29,0,0,0
USR8028,32,0,41587,183,7539,100000,0.18128261235482243,0.07539,14,73,0.85,0,1,0.31,0,0,0
USR2557,32,3,5828,102,8454,200000,1.4505833905284833,0.04227,5,582,0.87,0,0,0.78,1,0,0
USR1135,27,5,31525,300,38390,200000,1.2177636796193496,0.19195,5,196,0.35,2,1,0.45,0,0,0
USR8863,69,5,42807,176,29137,100000,0.6806597051884038,0.29137,4,302,0.96,1,0,0.4,0,0,0
USR6653,34,1,38490,302,13580,100000,0.3528189140036373,0.1358,0,392,0.87,3,0,0.48,0,1,0
USR3216,61,4,45182,194,24560,500000,0.5435793014917445,0.04912,12,648,0.87,0,0,0.34,0,0,0
USR3846,60,2,47359,269,35793,300000,0.7557803163073544,0.11931,7,184,0.41,0,0,0.06,0,0,0
USR2428,62,3,32057,109,1000,500000,0.031194434912811556,0.002,25,501,0.84,1,0,0.3,1,1,0
USR9646,43,2,36531,361,46070,300000,1.2611206920150009,0.15356666666666666,25,49,0.48,1,0,0.37,0,0,0
USR2221,41,2,10924,80,9877,200000,0.9041559868180153,0.049385,11,678,0.09,0,0,0.03,0,0,0
USR5066,51,0,26740,43,21598,300000,0.8077038145100972,0.07199333333333334,2,134,0.58,2,1,0.91,0,1,0
USR1863,36,2,28883,32,24845,200000,0.860194578125541,0.124225,0,580,0.97,2,0,0.19,0,0,0
USR2594,22,2,22106,342,38435,300000,1.7386682348683615,0.12811666666666666,9,20,0.07,0,0,0.21,0,0,0
USR2535,18,3,56029,87,83789,500000,1.495457709400489,0.167578,0,24,0.98,0,0,0.08,1,0,0
USR4539,64,1,52507,5,1000,200000,0.01904507970365856,0.005,10,159,0.65,0,0,0.42,0,0,0
USR8064,31,1,37920,187,32773,200000,0.8642668776371308,0.163865,0,292,0.97,2,1,0.78,0,1,0
USR8166,23,0,23974,4,10578,300000,0.4412279969967465,0.03526,5,469,0.35,0,1,0.36,0,0,0
USR8709,18,1,10906,340,12610,100000,1.1562442692096093,0.1261,6,404,0.25,2,0,0.56,0,0,0
USR6882,59,2,31852,200,25246,500000,0.7926032902172548,0.050492,20,455,0.26,3,1,0.63,0,0,0
USR8067,44,1,36848,104,35558,300000,0.9649913156752062,0.11852666666666667,3,126,0.33,2,0,0.57,2,0,0
USR3817,23,3,35884,78,64096,200000,1.7861999777059414,0.32048,1,234,0.15,0,0,0.4,0,0,0
USR7074,50,0,24821,21,14801,100000,0.5963095765682285,0.14801,1,196,0.64,1,1,0.91,1,0,0
USR1622,43,0,40754,137,17736,200000,0.435196545124405,0.08868,11,409,0.72,3,0,0.01,0,0,0
USR6272,45,3,23224,10,12170,200000,0.5240268687564589,0.06085,5,117,0.39,0,0,0.5,1,0,0
USR6387,59,2,45050,33,58470,500000,1.297891231964484,0.11694,3,59,0.66,0,0,0.2,0,1,0
USR1948,54,3,33122,22,12362,500000,0.3732262544532335,0.024724,1,298,0.88,0,1,0.9,1,0,0
USR2872,67,0,15331,247,7467,200000,0.48705237753571196,0.037335,9,211,0.25,0,0,0.96,2,0,0
USR8767,45,2,21030,44,3836,500000,0.18240608654303375,0.007672,0,256,0.62,0,0,0.16,0,0,0
USR1988,20,3,38355,189,7564,200000,0.19721027245469952,0.03782,1,217,0.66,0,0,0.81,2,1,0
USR2627,60,4,55914,101,67570,500000,1.2084629967450013,0.13514,8,100,0.36,1,0,0.68,1,0,0
USR2706,49,1,51341,90,72826,500000,1.4184764613077268,0.145652,6,395,0.07,0,0,0.58,0,0,0
USR8946,43,3,46358,47,35281,100000,0.7610552655420855,0.35281,16,540,0.92,1,0,0.3,0,1,0
USR1140,33,3,31090,130,63988,300000,2.05815374718559,0.21329333333333333,11,134,0.43,3,0,0.78,0,0,0
USR5475,40,2,29899,193,30455,300000,1.0185959396635338,0.10151666666666667,1,354,0.33,1,1,0.15,0,1,0
USR1956,19,5,45636,145,5464,500000,0.11973003768954334,0.010928,17,180,0.01,0,0,0.09,1,1,0
USR5743,34,2,7644,313,9499,500000,1.2426739926739927,0.018998,11,187,0.55,2,0,0.74,1,0,0
USR4697,55,1,13020,248,10806,100000,0.8299539170506912,0.10806,11,300,0.76,2,0,0.02,2,0,0
USR3607,56,5,23870,307,18516,100000,0.7757017176372015,0.18516,13,312,0.32,0,0,0.18,1,0,0
USR3944,33,1,29765,214,1000,100000,0.033596505963379805,0.01,9,622,0.59,2,0,0.45,0,0,0
USR7608,48,2,16189,8,15522,300000,0.9587991846315399,0.05174,9,493,0.33,0,1,0.62,0,0,0
USR8733,61,2,59660,25,34831,100000,0.5838250083808246,0.34831,10,590,0.35,0,0,0.05,0,0,0
USR3776,29,3,57390,88,44004,200000,0.7667537898588604,0.22002,16,246,0.65,3,0,0.82,0,0,0
USR5660,59,1,36534,178,7146,500000,0.19559862046313023,0.014292,8,436,0.98,0,0,0.02,1,0,0
USR8997,27,1,14273,287,4927,100000,0.34519722553072235,0.04927,13,632,0.64,1,1,0.14,1,0,0
USR4462,31,2,29402,317,32364,200000,1.1007414461601253,0.16182,16,73,0.48,1,0,0.82,0,1,0
USR3221,62,0,37858,102,68539,500000,1.8104231602303344,0.137078,8,607,0.36,1,0,0.55,1,0,0
USR1043,58,2,12172,285,16411,300000,1.3482582977325008,0.05470333333333333,11,37,0.95,1,0,0.64,0,1,0
USR2964,57,1,8003,168,11681,200000,1.4595776583781082,0.058405,4,38,0.93,1,0,0.26,1,0,0
USR2377,35,3,7074,68,9718,300000,1.3737630760531523,0.032393333333333336,16,430,0.59,2,0,0.07,0,0,0
USR4363,31,4,24639,69,12827,500000,0.5205974268436219,0.025654,8,450,0.59,1,0,0.44,1,0,0
USR7071,45,2,19214,10,14594,500000,0.7595503278859165,0.029188,12,315,0.54,1,0,0.95,2,0,0
USR9332,25,3,34263,325,20697,100000,0.6040626915331407,0.20697,10,505,0.68,2,0,0.14,0,0,0
USR8393,33,2,46310,147,27993,300000,0.6044698769164327,0.09331,3,421,0.53,2,0,0.39,1,0,0
USR8907,56,6,16891,25,1000,300000,0.059203125925048845,0.0033333333333333335,0,15,0.69,0,0,0.34,2,1,0
USR2757,32,3,56719,22,27069,200000,0.4772474832066856,0.135345,10,197,0.9,0,0,0.25,0,0,0
USR7998,57,1,5315,250,6679,200000,1.256632173095014,0.033395,1,307,0.49,0,0,0.91,2,0,0
USR3959,45,2,20454,70,31552,300000,1.5425833577784296,0.10517333333333333,1,684,0.33,1,1,0.2,1,0,0
USR6349,33,1,15361,245,23349,500000,1.5200182279799492,0.046698,5,128,0.01,0,0,0.11,1,0,0
USR9607,33,1,9168,364,10676,100000,1.1644851657940662,0.10676,10,461,0.04,0,0,0.84,1,0,0
USR5818,30,0,24579,62,8825,300000,0.35904634037186217,0.029416666666666667,7,604,0.22,1,0,0.41,0,0,0
USR2865,59,2,42374,357,30770,300000,0.7261528295652995,0.10256666666666667,1,614,0.58,0,0,0.13,0,0,0
USR7302,40,3,58510,212,50098,200000,0.8562297043240472,0.25049,3,258,0.35,2,0,0.54,1,0,0
USR5064,38,3,22666,76,14233,500000,0.6279449395570458,0.028466,11,667,0.61,1,0,0.65,1,1,0
USR9422,36,5,7413,61,4515,100000,0.6090651558073654,0.04515,4,624,0.99,1,0,0.89,0,1,0
USR5414,58,0,40760,192,38463,500000,0.9436457311089304,0.076926,3,277,0.01,1,0,0.56,0,0,0
USR5732,30,4,42203,35,34998,500000,0.8292775395114091,0.069996,13,67,0.78,2,0,0.77,2,0,0
USR8277,27,0,48940,276,50532,100000,1.0325296281160605,0.50532,5,191,0.02,1,0,0.83,1,0,0
USR1684,54,3,59770,343,59928,500000,1.0026434666220512,0.119856,7,373,0.82,0,1,0.46,0,0,0
USR9069,42,7,57830,192,1000,500000,0.017292062943109112,0.002,9,389,0.56,3,0,0.72,0,0,0
USR4192,48,1,33725,87,54151,500000,1.6056634544106745,0.108302,5,438,0.41,2,1,0.2,1,0,0
USR5488,59,2,55654,248,121605,500000,2.185018147842024,0.24321,2,11,0.61,3,0,0.64,2,0,0
USR7640,28,1,40648,362,37595,500000,0.9248917535918126,0.07519,14,482,0.66,0,0,0.93,1,1,0
USR2668,30,0,14134,341,24448,200000,1.7297297297297298,0.12224,7,180,0.99,0,0,0.71,0,0,0
USR4962,60,4,58832,257,80038,300000,1.3604500951862932,0.2667933333333333,6,612,0.71,0,0,0.28,0,0,0
USR4332,41,2,54869,190,38802,500000,0.7071752720115183,0.077604,5,217,0.48,0,0,0.8,0,0,0
USR8439,19,2,14406,271,15790,100000,1.096071081493822,0.1579,1,515,0.96,1,0,0.06,0,0,0
USR3156,19,2,27844,296,29064,500000,1.0438155437437149,0.058128,4,339,0.95,1,1,0.5,0,1,0
USR8475,33,2,58563,292,57110,300000,0.9751891125796152,0.19036666666666666,0,193,0.19,3,0,0.47,1,0,0
USR2638,37,3,10078,40,6513,100000,0.6462591784084144,0.06513,6,270,0.36,2,0,0.82,1,0,0
USR3989,20,4,19388,16,15989,300000,0.824685372395296,0.053296666666666666,13,77,0.36,1,0,0.53,2,0,0
USR1127,63,1,39077,210,19939,100000,0.5102489955728433,0.19939,5,568,0.29,1,1,0.42,2,0,0
USR4902,63,4,9985,230,1000,300000,0.100150225338007,0.0033333333333333335,14,336,0.19,0,0,0.95,0,0,0
USR5400,43,1,6197,207,6758,200000,1.0905276746812973,0.03379,5,155,0.8,3,1,0.11,2,1,0
USR5011,67,4,27429,147,28813,300000,1.0504575449341937,0.09604333333333333,3,40,0.31,1,0,0.32,2,1,0
USR7164,25,1,44231,329,37203,500000,0.8411069159639167,0.074406,10,436,0.32,0,1,0.36,2,0,0
USR9917,52,2,28402,149,35068,500000,1.2347017815646786,0.070136,2,664,0.03,2,0,0.46,0,1,0
USR6152,29,1,47808,211,1000,200000,0.020917001338688086,0.005,13,635,0.63,1,0,0.09,2,1,0
USR6589,27,2,24207,98,4429,200000,0.18296360556863717,0.022145,5,221,0.72,1,0,0.18,2,0,0
USR9202,20,5,39089,350,10286,200000,0.26314308373199624,0.05143,11,443,0.82,1,0,0.25,1,0,0
USR7633,21,1,54595,222,33844,200000,0.6199102481912263,0.16922,9,147,0.33,1,0,0.48,2,0,0
USR6034,36,3,28380,76,11868,300000,0.41818181818181815,0.03956,12,420,0.67,2,1,0.11,1,0,0
USR5857,45,3,48041,304,5220,500000,0.1086571886513603,0.01044,3,266,0.44,3,1,0.47,0,0,0
USR1451,53,4,38257,264,36979,100000,0.9665943487466346,0.36979,0,237,0.87,2,0,0.06,1,0,0
USR8628,65,5,25124,119,2685,300000,0.10686992517115108,0.00895,7,364,0.88,1,0,0.28,2,0,0
USR2618,18,1,15538,228,1000,100000,0.0643583472776419,0.01,5,217,0.52,0,0,0.45,0,0,0
USR8692,20,2,51277,59,55484,200000,1.0820445813912671,0.27742,5,87,0.11,0,1,0.73,1,1,0
USR5524,43,1,18293,121,20320,500000,1.1108074126715137,0.04064,12,447,0.68,0,0,0.51,0,1,0
USR3678,67,2,18439,264,13363,100000,0.7247139215792614,0.13363,1,198,0.09,3,0,0.82,0,0,0
USR3114,56,1,52885,69,47834,200000,0.9044908764299896,0.23917,9,217,0.24,3,0,0.01,1,1,0
USR4930,59,0,31145,237,20029,200000,0.6430887782950715,0.100145,0,581,0.39,3,0,0.48,1,1,0
USR8840,49,1,45982,337,31720,500000,0.6898351528859119,0.06344,6,218,0.8,3,0,0.93,0,0,0
USR9635,47,2,29360,156,17704,500000,0.6029972752043596,0.035408,13,660,0.51,0,0,0.34,0,0,0
USR1539,33,3,50455,4,19745,100000,0.3913388167674165,0.19745,4,695,0.85,0,0,0.48,0,0,0
USR8978,58,1,17793,357,13404,100000,0.7533299612207047,0.13404,25,686,0.51,2,0,0.32,0,0,0
USR5328,52,2,24206,89,13784,200000,0.569445592001983,0.06892,11,158,0.27,0,0,0.4,1,0,0
USR4089,42,1,25047,124,15239,300000,0.6084161775861381,0.050796666666666664,1,419,0.8,3,0,0.19,1,0,0
USR7591,50,2,56824,364,31984,300000,0.5628607630578629,0.10661333333333334,9,21,0.17,1,0,0.96,1,0,0
USR9648,32,2,41756,16,44837,200000,1.073785803237858,0.224185,16,179,0.62,1,1,0.37,0,0,0
USR9333,21,2,23143,25,54744,300000,2.365466879834075,0.18248,25,135,0.65,0,0,0.31,2,1,1
USR2896,33,1,40413,8,44573,500000,1.1029371736817362,0.089146,4,282,0.69,0,0,0.34,1,0,0
USR1495,45,2,59089,82,65459,300000,1.1078034828817547,0.21819666666666668,3,145,0.19,0,1,0.85,1,0,0
USR1032,21,1,31523,4,19902,500000,0.6313485391618818,0.039804,0,354,0.48,0,0,0.87,0,0,0
USR9900,69,0,8413,264,2987,100000,0.3550457625104006,0.02987,1,337,0.64,3,0,0.64,0,0,0
USR9865,30,1,40561,226,65377,200000,1.611819235225956,0.326885,16,312,0.84,0,0,0.92,0,0,0
USR6424,47,2,45126,35,86580,300000,1.9186278420422815,0.2886,7,341,0.79,1,0,0.14,0,1,1
USR1974,19,2,13842,341,12678,100000,0.9159081057650629,0.12678,14,134,0.1,2,1,0.04,1,0,0
USR4043,45,0,57794,279,64051,300000,1.1082638336159463,0.21350333333333332,0,484,0.31,3,1,0.17,0,0,0
USR1994,44,1,34095,316,1000,100000,0.02932981375568265,0.01,2,315,0.37,2,0,0.07,1,0,0
USR1516,38,1,37876,279,44339,500000,1.170635758791847,0.088678,2,595,0.74,1,0,0.92,0,1,0
USR7844,24,3,43651,346,1467,200000,0.03360747749192458,0.007335,12,604,0.0,3,1,0.35,0,0,0
USR9996,60,4,36215,131,1000,100000,0.027612867596299877,0.01,15,6,0.03,0,1,0.53,0,1,0
USR1557,29,3,23962,323,15269,500000,0.637217260662716,0.030538,12,127,0.6,3,0,0.48,0,1,0
USR7869,60,3,56799,361,80401,500000,1.4155354847796615,0.160802,9,141,0.36,1,0,0.35,0,0,0
USR4221,48,4,44087,171,32212,100000,0.7306462222423844,0.32212,21,317,0.91,1,1,0.69,0,1,0
USR7925,27,5,25432,165,1000,100000,0.03932054105064486,0.01,14,163,0.58,0,0,0.63,1,0,0
USR1455,64,1,19673,23,34547,200000,1.7560616072790118,0.172735,24,685,0.57,1,1,0.47,1,1,0
USR4140,41,1,56318,139,80336,200000,1.4264711104797756,0.40168,0,642,0.95,0,0,0.85,0,0,0
USR9347,31,1,41510,192,56175,500000,1.3532883642495783,0.11235,4,571,0.26,0,0,0.66,2,1,0
USR8480,44,2,45266,236,47919,300000,1.0586091105907303,0.15973,0,65,0.5,2,0,0.65,1,0,0
USR3598,46,2,44478,131,83995,500000,1.888461711407887,0.16799,12,679,0.96,1,0,0.84,1,0,1
USR8127,47,2,44653,269,55131,500000,1.234653886636956,0.110262,4,395,0.21,2,0,0.23,0,0,0
USR2390,59,2,45118,65,14892,100000,0.3300678221552374,0.14892,8,54,0.34,1,0,0.23,1,0,0
USR1432,37,3,5645,316,9993,100000,1.7702391496899912,0.09993,2,590,0.92,2,0,0.67,0,0,0
USR7417,39,3,46510,332,64822,500000,1.3937217802623092,0.129644,10,496,0.75,0,0,0.59,2,0,0
USR1882,44,0,19530,219,14778,300000,0.7566820276497696,0.04926,17,487,0.91,1,0,0.56,2,0,0
USR6653,55,2,49096,6,63011,500000,1.283424311552876,0.126022,15,33,0.31,1,0,0.85,0,1,0
USR3378,42,3,34504,76,20543,100000,0.5953802457686065,0.20543,17,283,0.13,0,0,0.39,1,0,0
USR6073,31,0,50721,356,20352,100000,0.4012539184952978,0.20352,7,112,0.89,1,0,0.1,1,0,0
USR5061,53,3,37964,277,14151,200000,0.3727478663997471,0.070755,1,547,0.12,0,0,0.48,0,0,0
USR8316,19,2,17836,132,2561,300000,0.14358600583090378,0.008536666666666666,2,585,0.02,0,0,0.73,0,0,0
USR8242,19,1,18676,185,38719,300000,2.0731955450846007,0.12906333333333334,10,509,0.53,0,1,0.34,0,0,0
USR2222,46,1,43763,161,61900,100000,1.4144368530493796,0.619,3,261,0.03,1,0,0.19,0,0,0
USR9819,69,0,42964,242,21017,500000,0.48917698538311144,0.042034,0,310,0.48,3,0,0.62,0,1,0
USR1333,67,4,20000,293,41538,100000,2.0769,0.41538,11,329,0.52,0,1,0.57,2,0,0
USR5474,63,1,11545,104,15262,300000,1.3219575573841489,0.05087333333333333,4,677,0.71,0,0,0.93,2,0,0
USR1024,68,0,23804,266,27898,500000,1.1719879011930767,0.055796,6,477,0.45,2,0,0.01,1,0,0
USR4047,57,2,28927,244,21922,200000,0.7578386974107235,0.10961,16,310,0.66,1,0,0.71,0,1,0
USR5254,65,2,46314,84,33126,100000,0.7152480891307165,0.33126,3,521,0.18,2,1,0.09,1,1,0
USR9127,31,2,36974,111,26530,300000,0.7175312381673609,0.08843333333333334,9,479,0.5,0,0,0.38,0,0,0
USR9369,24,1,38908,361,15351,300000,0.39454610876940477,0.05117,11,337,0.48,2,0,0.89,2,1,0
USR5900,62,0,38814,285,53729,100000,1.384268562889679,0.53729,19,623,0.88,1,0,0.75,0,0,0
USR9964,30,0,25960,284,16866,100000,0.6496918335901387,0.16866,2,396,0.57,0,0,0.42,0,0,0
USR3452,43,1,50141,311,50530,500000,1.0077581220956902,0.10106,3,440,0.81,0,0,0.87,1,1,0
USR9430,66,1,52061,79,63686,300000,1.2232957492172645,0.21228666666666668,2,257,0.58,2,0,0.87,2,0,0
USR2601,68,3,55727,185,42268,500000,0.7584833204730203,0.084536,2,106,0.45,2,1,0.39,2,0,0
USR5961,69,1,25624,200,1000,200000,0.03902591320636903,0.005,16,517,0.92,3,0,0.01,2,1,0
USR9800,32,3,51324,56,87901,500000,1.7126685371366221,0.175802,18,500,0.04,0,0,0.13,1,0,0
USR6968,55,3,43192,276,17482,100000,0.4047508797925542,0.17482,1,645,0.04,3,1,0.53,0,0,0
USR6230,28,1,42445,118,67822,200000,1.5978796089056426,0.33911,3,338,0.41,1,0,0.25,0,0,0
USR2705,18,3,50424,241,47934,300000,0.9506187529747739,0.15978,5,300,0.1,3,0,0.8,0,0,0
USR4996,61,5,52140,324,83112,200000,1.5940161104718067,0.41556,4,616,0.03,0,0,0.37,1,0,0
USR9845,19,1,12093,277,22370,500000,1.8498304804432317,0.04474,20,426,0.78,0,0,0.7,0,1,1
USR6023,56,3,7333,261,12505,500000,1.7053047865812083,0.02501,8,334,0.08,0,0,0.55,0,0,0
USR9286,61,3,52572,306,67617,200000,1.2861789545765807,0.338085,16,58,0.44,0,0,0.44,0,0,0
USR8879,26,2,49094,322,44274,200000,0.9018209964557787,0.22137,9,315,0.61,0,0,0.8,1,0,0
USR7060,54,1,56098,52,78626,100000,1.4015829441334806,0.78626,7,498,0.7,0,1,0.27,0,0,0
USR7936,34,2,16580,202,16080,100000,0.9698431845597105,0.1608,14,592,0.28,0,0,0.23,2,0,0
USR2712,25,5,35114,307,46831,100000,1.3336845702568776,0.46831,8,324,0.07,1,0,0.89,2,0,0
USR7347,61,5,45404,199,66894,300000,1.473306316624086,0.22298,11,464,0.09,0,0,0.64,0,0,0
USR2307,37,1,53776,287,43781,500000,0.8141364177328176,0.087562,7,173,0.75,1,1,0.27,0,0,0
USR8915,47,3,17936,265,25776,100000,1.4371097234611954,0.25776,13,453,0.18,0,0,0.68,2,1,0
USR6505,18,0,59959,88,51057,100000,0.8515318801180807,0.51057,5,495,0.1,1,0,0.29,0,1,0
USR5996,35,4,17817,120,29076,300000,1.6319245664253241,0.09692,7,517,1.0,0,0,0.38,2,0,0
USR2922,36,3,10480,312,5622,500000,0.5364503816793893,0.011244,9,681,0.34,0,0,0.83,1,0,0
USR4922,63,4,34918,196,10943,500000,0.3133913740764076,0.021886,11,226,0.54,0,0,0.28,2,0,0
USR6358,59,0,47636,177,68428,500000,1.4364766143253003,0.136856,16,72,0.69,0,0,0.62,0,0,0
USR9567,66,5,55141,7,28819,200000,0.5226419542627083,0.144095,1,624,0.65,2,0,0.32,2,0,0
USR7862,69,2,50046,218,41997,100000,0.839167965471766,0.41997,1,281,0.74,2,1,0.79,2,1,0
USR1971,35,1,10565,297,8022,200000,0.75929957406531,0.04011,11,252,0.3,0,1,0.23,0,0,0
USR9779,36,4,35733,36,68882,300000,1.9276858925922817,0.22960666666666665,5,455,0.84,3,1,0.19,0,1,1
USR9666,66,2,24557,267,14156,100000,0.5764547786781773,0.14156,9,231,0.69,1,0,0.92,0,0,0
USR7037,46,2,7575,262,14143,200000,1.867062706270627,0.070715,12,363,0.11,0,0,0.25,2,0,0
USR4465,52,1,31271,313,51442,100000,1.6450385341050815,0.51442,16,675,0.07,3,0,0.68,0,0,0
USR9018,37,7,11424,223,14073,100000,1.2318802521008403,0.14073,5,47,0.98,0,0,0.73,2,0,0
USR6932,60,2,48159,198,57074,200000,1.1851159700159888,0.28537,20,199,0.33,1,0,0.68,0,0,0
USR1340,67,2,44231,317,73339,500000,1.658090479527933,0.146678,7,149,0.82,1,0,1.0,2,0,0
USR9760,44,2,39744,161,24590,500000,0.6187097423510467,0.04918,3,294,0.02,0,0,0.33,0,1,0
USR7914,65,0,34808,276,36083,300000,1.0366295104573662,0.12027666666666667,6,605,0.85,1,0,0.09,2,0,0
USR5841,31,1,43324,58,17451,300000,0.40280214199981534,0.05817,0,147,0.41,0,0,0.05,1,0,0
USR2203,59,1,17261,118,10267,200000,0.5948091072359655,0.051335,8,172,0.06,3,0,0.81,0,1,0
USR6495,57,0,20363,59,24109,200000,1.1839611059274173,0.120545,0,349,0.83,0,0,0.12,0,0,0
USR7388,41,0,35568,281,18766,100000,0.5276090868196132,0.18766,5,216,0.49,2,1,0.08,0,0,0
USR5020,29,3,40866,87,63958,100000,1.5650663142955024,0.63958,4,49,0.88,1,1,0.23,2,0,0
USR1173,55,1,12440,255,20421,200000,1.6415594855305466,0.102105,22,218,0.42,1,0,0.82,1,1,0
USR7932,22,1,19366,216,1000,200000,0.05163688939378292,0.005,0,453,0.05,1,0,0.08,1,0,0
USR5512,30,1,26478,305,32870,300000,1.2414079613263842,0.10956666666666667,6,125,0.15,1,0,0.91,2,0,0
USR5431,45,2,17921,5,15378,100000,0.8580994364153786,0.15378,0,201,0.01,1,0,0.63,0,0,0
USR1656,69,3,18341,96,3714,100000,0.20249713756065646,0.03714,6,130,0.81,3,0,0.65,1,0,0
USR2721,19,1,38805,109,45281,100000,1.1668857106043036,0.45281,3,489,0.28,1,0,0.83,0,0,0
USR5175,56,2,27482,47,43860,300000,1.595953715159013,0.1462,8,215,0.16,2,0,0.86,0,0,0
USR4223,53,0,34538,207,62945,300000,1.8224853784237651,0.20981666666666668,7,249,0.63,0,0,0.17,0,0,0
USR1851,42,3,15660,67,25274,500000,1.6139208173690933,0.050548,12,319,0.59,1,0,0.49,0,0,0
USR7541,45,2,49933,3,58384,300000,1.1692467906995374,0.19461333333333333,0,367,0.36,1,0,0.99,0,0,0
USR4679,47,1,59182,296,108396,100000,1.8315704099219356,1.08396,4,525,0.76,0,0,0.42,0,1,1
USR6927,68,1,34934,146,42419,200000,1.2142611782217896,0.212095,2,242,0.23,3,0,0.18,1,1,0
USR1551,58,1,28258,231,43504,500000,1.539528629060797,0.087008,3,73,0.2,1,1,0.22,1,1,0
USR5278,60,3,27532,361,25105,100000,0.9118480313816649,0.25105,14,20,0.22,1,0,0.03,2,0,0
USR1643,44,3,7631,213,13886,300000,1.8196828724937755,0.04628666666666666,7,54,0.84,1,0,0.02,0,1,1
USR3840,26,6,38283,350,56141,200000,1.466473369380665,0.280705,1,91,0.95,1,0,0.7,0,0,0
USR5543,22,1,53957,351,55202,200000,1.0230739292399504,0.27601,18,111,0.06,0,0,0.08,1,0,0
USR2812,22,0,39791,325,22895,300000,0.57538136764595,0.07631666666666667,5,468,0.48,3,0,0.06,0,0,0
USR6236,31,1,57031,275,65200,500000,1.1432378881660852,0.1304,8,413,0.23,0,0,0.1,0,0,0
USR3957,22,1,49278,279,61358,500000,1.2451398189861602,0.122716,9,161,0.47,0,0,0.29,0,0,0
USR7620,52,3,36811,162,41019,500000,1.1143136562440574,0.082038,6,396,0.59,0,0,0.65,2,1,0
USR9709,47,1,37409,24,89103,200000,2.381859980218664,0.445515,2,404,0.28,0,0,0.08,1,1,0
USR8708,55,2,43287,186,1000,200000,0.023101624044170304,0.005,10,441,0.39,2,1,0.14,2,1,0
USR7976,39,2,23439,248,55219,500000,2.355859891633602,0.110438,12,223,0.77,0,1,0.63,0,0,0
USR4119,36,2,13857,283,4988,300000,0.3599624738399365,0.016626666666666668,13,194,0.32,0,0,0.16,0,1,0
USR5455,62,0,29623,299,52040,200000,1.756743071262195,0.2602,3,161,0.12,0,0,0.56,1,0,0
USR8011,24,1,52489,31,51901,200000,0.9887976528415477,0.259505,8,340,0.62,2,0,0.46,0,0,0
USR7051,36,0,38021,329,42580,500000,1.119907419583914,0.08516,6,163,0.08,2,1,0.74,2,1,0
USR4494,57,0,40114,22,38366,500000,0.9564241910554918,0.076732,8,252,0.34,1,0,0.49,2,1,0
USR9912,63,1,34794,242,66079,500000,1.8991492786112547,0.132158,20,80,0.24,3,0,0.32,0,0,0
USR2550,41,2,13797,332,6556,500000,0.4751757628469957,0.013112,7,420,0.81,0,0,0.63,2,0,0
USR5793,46,2,18159,153,11270,100000,0.6206288892560163,0.1127,1,379,0.27,3,0,0.88,2,1,0
USR4719,37,1,22302,95,1000,200000,0.04483902788987535,0.005,8,173,0.26,0,1,0.7,2,1,0
USR8508,34,0,57774,145,46654,200000,0.8075258766919375,0.23327,11,600,0.5,0,1,0.08,1,0,0
USR7122,53,1,51769,258,38655,300000,0.746682377484595,0.12885,10,227,0.54,3,0,0.86,2,0,0
USR3998,53,2,17959,260,12654,100000,0.7046049334595468,0.12654,7,190,0.42,0,1,0.56,0,0,0
USR4274,38,4,17833,229,27925,500000,1.5659171199461672,0.05585,1,197,0.55,0,0,0.88,1,1,0
USR5152,69,1,11948,331,9503,200000,0.7953632407097422,0.047515,4,464,0.87,0,0,0.42,2,0,0
USR6507,26,1,30919,197,29578,100000,0.9566286102396585,0.29578,16,513,0.67,0,0,0.52,0,0,0
USR5420,25,4,26246,214,21609,300000,0.8233254591175798,0.07203,8,597,0.61,3,1,0.69,2,0,0
USR1896,52,4,13612,27,25266,100000,1.8561563326476638,0.25266,1,514,0.9,1,0,0.17,2,0,0
USR3861,60,2,22672,203,31704,200000,1.3983768525052929,0.15852,8,428,0.03,0,0,0.25,2,1,0
USR8860,39,6,54916,72,58115,500000,1.058252603976983,0.11623,11,67,0.48,2,0,0.76,2,0,0
USR9500,58,2,46872,364,23313,500000,0.4973758320532514,0.046626,7,512,0.48,1,0,0.59,1,1,0
USR7088,69,1,59427,337,50208,300000,0.8448684941188349,0.16736,6,380,0.26,2,0,0.74,0,0,0
USR9919,67,5,59325,216,1000,500000,0.01685630004214075,0.002,9,121,0.03,0,0,0.16,1,0,0
USR5678,27,0,10268,135,9605,100000,0.9354304635761589,0.09605,17,683,0.75,3,0,0.17,1,0,0
USR9834,64,1,52982,204,22359,200000,0.4220112491034691,0.111795,13,210,0.56,0,0,0.69,0,1,0
USR1474,37,3,47056,151,40308,100000,0.856596395783747,0.40308,14,117,0.14,0,0,0.87,1,0,0
USR2077,25,2,20363,241,12760,100000,0.6266267249422973,0.1276,8,152,0.83,0,0,0.94,2,0,0
USR7852,50,1,38028,106,33178,100000,0.872462396129168,0.33178,17,377,0.09,0,0,0.63,1,0,0
USR9346,40,2,27353,128,4618,300000,0.16882974445216248,0.015393333333333334,8,450,0.35,3,0,0.36,2,0,0
USR8390,43,3,51699,139,1144,100000,0.022128087583899107,0.01144,6,89,0.68,1,0,0.51,2,1,0
USR9846,69,1,52125,209,49249,300000,0.9448249400479616,0.16416333333333333,7,685,0.66,1,0,0.94,0,0,0
USR6149,40,1,13821,72,10784,100000,0.7802619202662615,0.10784,2,403,0.73,0,0,0.6,1,0,0
USR1553,48,0,39074,237,2261,300000,0.057864564672160515,0.007536666666666666,7,348,0.73,2,0,0.17,0,0,0
USR5679,46,1,47227,322,55969,200000,1.1851059775128634,0.279845,6,649,0.56,1,0,0.03,0,0,0
USR1341,29,2,39598,146,46101,200000,1.1642254659326228,0.230505,7,175,0.13,0,1,0.66,1,0,0
USR5749,25,3,47651,132,54868,300000,1.1514553734444188,0.18289333333333332,10,221,0.99,0,1,0.69,0,0,0
USR2318,60,0,42201,87,1000,500000,0.023696120945001304,0.002,3,325,0.6,1,1,0.02,1,1,0
USR6897,70,2,36760,53,83276,500000,2.265397170837867,0.166552,10,370,0.93,1,0,0.16,1,1,1
USR3711,45,1,12253,203,27191,500000,2.2191300089773933,0.054382,2,307,0.14,0,0,0.31,0,1,0
USR4112,40,2,47239,203,50027,200000,1.0590190308854972,0.250135,5,299,0.15,0,0,0.98,0,0,0
USR3200,70,1,16497,18,8013,100000,0.4857246772140389,0.08013,1,258,0.98,0,0,0.87,0,0,0
USR8469,43,3,43061,226,89757,100000,2.0844151320220154,0.89757,9,641,0.39,0,1,0.12,0,1,0
USR2455,36,3,11967,11,19951,300000,1.6671680454583437,0.06650333333333333,9,73,0.03,0,0,0.81,1,1,0
USR2114,38,2,23817,176,33804,200000,1.4193223327875046,0.16902,11,698,0.89,1,0,0.83,2,0,0
USR1112,69,4,54048,97,92392,500000,1.7094434576672588,0.184784,12,246,0.68,3,1,0.53,1,0,0
USR5542,29,3,49138,224,44653,500000,0.9087264438927103,0.089306,15,641,0.32,0,0,0.15,1,0,0
USR4554,55,1,29861,280,8874,200000,0.2971769197280734,0.04437,7,214,0.33,0,0,0.96,0,0,0
USR4145,51,1,46645,66,28425,100000,0.6093900739629113,0.28425,3,156,0.17,3,0,0.96,1,1,0
USR5619,30,4,40344,272,55897,200000,1.3855096172912948,0.279485,8,111,0.34,0,0,0.17,0,1,0
USR8268,33,1,46537,350,70600,500000,1.5170724369856243,0.1412,3,489,1.0,1,0,0.06,0,1,0
USR1206,50,2,39530,338,32198,500000,0.8145206172527194,0.064396,17,497,0.44,0,1,0.47,0,0,0
USR3713,53,2,59678,159,112009,100000,1.876889305941888,1.12009,9,472,0.67,1,1,0.43,0,0,0
USR3205,65,1,7668,216,8878,300000,1.1577986437141368,0.029593333333333333,8,137,0.46,2,1,0.07,2,0,0
USR5699,32,1,35264,124,5294,300000,0.15012477313974593,0.017646666666666668,6,273,0.78,0,0,0.69,0,0,0
USR2188,26,1,7030,186,7579,200000,1.0780938833570413,0.037895,8,364,0.77,0,1,0.79,0,0,0
USR3987,59,3,7850,240,6824,300000,0.8692993630573248,0.022746666666666665,13,531,0.06,0,0,0.47,1,0,0
USR8444,52,2,54330,174,72279,100000,1.3303699613473219,0.72279,11,219,0.54,1,0,0.53,2,1,0
USR2560,69,2,31267,35,38676,500000,1.2369590942527264,0.077352,9,188,0.15,1,0,0.46,2,0,0
USR9065,63,1,30392,59,1000,200000,0.03290339563042906,0.005,0,377,0.71,1,0,0.93,2,0,0
USR9186,50,0,39882,198,37439,300000,0.938744295672233,0.12479666666666667,2,288,0.15,0,1,0.57,2,1,0
USR5344,63,1,28735,109,1000,100000,0.034800765616843574,0.01,11,225,0.17,0,0,0.22,0,0,0
USR2999,61,0,53893,328,109142,500000,2.025160967101479,0.218284,11,622,0.36,2,0,0.42,0,1,0
USR3761,20,3,34220,324,24907,500000,0.7278492109877265,0.049814,2,136,0.36,1,0,0.98,1,0,0
USR3768,69,3,44777,29,66938,100000,1.494919266587757,0.66938,0,227,0.89,0,0,0.53,0,1,0
USR7629,28,1,46103,59,37983,300000,0.8238726330173741,0.12661,4,6,0.68,1,0,0.65,1,0,0
USR8281,35,2,13717,111,8292,100000,0.6045053583145003,0.08292,19,469,0.23,1,0,0.84,0,0,0
USR4009,22,1,10971,210,8066,100000,0.7352110108467779,0.08066,0,391,0.4,0,1,0.71,2,0,0
USR7805,18,2,38821,181,17721,500000,0.45647974034671956,0.035442,20,542,0.85,1,0,0.49,0,0,0
USR7199,27,2,29276,273,39275,500000,1.3415425604590792,0.07855,8,619,0.81,0,0,0.8,2,0,0
USR8116,58,0,56790,202,98773,300000,1.7392674766684275,0.32924333333333333,2,150,0.03,3,0,0.47,0,0,0
USR8394,39,2,35441,58,62703,100000,1.7692220874128834,0.62703,1,479,0.5,3,0,0.98,0,1,0
USR7803,40,4,16894,97,27502,100000,1.627915236178525,0.27502,5,141,0.09,3,0,0.83,0,0,0
USR6754,58,2,15235,41,4446,500000,0.2918280275680998,0.008892,10,226,0.39,1,0,0.7,1,1,0
USR5891,70,2,31432,2,47125,200000,1.4992682616441844,0.235625,14,202,0.59,2,0,0.6,0,1,0
USR8830,59,3,39073,70,31320,200000,0.8015765362270622,0.1566,27,106,0.19,0,0,0.38,0,0,0
USR2068,39,5,43350,3,21343,500000,0.49234140715109576,0.042686,13,328,0.11,0,0,0.05,0,1,0
USR6598,33,2,24092,97,1000,200000,0.041507554374896234,0.005,7,364,0.97,0,0,0.72,0,0,0
USR8291,45,4,13166,320,1000,300000,0.07595321282090232,0.0033333333333333335,6,698,0.83,3,0,0.43,1,0,0
USR8561,33,1,10775,165,7242,100000,0.6721113689095127,0.07242,15,649,0.59,1,0,0.77,2,0,0
USR7360,24,3,52260,254,92696,500000,1.7737466513585916,0.185392,6,524,0.82,2,0,0.91,0,0,0
USR1710,56,3,16702,164,39596,300000,2.3707340438270865,0.13198666666666667,8,503,0.83,2,0,0.87,0,0,1
USR1252,40,3,49169,53,43381,100000,0.8822835526449592,0.43381,8,353,0.72,1,0,0.82,0,1,0
USR3705,66,1,40621,293,31940,100000,0.7862928042145688,0.3194,3,574,0.14,0,0,0.72,2,0,0
USR7211,24,1,43973,256,78363,300000,1.7820708161826575,0.26121,27,557,0.63,3,0,0.46,2,0,0
USR8614,40,2,55620,196,85475,500000,1.536767349874146,0.17095,15,587,0.04,0,1,0.5,1,0,0
USR1226,48,3,58897,201,106684,200000,1.8113656043601543,0.53342,14,370,0.53,3,1,0.28,0,0,0
USR6008,33,1,5140,139,2623,200000,0.5103112840466926,0.013115,3,404,0.91,0,0,0.09,0,0,0
USR9272,40,4,33343,309,24639,200000,0.7389557028461746,0.123195,4,293,0.97,0,1,0.26,0,0,0
USR9522,54,2,7978,284,14153,200000,1.7740035096515416,0.070765,9,685,0.99,0,1,0.94,1,1,0
USR7226,69,0,10891,311,22134,500000,2.0323202644385274,0.044268,3,91,0.67,1,0,0.84,0,0,0
USR5169,39,0,10495,251,14807,200000,1.4108623153882802,0.074035,7,610,0.05,0,0,0.48,0,0,0
USR4195,22,1,18132,155,19470,100000,1.07379219060225,0.1947,6,58,0.89,1,1,0.4,1,0,0
USR8315,31,1,55504,67,15204,500000,0.27392620351686364,0.030408,1,11,0.37,1,0,0.55,2,1,0
USR3120,56,2,14505,188,35472,300000,2.445501551189245,0.11824,5,106,0.3,0,0,0.94,1,1,1
USR1816,66,0,22314,227,28938,200000,1.2968539930088734,0.14469,6,257,0.63,0,0,0.96,0,1,0
USR8013,19,2,57214,141,1000,500000,0.017478239591708324,0.002,11,275,0.81,0,0,0.3,0,0,0
USR6073,51,2,24568,326,36983,200000,1.505332139368284,0.184915,11,683,0.93,0,0,0.12,1,0,0
USR2423,25,1,38114,151,37894,200000,0.9942278427874272,0.18947,7,191,0.6,0,0,0.1,1,0,0
USR8434,60,2,15846,82,21036,300000,1.3275274517228322,0.07012,4,115,0.22,0,0,0.74,1,0,0
USR4536,68,2,46373,327,59822,200000,1.2900178983460202,0.29911,4,141,0.9,1,0,0.33,0,0,0
USR9836,61,2,43138,308,29427,300000,0.6821595808799666,0.09809,11,415,0.28,0,0,0.23,1,1,0
USR1566,54,6,54549,94,42977,200000,0.7878604557370438,0.214885,5,35,0.15,3,0,0.37,0,0,0
USR8771,45,2,54689,18,32772,300000,0.5992429921922141,0.10924,6,219,0.36,1,1,0.07,0,0,0
USR6757,24,1,37735,305,20048,500000,0.5312839538889625,0.040096,5,204,0.59,0,1,0.76,0,1,0
USR9230,51,2,6661,357,12819,300000,1.9244858129409999,0.04273,4,457,0.25,1,0,0.68,1,0,0
USR8787,70,0,29164,87,11001,300000,0.3772116307776711,0.03667,8,418,0.0,0,1,0.25,0,1,0
USR9835,51,1,55375,259,57075,500000,1.0306997742663657,0.11415,11,115,0.34,3,0,0.47,0,1,0
USR5068,67,4,33706,135,27799,200000,0.8247493027947547,0.138995,1,469,0.71,3,1,0.97,1,0,0
USR9699,31,4,8752,231,1000,200000,0.11425959780621572,0.005,2,75,0.99,1,0,0.88,1,1,0
USR6854,34,1,47052,28,1000,200000,0.021253081696846043,0.005,3,377,1.0,0,0,0.43,2,0,0
USR8192,35,2,51880,218,82834,300000,1.596646106399383,0.2761133333333333,4,19,0.47,0,0,0.26,0,0,0
USR5049,48,2,23454,171,29013,300000,1.2370171399334868,0.09671,28,580,0.09,0,1,0.96,1,0,0
USR1974,49,1,8345,355,11928,300000,1.4293588975434393,0.03976,13,44,0.07,0,1,0.1,0,0,0
USR6981,18,3,36952,122,25394,200000,0.6872158475860576,0.12697,2,694,0.35,3,0,0.66,2,0,0
USR5719,34,0,7093,278,8914,500000,1.2567319892852107,0.017828,8,88,0.24,0,0,0.74,2,0,0
USR6586,46,2,37373,124,57251,500000,1.5318813046852005,0.114502,21,333,0.07,0,0,0.56,0,0,0
USR2765,20,1,36263,165,21874,300000,0.6032043680886854,0.07291333333333333,5,203,0.77,1,0,0.18,2,0,0
USR2248,22,5,54165,266,63014,300000,1.1633711806517124,0.21004666666666666,2,667,0.66,1,0,0.91,0,0,0
USR3496,48,1,46282,263,70504,500000,1.5233568125837258,0.141008,3,494,0.97,0,0,0.83,1,0,0
USR3636,45,0,31223,223,1000,500000,0.03202767190852897,0.002,6,588,0.09,0,0,0.28,0,1,0
USR4614,47,1,13133,238,6250,200000,0.47590040356354224,0.03125,15,245,0.2,0,0,0.84,2,0,0
USR7798,31,3,28438,124,23937,300000,0.8417258597651031,0.07979,9,74,0.16,3,0,0.25,1,0,0
USR5209,44,1,59397,302,58344,100000,0.9822718319107026,0.58344,12,664,0.9,1,0,0.84,1,1,0
USR8595,21,1,5842,210,3331,500000,0.5701814447107155,0.006662,11,176,0.42,1,0,0.71,1,0,0
USR7290,52,3,31084,78,23257,500000,0.7481984300604813,0.046514,20,431,0.44,1,1,0.91,2,1,0
USR7418,29,3,14506,30,6360,500000,0.4384392665104095,0.01272,15,63,0.95,0,1,0.37,2,0,0
USR8618,70,2,26256,175,24045,300000,0.915790676416819,0.08015,14,364,0.01,0,0,0.94,0,0,0
USR8405,52,0,10426,164,17945,300000,1.7211778246690965,0.059816666666666664,3,428,0.13,2,0,0.55,0,0,0
USR5743,51,0,21194,320,21884,500000,1.032556383882231,0.043768,4,501,0.01,0,0,0.09,2,1,0
USR9604,37,2,53752,20,83839,100000,1.5597373121000149,0.83839,9,453,0.05,3,0,0.63,0,0,0
USR1139,69,2,52549,55,41696,100000,0.7934689527869226,0.41696,5,630,0.56,1,0,0.35,0,1,0
USR3371,22,1,24883,28,39005,300000,1.5675360688019933,0.13001666666666667,13,633,0.62,0,0,0.84,2,0,0
USR4087,28,1,35525,188,34247,300000,0.9640253342716397,0.11415666666666667,2,28,0.16,0,0,0.05,0,0,0
USR6279,51,4,52836,350,102590,300000,1.9416685593156182,0.34196666666666664,11,81,0.78,0,0,0.06,0,1,1
USR1892,59,2,46683,232,50408,500000,1.0797935008461323,0.100816,4,159,0.02,2,0,0.04,0,1,0
USR7698,22,2,7380,141,9186,500000,1.2447154471544715,0.018372,8,65,0.47,0,0,0.12,0,0,0
USR2634,64,0,6804,32,6230,100000,0.9156378600823045,0.0623,12,369,0.53,0,0,0.36,0,1,0
USR4612,68,3,11963,219,6514,500000,0.5445122460921173,0.013028,2,486,0.07,0,0,0.85,0,0,0
USR2762,38,4,37934,73,48191,300000,1.2703906785469499,0.16063666666666668,23,169,0.59,1,1,0.44,0,1,0
USR8697,68,3,55482,26,1000,200000,0.01802386359540031,0.005,11,117,0.88,1,0,0.93,0,0,0
USR7785,38,3,55473,120,61451,500000,1.1077641375083374,0.122902,10,671,0.06,1,0,0.47,2,0,0
USR4217,69,0,32987,52,11558,200000,0.35038045290569014,0.05779,16,74,0.09,3,0,0.76,0,0,0
USR7527,37,3,55923,61,96518,300000,1.7259088389392558,0.32172666666666666,8,389,0.51,1,1,0.01,0,0,0
USR7070,50,1,8879,134,8500,300000,0.957315012951909,0.028333333333333332,5,10,0.51,2,0,0.06,2,1,0
USR4829,55,0,59709,242,65600,200000,1.0986618432732085,0.328,9,648,0.12,2,1,0.56,1,0,0
USR5976,65,3,46789,142,1000,200000,0.02137254482891278,0.005,10,503,0.84,0,0,0.36,0,0,0
USR7037,27,2,40454,259,61844,200000,1.528748702229693,0.30922,0,81,0.25,1,0,0.45,2,0,0
USR3508,52,3,8291,106,2833,100000,0.3416958147388735,0.02833,4,278,0.54,3,1,0.87,1,0,0
USR7960,43,1,8208,143,8520,100000,1.0380116959064327,0.0852,12,286,0.78,1,0,0.09,1,0,0
USR9738,25,3,5691,261,11121,300000,1.9541381128096995,0.03707,10,480,0.11,1,0,0.25,0,0,0
USR7533,63,2,33489,147,25764,200000,0.7693272417808833,0.12882,7,92,0.03,0,0,0.84,2,0,0
USR9129,45,1,26037,292,26758,100000,1.0276913622921227,0.26758,19,660,0.23,1,1,0.91,0,1,0
USR4284,44,6,31982,107,56856,100000,1.777749984366206,0.56856,6,519,0.66,1,0,0.09,2,1,0
USR8010,32,3,53512,276,79137,500000,1.4788645537449545,0.158274,1,290,0.47,1,0,0.62,1,0,0
USR2429,24,2,16183,331,24243,200000,1.4980535129456838,0.121215,6,342,0.03,0,1,0.98,0,0,0
USR4393,22,4,54874,186,12900,300000,0.23508401064256296,0.043,4,214,0.68,3,1,0.86,1,0,0
USR3770,53,1,12481,232,17588,100000,1.4091819565739925,0.17588,1,592,0.62,1,0,0.22,0,0,0
USR9354,52,1,23069,48,41319,200000,1.7911049460314707,0.206595,27,246,0.6,3,0,0.56,0,0,0
USR8862,65,7,25505,348,28507,500000,1.1177024112919036,0.057014,8,192,0.43,1,0,0.18,0,1,0
USR8973,54,0,28189,119,17668,100000,0.6267693071765582,0.17668,0,524,0.01,0,0,0.02,0,1,0
USR7927,38,3,41108,67,7116,500000,0.17310499172910382,0.014232,1,381,0.7,0,1,0.57,0,0,0
USR6946,33,2,8729,220,4842,500000,0.5547027150876389,0.009684,17,253,0.57,2,0,0.73,0,0,0
USR2547,18,5,49730,60,1164,300000,0.02340639453046451,0.00388,12,491,0.89,1,1,0.45,2,1,0
USR1912,51,1,43858,336,4749,500000,0.10828127137580373,0.009498,5,131,0.62,3,0,0.39,2,0,0
USR7668,60,1,20764,42,14373,300000,0.6922076671161626,0.04791,7,246,0.82,1,0,0.17,0,0,0
USR6159,37,2,34851,117,67409,100000,1.934205618203208,0.67409,16,5,0.45,0,1,0.45,0,0,0
USR7225,33,2,26770,56,25751,300000,0.9619350018677624,0.08583666666666667,1,598,0.14,2,0,0.5,1,0,0
USR1380,34,1,12380,268,6142,200000,0.4961227786752827,0.03071,18,676,0.48,0,0,0.26,2,1,0
USR3654,47,2,6545,139,12665,500000,1.9350649350649352,0.02533,9,315,0.83,0,0,0.72,0,0,1
USR8547,42,4,5810,169,1584,100000,0.2726333907056799,0.01584,8,593,0.69,1,1,0.81,2,0,0
USR9663,57,1,47419,134,51628,300000,1.0887618886944053,0.17209333333333332,4,650,0.64,2,0,0.03,0,0,0
USR4806,34,3,47855,81,28028,500000,0.5856859262355031,0.056056,2,410,0.62,0,0,0.25,0,1,0
USR1305,56,1,6525,244,9379,100000,1.4373946360153256,0.09379,2,398,0.96,2,0,0.49,0,1,0
USR8666,20,3,10603,21,11989,200000,1.1307177213996038,0.059945,10,582,0.71,1,0,0.36,0,0,0
USR5559,63,1,55060,328,62022,200000,1.1264438794042861,0.31011,22,202,0.85,3,0,0.26,2,0,0
USR1195,29,5,29646,158,44299,100000,1.4942656682183093,0.44299,5,451,0.74,1,0,0.87,0,0,0
USR5917,52,5,45096,256,66046,200000,1.4645644846549584,0.33023,13,515,0.23,1,0,0.06,2,0,0
USR9122,22,2,10423,210,9295,100000,0.8917777990981484,0.09295,11,19,0.97,3,0,0.68,1,0,0
USR5122,34,4,31443,203,30410,300000,0.9671469007410234,0.10136666666666666,7,98,0.92,0,0,0.91,1,1,0
USR4647,25,0,16368,233,10756,300000,0.6571358748778103,0.035853333333333334,12,532,0.41,1,0,0.76,1,0,0
USR3719,19,0,30046,18,23279,100000,0.7747786727018572,0.23279,17,390,0.42,0,0,0.23,0,0,0
USR4249,63,1,52377,333,34030,100000,0.6497126601370831,0.3403,3,116,0.55,1,0,0.84,2,0,0
USR5060,41,2,19393,322,14931,200000,0.7699169803537359,0.074655,2,62,0.72,0,0,0.49,2,0,0
USR1958,35,1,21907,240,19133,200000,0.8733738074588031,0.095665,6,418,0.21,0,1,0.94,0,0,0
USR8235,26,3,8943,206,15159,200000,1.695068768869507,0.075795,6,352,0.73,0,1,0.56,0,0,0
USR4825,56,4,47175,4,60480,300000,1.2820349761526233,0.2016,7,647,0.75,3,0,0.58,2,0,0
USR2499,45,3,45598,318,88880,500000,1.9492082986095882,0.17776,4,496,0.81,0,0,0.65,0,0,0
USR6324,58,0,10734,76,15710,300000,1.4635736910750885,0.052366666666666666,14,210,0.68,2,0,0.42,1,0,0
USR7546,44,0,35748,55,41823,100000,1.1699395770392749,0.41823,3,173,0.55,0,0,0.94,0,0,0
USR5042,70,5,13647,239,20943,500000,1.5346229940646297,0.041886,8,680,0.97,2,0,0.65,0,0,0
USR5141,18,4,47830,240,67837,100000,1.4182939577670919,0.67837,4,610,0.9,1,1,0.05,0,0,0
USR2130,43,0,39369,148,25581,500000,0.6497752038405852,0.051162,10,651,0.85,1,1,0.77,1,1,0
USR3590,35,2,54084,218,8725,200000,0.16132312698764883,0.043625,0,229,0.39,0,0,0.95,0,0,0
USR8155,62,3,23360,294,3668,500000,0.15702054794520548,0.007336,0,148,0.7,1,0,0.39,2,0,0
USR6785,63,1,56472,355,43098,300000,0.7631746706332342,0.14366,15,25,0.74,0,1,0.79,2,1,0
USR3582,31,0,58920,72,81943,300000,1.3907501697216564,0.27314333333333335,1,192,0.07,3,0,0.04,0,0,0
USR8994,18,1,27810,231,16545,500000,0.5949298813376483,0.03309,4,529,0.18,0,0,0.15,1,0,0
USR7436,57,2,24345,100,1000,500000,0.041076196344218524,0.002,8,313,0.77,1,1,0.59,0,0,0
USR6099,46,5,34346,22,1464,500000,0.04262505095207594,0.002928,5,105,0.53,0,0,0.79,0,0,0
USR5196,24,0,11201,35,14629,200000,1.306044103205071,0.073145,20,430,0.64,1,0,0.86,1,1,0
USR7431,62,0,14551,93,2282,100000,0.15682770943577762,0.02282,0,576,0.53,0,0,0.69,0,1,0
USR2351,49,4,39677,142,1000,100000,0.0252035184111702,0.01,8,392,0.45,1,0,0.49,0,0,0
USR6666,44,1,14399,50,4945,200000,0.34342662684908676,0.024725,3,683,0.55,3,1,0.35,0,1,0
USR1925,51,5,40043,102,42479,100000,1.060834602801988,0.42479,7,529,0.53,0,0,0.95,2,0,0
USR7925,61,2,5524,338,2037,500000,0.36875452570601014,0.004074,4,428,0.39,0,0,0.94,0,0,0
USR4751,25,3,49333,324,53087,300000,1.0760951087507349,0.17695666666666668,22,91,0.38,0,0,0.35,2,0,0
USR8715,54,2,48282,212,75480,100000,1.5633155213122902,0.7548,13,197,0.94,1,0,0.24,0,0,0
USR7883,51,2,38372,297,36622,500000,0.9543938288335244,0.073244,3,293,0.35,3,0,0.99,1,0,0
USR1394,21,3,7932,362,13893,200000,1.7515128593040847,0.069465,19,427,0.55,3,0,0.19,0,0,0
USR7083,44,1,40874,27,19492,300000,0.4768801683221608,0.06497333333333333,7,337,0.16,1,1,0.78,0,0,0
USR7546,61,0,12126,178,4020,500000,0.33151904997525977,0.00804,14,316,0.1,3,0,0.46,1,0,0
USR7382,45,0,8944,136,4706,200000,0.5261627906976745,0.02353,1,257,0.29,1,0,0.31,2,0,0
USR2995,41,0,39230,81,1000,200000,0.02549069589599796,0.005,5,68,0.76,1,0,0.03,0,1,0
USR9721,44,3,56068,238,51471,200000,0.9180102732396376,0.257355,9,470,0.24,1,0,0.55,1,0,0
USR7201,66,2,23311,36,27945,200000,1.198790270687658,0.139725,12,373,0.77,1,0,0.84,1,0,0
USR8447,67,1,8256,276,17265,200000,2.0912063953488373,0.086325,15,54,0.38,0,0,0.28,2,0,0
USR5146,41,1,41616,15,28140,300000,0.6761822376009228,0.0938,13,562,0.16,0,0,0.74,0,0,0
USR7181,46,5,43112,217,29710,100000,0.6891352755613286,0.2971,1,35,0.94,2,1,0.8,2,1,0
USR4335,48,3,11414,16,7689,200000,0.6736463991589277,0.038445,15,108,0.59,3,0,0.75,0,0,0
USR9304,61,2,33867,22,51968,100000,1.534473085894824,0.51968,1,668,0.44,0,0,0.66,2,1,0
USR6343,56,1,11909,234,3997,500000,0.33562851624821566,0.007994,7,635,0.53,0,0,0.41,2,0,0
USR8061,21,1,15980,68,16762,300000,1.048936170212766,0.05587333333333333,10,185,0.31,1,0,0.01,0,0,0
USR3870,34,1,31275,7,40469,100000,1.2939728217426059,0.40469,9,129,0.28,1,0,0.81,2,0,0
USR7346,26,2,33388,208,78175,100000,2.341410087456571,0.78175,11,52,0.54,1,1,0.3,0,0,0
USR4604,61,4,19778,131,45841,100000,2.3177773283446252,0.45841,6,473,0.42,2,0,0.56,0,0,0
USR6936,40,1,36856,360,36331,500000,0.985755372259605,0.072662,7,614,0.38,0,0,0.36,0,0,0
USR6523,63,2,43707,73,47756,100000,1.0926396229436932,0.47756,5,551,0.0,0,0,0.63,2,0,0
USR3767,37,2,5670,262,1000,100000,0.1763668430335097,0.01,1,514,0.3,2,0,0.18,1,0,0
USR1242,57,1,54558,164,39860,300000,0.7305986289820008,0.13286666666666666,7,167,0.18,0,0,0.12,1,0,0
USR7489,67,1,44897,62,58473,500000,1.3023810054123883,0.116946,1,167,0.28,2,0,0.21,2,0,0
USR7181,24,0,57530,123,70097,100000,1.2184425517121502,0.70097,3,362,0.22,0,1,0.35,0,1,0
USR6029,43,3,9636,253,16099,500000,1.6707139892071399,0.032198,7,108,0.05,0,1,0.01,0,0,0
USR2700,49,2,47410,62,56845,300000,1.1990086479645645,0.18948333333333334,3,107,0.06,1,0,0.5,0,0,0
USR4100,65,1,9931,70,14333,500000,1.443258483536401,0.028666,2,254,0.32,1,0,0.71,2,1,0
USR3272,42,2,53767,189,49522,100000,0.9210482266073986,0.49522,10,31,0.9,3,0,0.85,1,1,0
USR3879,48,2,47145,280,5075,100000,0.10764662212323682,0.05075,0,644,0.34,0,0,0.13,2,1,0
USR6517,35,3,36440,139,1000,300000,0.027442371020856202,0.0033333333333333335,7,6,0.52,0,0,0.84,2,1,0
USR2719,41,2,26501,94,55131,200000,2.080336591072035,0.275655,7,339,0.88,3,0,0.6,0,1,1
USR4661,56,3,15891,245,8277,200000,0.5208608646403625,0.041385,10,420,0.51,0,0,0.19,2,0,0
USR8969,62,1,37675,53,54863,200000,1.4562176509621765,0.274315,9,605,0.14,1,0,0.1,0,0,0
USR5480,38,6,9993,97,1000,500000,0.10007004903432402,0.002,8,548,0.41,3,0,0.21,0,0,0
USR5598,25,2,58951,12,17667,500000,0.29968957269596785,0.035334,9,318,0.39,3,0,0.32,0,1,0
USR8815,20,0,50056,194,40647,500000,0.8120305258110916,0.081294,1,69,0.88,2,0,0.31,1,0,0
USR4483,62,1,29325,311,16598,200000,0.566001705029838,0.08299,7,485,0.08,1,0,0.61,0,0,0
USR7020,43,1,31247,227,13449,300000,0.43040931929465226,0.04483,0,562,0.92,0,0,0.24,2,0,0
USR2483,33,0,24912,313,30041,300000,1.2058847141939628,0.10013666666666667,7,160,0.44,1,1,0.64,0,0,0
USR9197,64,2,43737,130,41414,500000,0.9468870750165763,0.082828,9,672,0.6,1,1,0.1,2,0,0
USR9020,50,3,8532,222,1000,500000,0.11720581340834506,0.002,1,292,0.37,0,0,0.9,0,0,0
USR6948,21,0,12195,19,18008,500000,1.476670766707667,0.036016,1,186,0.53,2,1,0.36,1,1,0
USR3528,59,1,39889,287,51982,200000,1.3031662864448845,0.25991,0,221,0.23,0,0,0.68,0,0,0
USR7250,62,3,58505,138,64304,500000,1.0991197333561233,0.128608,4,476,0.38,1,1,0.72,0,0,0
USR4120,69,1,15873,209,37353,300000,2.353241353241353,0.12451,0,120,0.45,1,0,0.42,0,0,0
USR4830,62,3,24292,94,5872,300000,0.24172567100279926,0.019573333333333335,6,513,0.42,0,0,0.68,1,0,0
USR1703,23,1,18363,236,4380,500000,0.2385231171377226,0.00876,14,398,0.39,0,0,0.73,0,0,0
USR9762,70,3,59249,48,44940,300000,0.7584938142415906,0.1498,9,333,0.97,0,1,0.74,0,1,0
USR9263,36,3,44625,119,65005,300000,1.4566946778711485,0.21668333333333334,3,460,0.28,1,1,0.44,0,1,0
USR3044,36,3,54814,20,90979,200000,1.6597766993833691,0.454895,10,157,0.37,1,1,0.53,0,0,0
USR8062,19,3,35235,262,26135,100000,0.7417340712359869,0.26135,9,390,0.66,1,0,0.02,2,0,0
USR7194,23,0,29657,150,14280,500000,0.4815052095626665,0.02856,1,594,0.91,0,0,0.99,1,0,0
USR7519,42,2,21014,264,33644,100000,1.601027886171124,0.33644,7,530,0.69,0,0,0.47,1,1,0
USR8973,63,1,27316,153,17102,200000,0.6260799531410163,0.08551,9,690,0.09,1,0,0.52,0,1,0
USR6163,35,2,42200,34,6744,100000,0.15981042654028435,0.06744,0,31,0.77,3,0,0.78,0,1,0
USR2449,40,2,40761,243,48372,500000,1.186722602487672,0.096744,0,579,0.47,0,1,0.72,0,1,0
USR8010,55,1,26733,60,32946,300000,1.232409381663113,0.10982,13,499,0.24,1,0,0.85,1,0,0
USR1441,44,3,10252,155,7744,100000,0.7553648068669528,0.07744,7,159,0.1,1,0,0.56,0,0,0
USR3716,57,1,20395,212,28305,200000,1.3878401569012013,0.141525,11,103,0.35,0,1,0.88,1,1,0
USR5132,36,4,13634,67,15785,500000,1.1577673463400322,0.03157,2,246,0.63,3,0,0.03,0,0,0
USR2303,63,2,57624,79,94495,300000,1.639854921560461,0.31498333333333334,12,331,0.54,2,0,0.38,2,0,0
USR3752,65,2,15331,39,12367,200000,0.8066662318178853,0.061835,5,585,0.93,0,0,0.14,1,1,0
USR7081,62,3,42634,201,50347,300000,1.1809119482103485,0.16782333333333332,16,296,0.31,1,0,0.23,1,0,0
USR2561,64,2,51960,42,11606,500000,0.22336412625096227,0.023212,3,182,0.53,0,0,0.35,0,0,0
USR9480,67,1,24061,302,41149,100000,1.7101949212418437,0.41149,19,57,0.3,3,0,0.04,0,1,0
USR6386,31,1,24093,365,34503,500000,1.4320757066367824,0.069006,4,599,0.17,0,0,0.34,0,1,0
USR9041,47,2,37826,326,69184,100000,1.8290065034632264,0.69184,4,118,0.67,0,1,0.21,0,0,0
USR4431,54,0,41502,116,1000,300000,0.02409522432653848,0.0033333333333333335,1,278,0.95,0,0,0.32,0,0,0
USR3404,62,1,43794,198,88262,100000,2.0153902361054024,0.88262,1,643,0.19,2,0,0.89,2,1,1
USR6575,62,3,52530,99,69587,300000,1.3247096897011232,0.23195666666666667,14,137,0.33,3,0,0.54,0,1,0
USR5215,33,0,5477,295,10455,200000,1.9088917290487493,0.052275,2,205,0.8,2,0,0.87,1,0,1
USR1035,63,4,27561,180,44084,100000,1.5995065491092486,0.44084,24,57,0.68,0,1,0.91,2,0,0
USR9295,37,4,35434,49,39340,300000,1.1102331094429079,0.13113333333333332,10,360,0.78,0,0,0.81,1,0,0
USR9756,53,1,45144,156,51368,100000,1.1378699273436115,0.51368,14,382,0.64,1,1,0.97,0,0,0
USR9470,39,4,55054,61,24048,300000,0.43680749809278163,0.08016,4,389,0.73,0,1,0.89,0,0,0
USR9665,55,1,11762,176,12424,300000,1.0562829450773679,0.04141333333333334,1,323,0.62,0,0,0.81,1,0,0
USR4741,28,3,39667,181,53630,200000,1.3520054453323922,0.26815,4,486,0.28,1,0,0.25,0,0,0
USR8968,27,1,20274,116,14923,200000,0.736065897208247,0.074615,4,52,0.37,1,1,0.85,0,0,0
USR7170,28,4,15196,2,1000,100000,0.06580679126085812,0.01,1,243,0.58,1,0,0.98,0,0,0
USR8755,31,5,32619,328,8132,500000,0.2493025537263558,0.016264,13,495,0.77,0,0,0.41,1,1,0
USR1348,52,2,11805,80,18348,200000,1.5542566709021601,0.09174,1,31,0.36,1,1,0.18,0,0,0
USR9124,45,1,16479,66,5402,300000,0.3278111535894168,0.018006666666666667,4,125,0.29,0,0,0.64,0,1,0
USR6330,53,2,8839,56,10092,100000,1.141758117434099,0.10092,3,509,0.33,0,1,0.07,0,0,0
USR2404,48,1,38547,330,49777,300000,1.291332658832075,0.16592333333333334,6,204,0.0,0,1,0.28,0,0,0
USR2237,66,1,41850,80,84495,300000,2.0189964157706095,0.28165,8,201,0.82,1,0,0.78,1,0,1
USR6947,28,3,5603,174,3424,500000,0.6111011957879707,0.006848,0,469,0.57,0,0,0.38,0,0,0
USR2074,29,4,16957,120,12077,300000,0.7122132452674411,0.04025666666666667,6,252,0.2,3,1,0.37,0,0,0
USR2228,38,3,13795,18,26422,300000,1.9153316418992388,0.08807333333333334,1,369,0.94,2,0,0.35,0,1,1
USR4472,26,2,33143,242,14218,200000,0.42898953021754216,0.07109,9,654,0.05,0,0,0.98,1,0,0
USR2940,50,1,7474,151,5749,500000,0.7691998929622692,0.011498,1,71,0.65,0,0,0.64,1,0,0
USR7699,28,4,49492,25,13157,200000,0.26584094399094804,0.065785,17,588,0.14,2,0,0.26,2,0,0
USR8532,30,3,35536,165,33951,300000,0.9553973435389465,0.11317,9,671,0.99,2,0,0.32,0,1,0
USR5068,31,0,51622,183,8505,300000,0.16475533687187632,0.02835,3,612,0.72,1,1,0.42,0,0,0
USR5829,61,2,55002,343,73504,300000,1.3363877677175375,0.24501333333333333,5,223,0.46,3,0,0.14,2,0,0
USR6499,67,3,9670,78,2218,200000,0.2293691830403309,0.01109,17,448,0.13,3,0,0.18,0,0,0
USR5329,36,2,5118,245,3093,100000,0.604337631887456,0.03093,3,490,0.54,1,0,0.07,0,0,0
USR6805,45,1,18142,263,27280,500000,1.5036930878624186,0.05456,5,68,0.79,1,0,0.04,0,0,0
USR9305,47,1,22920,59,10564,200000,0.46090750436300176,0.05282,6,541,0.49,0,0,0.74,2,0,0
USR2407,57,3,17685,26,21211,200000,1.1993780039581565,0.106055,2,447,0.63,0,1,0.76,0,0,0
USR2087,33,5,30514,260,17357,500000,0.5688208691092613,0.034714,14,486,0.15,1,0,0.83,1,0,0
USR4479,44,3,44558,307,1000,100000,0.022442659006239058,0.01,11,237,0.74,1,0,0.02,1,0,0
USR2480,32,3,27659,85,26038,200000,0.9413933981705774,0.13019,13,460,0.81,0,1,0.83,2,1,0
USR7769,53,3,24329,330,1000,200000,0.041103210160713555,0.005,12,260,0.92,3,0,0.9,0,0,0
USR6549,43,7,10803,310,9566,200000,0.8854947699713043,0.04783,5,372,0.64,0,0,0.06,1,1,0
USR6730,59,4,21980,352,34171,300000,1.5546405823475886,0.11390333333333333,0,245,0.03,0,0,0.29,0,0,0
USR3540,44,2,20879,252,24391,500000,1.1682072896211504,0.048782,3,69,0.59,3,0,0.95,0,1,0
USR3438,46,3,40094,84,59347,300000,1.4801965381353819,0.19782333333333332,11,587,0.78,0,0,0.08,2,0,0
USR8673,39,1,56340,71,116891,300000,2.07474263400781,0.3896366666666667,9,51,0.3,0,0,0.17,0,0,0
USR2823,18,4,15280,203,16208,300000,1.0607329842931936,0.05402666666666667,4,509,0.0,3,0,0.77,1,1,0
USR2099,64,0,57760,187,40523,200000,0.7015754847645429,0.202615,19,482,0.78,2,0,0.16,1,1,0
USR8433,22,1,13799,203,18286,300000,1.325168490470324,0.06095333333333333,4,506,0.03,1,0,0.67,0,0,0
USR2078,25,2,25819,163,26425,100000,1.0234710871838568,0.26425,5,515,0.1,0,1,0.78,0,0,0
USR2217,28,3,58082,61,17363,300000,0.29893943046038357,0.05787666666666667,10,378,0.54,0,0,0.39,0,1,0
USR4162,44,1,22376,3,3060,100000,0.13675366464068645,0.0306,6,524,0.58,0,0,0.69,0,0,0
USR6476,42,3,39924,335,36011,500000,0.901988778679491,0.072022,9,125,0.91,3,0,0.72,2,1,0
USR4394,63,2,57096,133,43486,500000,0.7616295362197002,0.086972,13,586,0.47,3,1,0.26,2,0,0
USR8629,49,4,18561,241,11152,200000,0.6008296966758256,0.05576,12,141,0.26,0,0,0.28,0,0,0
USR4823,37,3,9231,302,7791,500000,0.8440038999025025,0.015582,9,655,0.66,1,0,0.83,0,0,0
USR1578,66,1,58330,335,65694,100000,1.1262472141265216,0.65694,8,340,0.39,0,0,0.98,2,0,0
USR3074,30,2,55918,19,44833,300000,0.8017632962552309,0.14944333333333334,3,230,0.63,2,0,0.91,0,0,0
USR2497,33,1,33579,7,14400,100000,0.42883945322969713,0.144,10,671,0.68,1,0,0.32,0,1,0
USR1878,35,0,38767,361,71754,500000,1.8509041194830655,0.143508,20,556,0.65,1,0,0.15,1,0,0
USR5180,48,1,51563,208,51949,300000,1.0074859880146616,0.17316333333333334,7,651,0.05,3,1,0.16,1,0,0
USR7668,37,2,52589,270,47603,500000,0.9051892981421971,0.095206,4,389,0.31,0,0,0.19,1,0,0
USR7668,32,1,28973,276,34874,500000,1.2036723846339696,0.069748,0,343,0.52,1,0,0.46,2,0,0
USR4939,49,2,44903,240,53705,200000,1.196022537469657,0.268525,17,693,0.82,1,1,0.08,1,1,0
USR2958,42,1,34963,80,32969,300000,0.9429682807539399,0.10989666666666667,7,643,0.24,0,0,0.82,2,0,0
USR9958,49,2,29462,118,28754,500000,0.9759690448713597,0.057508,5,227,0.38,3,0,0.38,0,0,0
USR7550,33,2,44356,18,92284,300000,2.0805302552078637,0.30761333333333335,10,589,0.54,3,0,0.83,0,1,1
USR7674,32,1,44714,249,68732,300000,1.5371472022185446,0.22910666666666665,12,61,0.01,0,0,0.67,0,0,0
USR7479,57,0,29654,78,31036,100000,1.046604168071761,0.31036,16,463,0.98,2,0,0.4,0,0,0
USR8578,45,2,29293,332,48650,100000,1.6608063359847063,0.4865,11,326,0.98,0,0,0.99,2,0,0
USR1853,56,3,43994,127,56591,200000,1.2863345001591127,0.282955,21,113,0.71,0,0,0.68,2,1,0
USR6723,63,1,12239,143,5261,500000,0.42985538034153115,0.010522,19,355,0.34,2,0,0.85,0,0,0
USR2577,26,2,36888,263,23252,100000,0.6303404901322923,0.23252,7,421,0.22,2,0,0.25,1,0,0
USR8795,39,2,27831,218,38952,100000,1.3995903848226798,0.38952,11,551,0.77,1,0,0.37,1,0,0
USR5452,57,2,31480,186,44550,100000,1.4151842439644218,0.4455,5,51,0.59,0,0,0.04,0,0,0
USR5647,33,0,39782,348,1983,300000,0.049846664320546984,0.00661,23,409,0.36,1,0,0.08,2,1,0
USR1766,50,3,25995,189,13821,300000,0.5316791690709752,0.04607,4,174,0.26,1,1,0.86,1,0,0
USR5227,37,4,30239,354,29682,200000,0.9815800787063065,0.14841,12,352,0.1,1,0,0.15,2,0,0
USR5049,44,5,57868,87,23637,200000,0.4084640906891546,0.118185,3,258,0.69,1,0,0.72,2,0,0
USR6907,49,2,13755,311,16141,200000,1.1734641948382407,0.080705,4,593,0.44,2,0,0.06,1,0,0
USR8478,37,2,51632,259,41775,500000,0.8090912612333436,0.08355,18,288,0.21,0,0,0.96,1,1,0
USR5804,31,3,14073,170,31584,300000,2.244297591131955,0.10528,6,588,0.86,0,0,0.67,0,1,1
USR6234,57,1,7358,290,15334,200000,2.0839902147322644,0.07667,16,541,0.27,0,1,0.97,0,0,0
USR6061,44,0,22927,121,35797,100000,1.5613468835870372,0.35797,7,402,0.37,1,1,0.19,2,0,0
USR2808,24,0,24608,179,18551,200000,0.7538605331599479,0.092755,4,369,0.53,1,0,0.82,0,1,0
USR9492,41,0,26360,201,27374,200000,1.0384673748103186,0.13687,5,295,0.88,1,0,0.37,0,1,0
USR3613,43,4,52468,311,84910,100000,1.6183197377449112,0.8491,2,430,0.61,0,0,0.39,0,0,0
USR1170,56,3,42926,249,61691,500000,1.4371476494432278,0.123382,5,483,0.52,1,1,0.88,2,1,0
USR6155,64,0,16374,211,16183,500000,0.9883351655062904,0.032366,10,280,0.91,0,0,0.55,0,0,0
USR6158,59,1,9358,204,4739,500000,0.5064116264159009,0.009478,1,510,0.18,0,0,0.55,0,0,0
USR7876,60,1,25652,214,28654,200000,1.117027912053641,0.14327,16,195,0.26,0,0,0.5,0,0,0
USR6381,58,3,25927,99,12548,500000,0.4839742353531068,0.025096,3,141,0.25,1,0,0.21,0,0,0
USR7192,45,4,59990,147,125955,100000,2.0995999333222204,1.25955,1,612,0.84,1,1,0.25,0,0,0
USR3742,38,1,27370,162,38289,200000,1.3989404457435148,0.191445,0,475,0.27,1,0,0.39,0,1,0
USR1091,62,2,59158,214,135622,200000,2.2925386253761113,0.67811,0,664,0.85,2,0,0.02,2,0,0
USR3984,48,2,38615,53,19318,200000,0.5002719150589149,0.09659,15,54,0.9,0,0,0.28,0,1,0
USR9858,18,1,6291,260,9716,100000,1.5444285487203941,0.09716,4,20,0.36,0,0,0.51,0,0,0
USR1197,51,2,10079,75,6885,300000,0.6831034824883421,0.02295,18,694,0.69,0,0,0.52,1,1,0
USR2664,70,4,13718,203,19366,500000,1.4117218253389707,0.038732,11,486,0.85,1,0,0.32,0,0,0
USR9582,55,4,12023,19,9970,300000,0.829243949097563,0.03323333333333333,11,411,1.0,2,0,0.01,0,0,0
USR9271,55,2,13281,84,17066,300000,1.2849935998795272,0.05688666666666667,5,161,0.42,0,1,0.56,0,0,0
USR5662,19,1,18965,235,3229,200000,0.17026100711837597,0.016145,23,598,0.09,1,1,0.41,0,0,0
USR1925,33,2,39124,20,29741,200000,0.7601727839689193,0.148705,5,230,0.31,0,0,0.36,2,0,0
USR6719,50,4,41652,240,56893,500000,1.3659128013060597,0.113786,21,417,0.43,3,0,0.98,0,0,0
USR9123,58,1,12556,24,1000,500000,0.07964319847085059,0.002,5,244,0.47,0,0,1.0,0,0,0
USR4994,19,1,52949,227,78999,300000,1.4919828514230675,0.26333,5,372,0.45,0,1,0.37,1,0,0
USR8577,34,1,10126,29,13103,300000,1.293995654750148,0.04367666666666667,23,492,0.08,1,0,0.12,1,1,0
USR9585,37,2,12622,184,7025,500000,0.556567897322136,0.01405,14,649,0.11,1,0,0.67,0,0,0
USR9109,18,3,40498,242,1000,500000,0.024692577411230186,0.002,4,631,0.54,3,1,0.5,1,0,0
USR3158,36,4,24542,357,49331,500000,2.010064379431179,0.098662,9,76,0.59,0,0,0.55,0,1,0
USR8855,70,1,38231,309,22733,200000,0.5946221652585598,0.113665,10,315,0.45,1,0,0.05,1,1,0
USR3342,26,0,26976,38,17559,100000,0.650911921708185,0.17559,8,357,0.3,0,0,0.37,0,1,0
USR2270,33,4,28534,323,26786,100000,0.9387397490712834,0.26786,5,609,0.25,2,0,0.43,1,0,0
USR8671,55,2,27743,179,29705,300000,1.0707205421187327,0.09901666666666667,14,597,0.79,2,0,0.66,0,0,0
USR8294,20,1,29853,279,39399,500000,1.319766857602251,0.078798,5,226,0.64,0,0,0.21,1,0,0
USR7169,45,3,43699,64,54340,200000,1.2435067164008329,0.2717,3,385,0.96,0,0,0.32,0,0,0
USR3431,66,4,59476,340,100406,500000,1.6881767435604278,0.200812,0,607,0.42,0,0,0.61,2,1,0
USR6218,39,1,34227,309,25085,500000,0.7329009261693984,0.05017,1,207,0.45,0,1,0.26,0,0,0
USR8509,49,1,26626,19,49317,300000,1.8522121234883198,0.16439,23,227,0.1,0,0,0.18,1,1,0
USR5358,25,0,16898,206,33136,100000,1.9609421233282045,0.33136,10,598,0.9,2,0,0.48,2,0,0
USR2402,48,1,47394,353,14126,100000,0.29805460606827866,0.14126,2,253,0.03,0,0,0.57,1,0,0
USR6146,65,2,16207,96,13129,500000,0.8100820633059789,0.026258,11,16,0.01,0,0,0.89,2,0,0
USR7942,53,1,38611,345,35935,200000,0.9306933257361891,0.179675,3,514,0.95,2,0,0.7,2,1,0
USR8680,21,4,49135,315,33574,100000,0.6833011091889691,0.33574,4,228,0.43,1,0,0.74,1,0,0
USR4853,25,1,53601,258,1000,500000,0.01865636835133673,0.002,6,107,0.36,1,0,0.17,1,0,0
USR4844,40,2,37561,174,13355,500000,0.3555549639253481,0.02671,15,327,0.82,1,0,0.48,0,0,0
USR5819,35,2,25622,350,29619,200000,1.1559987510732963,0.148095,1,166,0.91,0,0,0.21,0,0,0
USR1953,54,4,39923,184,68499,500000,1.7157778724043784,0.136998,1,314,0.24,0,1,0.81,1,0,0
USR8577,57,4,21910,4,30557,500000,1.3946599726152442,0.061114,4,393,0.51,0,0,0.7,2,1,0
USR8355,56,2,13292,270,5657,300000,0.4255943424616311,0.018856666666666667,1,172,0.3,0,0,0.02,1,1,0
USR9098,53,1,57852,267,51233,200000,0.8855873608518288,0.256165,5,591,0.14,3,1,0.8,0,0,0
USR5886,49,1,6418,309,10517,100000,1.6386724836397633,0.10517,4,408,0.18,0,0,0.45,2,0,0
USR5175,61,0,32408,59,43624,200000,1.346087385830659,0.21812,7,601,0.21,1,0,0.97,0,0,0
USR7078,67,2,37729,342,108323,500000,2.871080601129105,0.216646,2,504,0.11,0,0,0.34,1,1,0
USR4817,60,1,7142,49,11784,200000,1.6499579949593952,0.05892,1,274,0.54,3,0,0.55,0,1,0
USR3166,26,1,11403,209,7579,100000,0.6646496535999299,0.07579,13,252,0.32,2,0,0.57,0,0,0
USR6832,59,2,50865,289,68083,200000,1.3385038828270914,0.340415,12,442,0.04,0,0,0.74,0,0,0
USR4818,28,0,56228,65,26905,300000,0.4784982570961087,0.08968333333333334,0,253,0.78,2,0,0.15,0,1,0
USR6616,53,1,18999,106,30710,200000,1.6164008632033264,0.15355,4,458,0.52,1,0,0.7,1,0,0
USR2104,65,2,35011,230,36606,300000,1.0455571106223758,0.12202,2,478,0.54,1,0,0.3,0,0,0
USR1670,41,1,53917,152,60143,100000,1.1154737837787712,0.60143,9,156,0.97,0,0,0.08,0,0,0
USR7200,47,0,56453,12,62773,300000,1.1119515349051423,0.20924333333333334,7,553,0.44,1,0,0.44,1,0,0
USR2149,42,2,13916,296,1000,100000,0.07185972980741592,0.01,9,679,0.05,1,0,0.17,0,0,0
USR5377,42,1,45461,121,67835,500000,1.4921581135478763,0.13567,13,9,0.68,1,1,0.13,1,0,0
USR5829,57,2,56704,349,79161,200000,1.39603908013544,0.395805,3,353,0.06,3,0,0.25,2,0,0
USR2394,34,1,56433,327,173978,100000,3.0829124802863572,1.73978,0,96,0.63,0,0,0.33,2,0,0
USR7629,53,2,52696,238,55583,500000,1.0547859420069834,0.111166,28,460,0.34,3,0,0.17,2,0,0
USR5397,37,0,8512,231,15585,200000,1.8309445488721805,0.077925,6,41,0.45,2,1,0.46,0,0,0
USR7553,67,4,10439,263,3914,100000,0.3749401283647859,0.03914,0,463,0.41,3,0,0.92,2,0,0
USR4752,50,2,53370,176,52862,300000,0.9904815439385423,0.17620666666666668,8,626,0.54,3,1,0.61,0,1,0
USR5563,30,1,44192,42,45286,500000,1.0247556118754526,0.090572,1,64,0.61,3,1,0.05,1,0,0
USR9301,41,2,30233,288,36067,500000,1.1929679489299772,0.072134,4,10,0.14,1,0,0.3,2,0,0
USR2974,28,1,30597,14,59826,300000,1.9552897342876752,0.19942,0,427,0.95,3,0,0.55,0,1,1
USR4830,24,5,25680,150,39992,200000,1.5573208722741434,0.19996,13,275,0.88,0,0,0.1,0,0,0
USR4238,44,2,56480,340,48779,200000,0.8636508498583569,0.243895,8,166,0.74,0,1,0.13,1,0,0
USR8030,67,0,5697,111,10452,300000,1.8346498156924698,0.03484,11,137,0.07,1,1,0.9,0,0,0
USR8247,23,2,35213,255,1000,200000,0.028398602788742795,0.005,14,81,0.3,0,0,0.56,0,1,0
USR8339,70,4,36179,74,75733,300000,2.0932861604798365,0.25244333333333335,6,370,0.15,1,0,0.81,0,0,0
USR9753,47,6,55152,248,55641,300000,1.008866405570061,0.18547,19,67,0.64,2,0,0.39,0,0,0
USR9340,51,1,16000,109,1420,300000,0.08875,0.004733333333333333,2,77,0.62,1,0,0.79,1,0,0
USR6191,54,3,47059,246,12340,200000,0.2622240166599375,0.0617,11,293,0.87,3,0,0.75,0,0,0
USR4176,31,0,12538,195,1000,300000,0.07975753708725475,0.0033333333333333335,19,125,0.0,0,0,0.01,1,0,0
USR6179,58,2,13043,151,13114,500000,1.0054435329295408,0.026228,4,302,0.45,1,0,0.41,0,1,0
USR5075,45,2,7706,232,19472,200000,2.526862185310148,0.09736,12,685,0.48,2,0,0.06,0,0,0
USR3029,47,2,24144,220,18525,300000,0.7672713717693836,0.06175,8,314,0.99,0,0,0.3,0,1,0
USR9911,46,3,54247,360,1000,500000,0.01843419912621896,0.002,4,193,0.87,2,0,0.14,0,0,0
USR9216,56,1,37577,330,61804,100000,1.6447294887830322,0.61804,4,72,0.12,0,0,0.36,0,0,0
USR8849,31,4,19572,245,34608,300000,1.7682403433476395,0.11536,4,688,0.6,2,0,0.57,0,0,0
USR4134,49,2,52249,297,78052,200000,1.4938467721870274,0.39026,9,110,0.93,1,0,0.26,2,0,0
USR2177,31,2,51792,80,93134,500000,1.7982313870868087,0.186268,6,166,0.94,0,0,0.74,0,0,0
USR8962,69,3,42388,287,74858,300000,1.7660186845333585,0.24952666666666667,21,86,0.78,1,1,0.31,1,1,0
USR2095,63,1,55500,29,35561,500000,0.6407387387387388,0.071122,1,538,0.15,1,0,0.77,0,1,0
USR3328,58,3,21924,17,15857,300000,0.7232713008575078,0.05285666666666667,0,566,0.68,2,1,0.6,0,1,0
USR1557,32,0,47836,279,15248,200000,0.3187557488084288,0.07624,11,639,0.05,0,0,0.26,2,1,0
USR7396,34,1,58102,59,76409,200000,1.3150838181129738,0.382045,3,437,0.06,1,0,0.47,2,1,0
USR9096,36,1,56782,105,130515,100000,2.2985277024409143,1.30515,18,227,0.99,2,0,0.88,0,0,1
USR7968,42,2,27316,35,22499,100000,0.8236564650754137,0.22499,20,309,0.95,0,0,0.72,0,0,0
USR2977,54,2,17352,180,7662,100000,0.4415629322268326,0.07662,6,639,0.9,0,0,0.29,2,1,0
USR4931,36,1,47830,240,74040,300000,1.5479824378005436,0.2468,1,629,0.55,3,0,0.93,1,0,0
USR8085,35,2,7703,11,4744,500000,0.615863949110736,0.009488,0,536,0.64,0,1,1.0,1,1,0
USR3032,26,2,16746,262,8747,100000,0.5223336916278515,0.08747,8,167,0.97,0,0,0.5,0,1,0
USR8005,49,4,39597,251,40215,100000,1.0156072429729526,0.40215,0,557,0.87,0,0,0.35,0,0,0
USR6817,22,1,24306,63,18522,300000,0.7620340656627993,0.06174,5,461,0.09,1,0,0.77,2,0,0
USR1699,59,4,51248,315,90093,300000,1.7579807992507024,0.30031,0,524,0.84,3,0,0.72,1,0,0
USR8523,51,0,17565,354,12074,300000,0.6873896954170224,0.04024666666666667,5,308,0.99,0,0,0.79,1,0,0
USR5159,24,2,22069,171,14410,500000,0.6529521047623363,0.02882,0,494,0.14,2,0,0.94,2,0,0
USR6226,64,0,55990,156,4331,500000,0.07735309876763707,0.008662,3,102,0.17,3,0,0.38,0,1,0
USR8353,51,6,8552,76,12485,200000,1.4598924228250703,0.062425,2,639,0.24,0,0,0.37,0,0,0
USR7890,26,1,23503,294,48924,200000,2.08160660341233,0.24462,5,451,0.88,0,0,0.57,0,0,0
USR6178,53,2,54399,263,41941,300000,0.7709884372874501,0.13980333333333334,21,494,0.34,1,0,0.63,0,1,0
USR6690,57,1,8647,272,22451,100000,2.5963918121891987,0.22451,1,576,0.64,2,1,0.43,2,0,0
USR8897,70,2,31373,270,13324,200000,0.42469639498932205,0.06662,7,120,0.14,1,1,0.19,1,1,0
USR4632,22,2,13531,155,1000,300000,0.07390436774813391,0.0033333333333333335,3,478,0.94,0,0,0.02,1,1,0
USR4495,35,1,55617,21,56111,200000,1.0088821763129978,0.280555,2,490,0.47,1,0,0.52,1,1,0
USR9843,55,3,48403,212,51746,200000,1.0690659669855174,0.25873,8,477,0.81,0,0,0.96,1,1,0
USR2031,53,1,59939,143,14423,100000,0.24062797177130082,0.14423,5,318,0.76,1,0,0.53,2,1,0
USR9396,31,5,31266,278,44143,300000,1.4118531311968272,0.14714333333333332,10,194,0.49,3,0,0.22,2,0,0
USR3170,55,5,30849,274,37050,500000,1.2010113780025284,0.0741,15,341,0.16,2,0,0.82,1,0,0
USR3724,52,2,9517,251,2993,500000,0.3144898602500788,0.005986,4,552,0.39,1,1,0.26,1,1,0
USR7652,63,3,35797,365,42903,500000,1.198508254881694,0.085806,3,688,0.18,1,0,0.37,1,0,0
USR3978,50,2,18226,167,6647,200000,0.36469878195983757,0.033235,12,128,0.04,0,0,0.16,2,0,0
USR5854,42,2,10716,262,7864,200000,0.7338559163867114,0.03932,8,565,0.94,0,0,0.07,0,1,0
USR5831,50,3,39087,314,87180,500000,2.23040908742037,0.17436,0,72,0.87,2,0,0.37,1,0,0
USR4735,58,1,20519,98,15519,300000,0.7563234075734685,0.05173,1,462,0.69,0,0,0.32,2,0,0
USR8247,55,1,10151,270,5745,300000,0.5659540931927889,0.01915,5,588,0.9,1,0,0.13,2,1,0
USR9121,58,6,11050,102,15748,100000,1.425158371040724,0.15748,5,40,0.0,0,0,0.47,0,0,0
USR2578,55,1,16586,291,21082,200000,1.271071988423972,0.10541,1,386,0.84,1,1,0.39,0,0,0
USR3898,45,2,36265,221,36221,200000,0.9987867089480215,0.181105,18,551,0.93,0,0,0.01,2,0,0
USR4447,62,1,58187,153,19497,100000,0.33507484489662637,0.19497,2,353,0.47,1,1,0.43,0,0,0
USR3084,53,2,59566,112,88242,300000,1.4814155726421112,0.29414,4,394,0.64,1,0,0.06,2,0,0
USR9066,48,1,30994,267,53745,500000,1.7340452990901465,0.10749,0,372,0.06,0,0,0.61,2,1,0
USR1697,33,2,34167,282,62737,200000,1.8361869640296191,0.313685,13,138,0.36,0,0,0.83,0,0,0
USR9784,20,0,12568,81,9433,100000,0.7505569700827498,0.09433,2,502,0.27,1,0,0.22,2,0,0
USR9784,41,2,11200,65,4836,300000,0.4317857142857143,0.01612,6,304,0.27,1,1,0.91,0,0,0
USR6892,32,2,37040,162,52932,500000,1.429049676025918,0.105864,1,60,0.79,0,0,0.96,0,1,0
USR2070,37,4,6232,308,1000,100000,0.16046213093709885,0.01,2,647,0.95,1,0,0.34,2,0,0
USR7630,61,3,14532,278,17493,300000,1.203757225433526,0.05831,10,420,0.87,0,1,0.77,2,0,0
USR4365,36,1,20256,85,24860,300000,1.2272906793048972,0.08286666666666667,5,290,0.19,3,1,0.59,2,0,0
USR5038,24,0,56851,37,49343,500000,0.8679354804664826,0.098686,8,366,0.04,0,0,0.2,0,0,0
USR5529,43,3,15403,290,9057,300000,0.5880023372070375,0.03019,0,91,0.09,0,0,0.91,0,0,0
USR9371,41,1,9812,85,11320,100000,1.153689359967387,0.1132,22,449,0.28,0,0,0.46,1,0,0
USR8966,49,2,55401,140,57670,200000,1.0409559394234762,0.28835,0,618,0.85,2,1,0.62,2,1,0
USR2354,65,2,38121,13,61143,100000,1.603919099708822,0.61143,11,321,0.94,0,1,0.08,1,0,0
USR7289,26,1,50610,50,40516,300000,0.8005532503457815,0.13505333333333333,5,128,0.8,2,0,0.46,2,0,0
USR1938,19,3,56983,350,80590,200000,1.4142814523629854,0.40295,6,272,0.21,0,0,0.88,0,0,0
USR1819,41,1,42363,245,10751,300000,0.25378278214479616,0.03583666666666667,4,75,0.84,0,0,0.1,0,0,0
USR7665,25,0,22027,185,17777,300000,0.8070549779815681,0.059256666666666666,2,521,0.46,1,0,0.74,2,0,0
USR5486,32,2,29182,95,1000,200000,0.03426769926667123,0.005,0,162,0.7,1,1,0.59,1,0,0
USR7189,53,1,24448,127,40527,500000,1.657681609947644,0.081054,7,391,0.46,1,0,0.31,1,0,0
USR7839,69,3,55621,318,82685,100000,1.4865788101616295,0.82685,0,659,0.01,0,0,0.38,0,0,0
USR8813,51,2,42806,299,39068,500000,0.912675793113115,0.078136,2,82,0.51,3,1,0.06,1,0,0
USR3136,53,1,28753,77,32782,500000,1.1401245087469134,0.065564,3,489,0.34,3,1,0.97,0,0,0
USR1277,63,4,12743,343,5203,100000,0.40830259750451225,0.05203,14,423,0.09,3,0,0.09,1,1,0
USR4330,64,1,17864,229,1000,300000,0.055978504254366325,0.0033333333333333335,8,389,0.54,0,0,0.06,2,0,0
USR6679,50,3,22304,31,26330,500000,1.1805057388809181,0.05266,7,231,0.91,2,1,0.77,0,0,0
USR5194,44,2,31818,199,86411,100000,2.7157898045131685,0.86411,9,331,0.0,2,1,0.67,0,0,0
USR8393,49,1,56062,77,25481,500000,0.4545146445007313,0.050962,12,519,0.98,2,0,0.68,1,0,0
USR1445,37,3,51363,95,1000,100000,0.019469267760839515,0.01,5,430,0.9,2,0,0.26,0,0,0
USR9472,51,4,57824,144,107037,300000,1.851082595462092,0.35679,7,22,0.9,1,0,0.42,0,0,0
USR3517,38,3,15758,93,20061,500000,1.2730676481787029,0.040122,0,400,0.3,3,0,0.12,0,0,0
USR5283,69,0,43092,200,22556,500000,0.5234382251926112,0.045112,19,29,0.56,0,1,0.76,0,0,0
USR4070,42,2,15859,321,21886,100000,1.380036572293335,0.21886,10,536,0.54,3,1,0.33,0,1,0
USR3868,56,2,7318,314,21586,200000,2.949713036348729,0.10793,5,208,0.7,1,0,0.73,0,1,1
USR5744,54,1,30133,150,38314,500000,1.2714963661102445,0.076628,2,501,0.23,0,1,0.83,0,0,0
USR8915,63,1,57045,328,75791,500000,1.3286177579104217,0.151582,0,82,0.4,0,0,0.36,1,1,0
USR4617,60,1,54678,211,92069,500000,1.6838399356231026,0.184138,1,540,0.34,0,0,0.06,0,0,0
USR4689,46,4,58140,92,96575,500000,1.661076711386309,0.19315,9,681,0.11,0,0,0.83,2,0,0
USR4355,56,3,7299,156,6658,100000,0.9121797506507741,0.06658,8,220,0.88,3,1,0.01,2,0,0
USR2535,31,2,5406,11,4440,100000,0.8213096559378469,0.0444,5,688,0.72,0,0,0.4,1,1,0
USR9476,37,0,14592,15,16359,300000,1.12109375,0.05453,6,227,0.33,1,1,0.14,2,1,0
USR6465,38,4,57940,272,54687,500000,0.9438557128063514,0.109374,9,121,0.92,0,0,0.54,2,1,0
USR5310,41,1,19574,363,10502,300000,0.5365280474098294,0.035006666666666665,23,107,0.78,3,0,0.09,1,0,0
USR1062,44,4,34079,207,70686,200000,2.074180580416092,0.35343,2,82,0.36,3,1,0.65,0,0,0
USR3514,57,1,49471,305,49979,300000,1.0102686422348446,0.16659666666666667,2,147,0.35,1,1,0.46,0,0,0
USR4548,70,1,13374,175,20093,100000,1.5023927022581127,0.20093,18,385,0.35,3,1,0.28,0,1,0
USR8121,69,2,22221,304,27497,200000,1.237433058818235,0.137485,16,575,0.54,0,1,0.53,0,0,0
USR3745,46,3,6476,344,1000,200000,0.15441630636195183,0.005,13,504,0.24,0,0,0.12,2,0,0
USR8454,28,0,39339,169,54696,100000,1.3903759627850225,0.54696,1,673,0.89,0,1,0.2,1,0,0
USR7405,66,5,46158,65,35536,300000,0.7698773777026734,0.11845333333333333,6,513,0.19,0,0,0.71,0,1,0
USR4520,18,1,24098,76,34668,500000,1.4386256120839904,0.069336,2,404,0.24,0,0,0.86,1,0,0
USR3991,41,1,17629,207,17010,300000,0.9648874014408078,0.0567,2,659,0.05,2,0,0.36,1,0,0
USR1192,28,0,11977,122,2651,500000,0.22134090339817986,0.005302,15,519,0.67,0,0,0.88,1,0,0
USR9592,18,6,6076,327,3083,300000,0.5074061882817643,0.010276666666666667,0,91,0.11,3,1,0.94,0,0,0
USR3615,56,0,22296,99,1891,100000,0.08481341944743452,0.01891,4,225,0.18,1,0,0.04,2,1,0
USR8470,18,2,53771,269,42335,500000,0.7873203027654312,0.08467,3,228,0.83,0,1,0.25,1,0,0
USR4920,67,2,26009,204,14595,200000,0.5611519089545927,0.072975,14,597,0.53,1,1,0.83,1,0,0
USR6525,31,0,25029,203,14452,500000,0.5774102041631707,0.028904,12,375,0.86,1,1,0.21,0,1,0
USR6850,26,2,28019,201,1000,500000,0.03569006745422749,0.002,2,59,0.18,0,0,0.24,0,0,0
USR1439,49,2,53257,315,72484,300000,1.361022964117393,0.24161333333333335,14,428,0.03,1,1,0.25,2,1,0
USR8897,25,0,23581,191,5879,500000,0.24931088588270217,0.011758,17,159,0.01,2,1,0.95,0,1,0
USR3562,53,2,45626,67,87455,500000,1.9167799061938369,0.17491,14,694,0.88,1,0,0.43,1,1,1
USR7379,32,1,39376,13,47050,300000,1.1948902885006094,0.15683333333333332,7,680,0.61,1,0,0.64,0,0,0
USR2530,31,0,23009,200,44941,100000,1.9531922291277326,0.44941,10,265,0.11,0,0,0.4,1,1,0
USR5703,48,3,21732,178,17959,300000,0.8263850542978097,0.05986333333333333,3,82,0.89,1,0,0.9,0,0,0
USR9699,67,2,17216,286,19485,100000,1.1317960037174721,0.19485,4,86,0.85,1,0,0.79,2,1,0
USR1312,55,2,30307,132,47791,500000,1.5768964265681196,0.095582,7,549,0.6,0,1,0.15,0,1,0
USR7446,29,0,40178,213,45932,500000,1.1432127034695605,0.091864,12,301,0.51,3,1,0.77,0,0,0
USR3502,39,2,29175,175,41387,100000,1.4185775492716366,0.41387,1,23,0.15,0,0,0.63,0,1,0
USR5263,40,2,47280,303,35339,200000,0.7474407783417936,0.176695,2,438,0.78,3,0,0.44,0,0,0
USR7187,56,2,47749,199,35476,300000,0.7429684391296153,0.11825333333333334,6,597,0.76,0,1,0.47,2,1,0
USR8882,54,2,11608,2,18886,500000,1.6269813921433494,0.037772,6,581,0.11,3,0,0.51,0,1,0
USR6793,35,3,44885,209,1000,100000,0.022279157847833353,0.01,11,110,0.49,0,0,0.69,1,1,0
USR8106,66,1,59302,265,92198,100000,1.5547199082661631,0.92198,10,424,0.97,0,1,0.97,0,0,0
USR9621,25,3,16040,51,5389,500000,0.3359725685785536,0.010778,1,398,0.5,2,0,0.05,1,0,0
USR9916,56,0,16454,84,12866,100000,0.7819375227908107,0.12866,1,146,0.8,3,0,0.5,0,0,0
USR9976,62,2,22399,177,1000,300000,0.044644850216527525,0.0033333333333333335,3,511,0.61,1,0,0.94,1,0,0
USR3227,60,1,49891,224,54978,200000,1.101962277765529,0.27489,5,508,0.86,0,0,0.76,0,0,0
USR1518,53,2,36619,53,1000,500000,0.027308227969087086,0.002,1,630,0.93,3,0,0.71,0,0,0
USR1368,22,1,46974,251,107900,200000,2.297015370204794,0.5395,4,414,0.4,1,0,0.06,0,1,0
USR6386,55,4,54403,320,55482,100000,1.0198334650662648,0.55482,0,310,0.16,0,1,0.83,2,0,0
USR4406,51,3,38682,174,1000,500000,0.02585181738276201,0.002,11,125,0.11,0,0,0.31,0,0,0
USR1578,20,1,12624,61,7167,500000,0.5677281368821293,0.014334,8,270,0.59,2,0,0.15,0,0,0
USR2838,28,0,5250,222,8662,300000,1.649904761904762,0.028873333333333334,3,494,0.29,0,0,0.81,1,0,0
USR8316,29,2,41495,66,9422,300000,0.22706350162670202,0.031406666666666666,15,625,0.19,1,1,0.7,1,0,0
USR9510,61,3,6755,237,1000,500000,0.14803849000740193,0.002,12,24,0.67,1,0,0.31,0,0,0
USR9141,69,0,26323,106,24058,500000,0.9139535767199787,0.048116,10,613,0.61,1,0,0.54,0,1,0
USR3501,24,4,45679,213,57653,500000,1.2621335843604282,0.115306,1,324,0.02,3,0,0.0,0,0,0
USR4388,70,2,35304,85,24179,200000,0.6848799002945842,0.120895,2,160,0.15,0,0,0.45,0,0,0
USR3682,33,3,13606,199,16044,100000,1.179185653388211,0.16044,8,249,0.99,0,0,0.53,0,0,0
USR7699,67,0,59334,292,68563,100000,1.1555431961438636,0.68563,0,102,0.6,0,0,0.13,0,0,0
USR3245,50,3,49107,346,35132,300000,0.7154173539413933,0.11710666666666666,5,36,0.15,0,1,0.29,1,0,0
USR6351,35,2,53184,12,60493,500000,1.1374285499398316,0.120986,8,547,0.79,1,1,0.29,0,1,0
USR1765,49,2,28883,63,1000,200000,0.03462244226707752,0.005,11,528,0.54,0,0,0.62,0,1,0
USR3297,36,2,59075,115,123041,100000,2.0827930596699114,1.23041,15,411,0.78,3,1,0.98,0,0,1
USR7232,51,0,39585,286,24592,500000,0.6212454212454213,0.049184,0,241,0.82,0,1,0.15,2,0,0
USR3491,52,2,5330,236,1000,200000,0.18761726078799248,0.005,0,59,0.1,3,0,0.85,0,0,0
USR4810,70,4,33843,226,31160,300000,0.9207221582011051,0.10386666666666666,15,86,0.24,2,0,0.1,0,0,0
USR7116,54,2,56488,321,61851,100000,1.0949405183401784,0.61851,3,283,0.59,0,1,0.56,2,0,0
USR3313,32,1,38026,151,54967,500000,1.445510966181034,0.109934,0,84,0.68,3,0,0.05,0,0,0
USR4707,61,5,27664,105,1000,200000,0.03614806246385194,0.005,11,133,0.66,2,0,0.45,0,1,0
USR4551,20,6,21698,317,24056,100000,1.108673610471011,0.24056,12,438,0.48,1,0,0.13,0,1,0
USR1656,41,1,15865,144,14882,100000,0.938039710053577,0.14882,15,292,0.67,0,0,0.09,1,0,0
USR3246,64,2,54040,298,16447,500000,0.30434863064396744,0.032894,6,88,0.93,0,1,0.47,0,0,0
USR8119,64,4,47850,304,1000,300000,0.02089864158829676,0.0033333333333333335,3,521,0.8,0,1,0.9,1,0,0
USR8903,36,2,41398,197,23477,200000,0.5671046910478768,0.117385,6,254,0.28,1,0,0.0,0,0,0
USR6408,43,2,40804,163,111635,200000,2.7358837368885403,0.558175,8,34,0.5,0,0,0.98,0,0,0
USR5827,54,2,46104,218,96976,500000,2.10341835849384,0.193952,9,417,0.66,1,1,0.21,0,0,0
USR6476,59,1,48174,18,57532,300000,1.1942541619960976,0.19177333333333332,3,374,0.95,1,0,0.05,0,0,0
USR3536,37,2,20170,187,23436,100000,1.161923648983639,0.23436,22,207,0.61,3,0,0.03,0,0,0
USR9959,36,0,18840,33,9199,300000,0.4882696390658174,0.030663333333333334,7,178,0.29,1,0,0.55,2,0,0
USR1037,54,5,46633,144,40319,300000,0.8646023202453198,0.13439666666666666,7,385,0.78,2,0,0.87,0,0,0
USR1357,56,1,42740,155,1000,100000,0.02339728591483388,0.01,2,333,0.12,0,0,0.11,0,1,0
USR5684,54,0,50746,169,81227,200000,1.6006581799550703,0.406135,10,151,0.46,1,1,0.45,1,0,0
USR8401,42,3,49575,272,46806,200000,0.9441452344931921,0.23403,13,396,0.95,0,0,0.2,0,0,0
USR8152,66,3,59581,130,25677,500000,0.43095953407965626,0.051354,14,514,0.81,1,0,0.95,1,0,0
USR1879,35,4,43239,295,48820,100000,1.1290732903166123,0.4882,15,292,0.44,3,0,0.54,1,0,0
USR5789,67,1,22927,107,11285,200000,0.49221441967985347,0.056425,5,574,0.76,1,0,0.66,2,0,0
USR7335,25,3,48778,2,78159,200000,1.6023412194021895,0.390795,3,404,0.4,0,0,0.66,1,1,0
USR4208,63,2,28397,210,16932,200000,0.5962601683276403,0.08466,6,315,0.16,0,1,0.95,0,0,0
USR5959,37,2,47734,341,64789,200000,1.3572924959148616,0.323945,12,542,0.7,0,0,0.84,0,0,0
USR2914,37,3,15249,52,13152,500000,0.862482785756443,0.026304,12,337,0.7,1,0,0.46,0,0,0
USR3939,57,2,25531,17,35232,100000,1.3799694489052525,0.35232,7,476,0.92,2,1,0.56,1,0,0
USR3000,47,2,31508,30,52581,300000,1.6688142693919004,0.17527,0,534,0.04,1,0,0.28,1,0,0
USR9609,59,2,30423,273,55526,100000,1.825132301219472,0.55526,11,243,0.65,2,0,0.13,2,0,0
USR1647,28,1,26751,265,3131,500000,0.11704235355687638,0.006262,8,89,0.15,0,0,0.43,1,1,0
USR3921,23,0,44311,4,33468,300000,0.7552977815892217,0.11156,12,603,0.17,3,0,0.25,0,1,0
USR7962,50,2,55750,320,46208,500000,0.8288430493273543,0.092416,18,33,0.07,0,0,0.74,0,0,0
USR1998,28,4,51579,306,53569,100000,1.0385815932840885,0.53569,3,340,0.49,3,1,0.29,1,0,0
USR8140,44,2,43790,79,61490,300000,1.404201872573647,0.20496666666666666,10,450,0.66,0,0,0.42,0,1,0
USR6741,61,3,45302,145,1000,500000,0.022074080614542406,0.002,1,35,0.46,0,0,0.78,0,1,0
USR1946,51,4,11466,18,11215,200000,0.9781091923949067,0.056075,10,614,1.0,0,1,0.96,0,0,0
USR5102,59,4,34093,147,21362,500000,0.6265802364121668,0.042724,6,672,0.56,0,0,0.52,0,0,0
USR6791,29,0,20166,103,22380,200000,1.1097887533472182,0.1119,16,235,0.93,1,0,0.9,2,1,0
USR1743,21,2,56996,294,86638,500000,1.520071583970805,0.173276,3,334,0.8,2,0,0.41,0,1,0
USR9297,43,0,21304,211,21841,200000,1.0252065339842282,0.109205,6,155,0.57,1,0,0.21,0,0,0
USR3911,43,2,10901,139,9099,200000,0.8346940647647005,0.045495,11,299,0.03,0,0,0.66,2,0,0
USR3331,64,1,56345,219,59172,500000,1.0501730410861656,0.118344,7,357,0.03,0,1,0.18,1,0,0
USR8373,27,4,29798,62,38082,100000,1.2780052352506879,0.38082,15,179,0.28,0,0,0.84,2,0,0
USR4821,30,2,55813,247,34831,100000,0.6240660777954957,0.34831,15,215,0.01,1,0,0.94,2,0,0
USR4183,41,3,14162,29,1000,500000,0.07061149555147578,0.002,21,552,0.28,0,0,0.77,0,0,0
USR9812,43,0,19893,163,11767,500000,0.591514603126728,0.023534,12,145,0.7,0,0,0.87,2,0,0
USR1405,45,1,27413,206,40228,300000,1.467478933352789,0.13409333333333334,19,81,0.8,0,0,0.28,0,0,0
USR5941,30,2,25855,280,23239,200000,0.8988203442274222,0.116195,19,194,0.91,0,0,0.79,0,0,0
USR2014,67,4,5085,194,1838,500000,0.3614552605703048,0.003676,7,313,0.36,0,0,0.58,0,1,0
USR9586,66,1,14756,60,18254,100000,1.2370561127676878,0.18254,2,595,0.6,0,1,0.56,0,0,0
USR6726,31,5,51199,268,82119,200000,1.6039180452743218,0.410595,0,675,0.92,0,0,0.4,2,0,0
USR1204,20,2,15401,111,31114,100000,2.020258424777612,0.31114,12,554,0.62,2,0,0.08,1,0,0
USR6548,55,1,46089,221,13793,200000,0.29926880600577144,0.068965,7,459,0.94,0,1,0.75,1,0,0
USR4432,62,1,14678,325,11945,200000,0.8138029704319389,0.059725,7,538,0.57,0,0,1.0,0,0,0
USR7426,61,1,55600,230,65865,300000,1.1846223021582734,0.21955,4,163,0.98,0,0,0.75,0,0,0
USR2094,53,0,45701,281,54275,500000,1.1876107743813045,0.10855,7,603,0.16,0,1,0.08,1,0,0
USR9831,59,1,6600,330,8719,500000,1.321060606060606,0.017438,12,19,0.23,0,0,0.03,0,1,0
USR7420,29,3,35589,285,29517,100000,0.8293854842788502,0.29517,10,339,0.77,3,0,0.16,0,0,0
USR4090,26,1,39995,162,83679,200000,2.092236529566196,0.418395,6,473,0.2,0,0,0.55,0,0,0
USR3478,22,3,40595,50,20367,100000,0.5017120335016627,0.20367,6,401,0.02,0,0,0.76,0,0,0
USR1940,27,2,7330,286,11140,100000,1.519781718963165,0.1114,17,508,0.34,1,0,0.08,2,0,0
USR8288,48,3,8366,21,10844,200000,1.2961989003107817,0.05422,7,589,0.6,3,0,0.56,0,1,0
USR6392,32,2,55090,151,80128,100000,1.4544926483935379,0.80128,19,586,0.05,0,0,0.75,2,0,0
USR4889,33,2,27657,73,6658,300000,0.24073471453881476,0.022193333333333332,7,173,0.22,2,0,0.16,0,0,0
USR9853,54,3,5829,95,9614,200000,1.6493395093498027,0.04807,17,402,0.32,1,1,0.83,2,0,0
USR3429,40,0,37446,310,1000,500000,0.026705122042407735,0.002,16,375,0.95,0,0,0.34,1,0,0
USR5523,70,5,58706,160,43691,300000,0.7442339794910231,0.14563666666666666,0,530,0.7,0,0,0.51,0,0,0
USR2834,41,3,53445,167,69077,500000,1.2924876040789597,0.138154,22,454,0.7,0,1,0.79,2,0,0
USR9554,30,1,33707,38,27859,100000,0.8265048802919275,0.27859,0,607,0.23,1,0,0.16,0,0,0
USR6388,55,2,17807,36,17316,200000,0.9724265738192845,0.08658,9,537,0.35,0,0,0.25,1,0,0
USR6125,41,0,40933,239,45021,300000,1.099870520118242,0.15007,0,697,0.39,0,0,0.98,1,0,0
USR4225,70,6,51282,98,44230,300000,0.8624858624858625,0.14743333333333333,7,306,0.76,3,1,0.98,2,0,0
USR9018,19,5,5183,286,3644,200000,0.7030677213968743,0.01822,10,346,0.89,1,0,0.72,0,1,0
USR7682,54,5,37872,254,34865,500000,0.9206009716941276,0.06973,1,450,0.1,1,0,0.45,0,1,0
USR1298,40,4,57311,267,31874,300000,0.5561585036031478,0.10624666666666667,6,485,0.36,0,0,0.3,0,0,0
USR9682,44,1,38147,114,16135,500000,0.42296904081579156,0.03227,28,483,0.43,0,1,0.03,2,1,0
USR8618,23,1,29999,217,5527,500000,0.18423947464915497,0.011054,4,535,0.37,1,0,0.93,0,0,0
USR1352,57,0,40716,93,56590,100000,1.389871303664407,0.5659,8,635,0.1,2,0,0.23,1,0,0
USR9803,56,0,50928,26,68130,300000,1.337770970782281,0.2271,3,541,0.83,3,0,0.6,1,0,0
USR4016,32,2,48899,246,81941,300000,1.6757193398638008,0.2731366666666667,4,540,0.95,0,0,0.9,0,0,0
USR3556,37,3,10925,328,12071,500000,1.1048970251716248,0.024142,6,337,0.74,1,0,0.15,1,0,0
USR4413,55,0,18295,53,11699,300000,0.6394643345176277,0.038996666666666666,7,365,0.54,1,0,0.1,2,0,0
USR2192,40,4,16705,70,23161,200000,1.3864711164322059,0.115805,10,393,0.24,0,1,0.38,0,0,0
USR8014,60,0,20839,229,23675,300000,1.1360909832525552,0.07891666666666666,4,494,0.39,1,0,0.57,2,0,0
USR6027,65,1,10447,327,23131,500000,2.2141284579305065,0.046262,2,155,0.66,2,0,0.01,1,1,0
USR5727,41,3,12764,162,10612,500000,0.8314008147916013,0.021224,6,438,0.2,1,1,0.62,0,0,0
USR9939,23,2,10225,56,4075,100000,0.39853300733496333,0.04075,3,638,0.27,0,1,0.72,2,1,0
USR2443,23,3,28216,112,1000,300000,0.03544088460447973,0.0033333333333333335,7,43,0.71,1,0,0.57,1,0,0
USR9393,69,3,57173,196,51171,500000,0.8950203767512637,0.102342,9,270,0.28,1,0,0.51,1,1,0
USR3485,23,2,5825,350,5630,100000,0.9665236051502146,0.0563,9,410,0.85,3,1,0.79,0,0,0
USR1010,23,4,37997,121,6937,200000,0.1825670447666921,0.034685,10,581,0.3,0,0,0.02,2,0,0
USR9601,27,2,27109,46,49999,200000,1.844369028735844,0.249995,0,298,0.66,0,0,0.67,0,0,0
USR9734,31,4,8618,51,1000,200000,0.11603620329542817,0.005,2,661,0.43,1,1,0.15,2,0,0
USR9916,52,1,26101,223,24966,300000,0.956515076050726,0.08322,1,583,0.12,2,0,0.8,1,0,0
USR9393,30,1,32875,97,13827,300000,0.42059315589353613,0.04609,4,170,0.34,1,0,0.18,0,0,0
USR9988,29,1,59237,71,106424,500000,1.7965798403025137,0.212848,20,677,0.45,0,0,0.57,0,0,0
USR4697,21,2,47374,239,16558,100000,0.34951661248786253,0.16558,5,179,0.67,3,0,0.22,1,0,0
USR8018,36,0,45265,347,59006,200000,1.3035678780514746,0.29503,3,13,0.28,0,0,0.32,1,0,0
USR1985,22,4,46562,283,83580,500000,1.7950259868562346,0.16716,7,419,0.32,1,0,0.48,2,0,0
USR7275,69,5,45545,363,54744,300000,1.2019760676254254,0.18248,15,413,0.52,0,1,0.66,0,1,0
USR3987,59,1,29009,231,14185,500000,0.4889861767037816,0.02837,10,197,0.15,0,0,0.05,0,1,0
USR5381,57,1,12294,118,19603,500000,1.5945176508866115,0.039206,14,137,0.46,1,1,0.3,2,0,0
USR1833,29,0,29292,219,30231,500000,1.032056534207292,0.060462,16,25,0.39,1,0,0.65,0,0,0
USR9241,52,2,43864,49,43272,100000,0.9865037388291081,0.43272,4,652,0.63,0,1,0.74,1,0,0
USR9798,33,1,38964,238,6924,300000,0.1777024946104096,0.02308,15,81,0.32,0,0,0.84,0,1,0
USR3506,28,2,59410,95,91885,300000,1.5466251472816024,0.30628333333333335,8,582,0.75,0,0,0.16,2,0,0
USR1466,59,1,40593,190,69926,300000,1.7226122730520042,0.23308666666666666,12,165,0.43,2,1,0.57,2,0,0
USR8307,36,1,48414,26,16068,500000,0.3318874705663651,0.032136,20,499,0.49,3,0,0.7,1,0,0
USR5077,34,3,10249,64,1000,100000,0.09757049468240804,0.01,22,178,0.76,1,1,0.48,0,0,0
USR2842,57,4,51771,134,31881,500000,0.6158080778814394,0.063762,13,430,0.05,3,0,0.44,0,0,0
USR1109,32,4,33008,246,30347,300000,0.9193831798351915,0.10115666666666667,1,585,0.91,0,1,0.47,1,0,0
USR5737,54,1,21334,197,32331,200000,1.5154682666166683,0.161655,18,602,0.29,0,0,0.16,2,0,0
USR7757,49,2,23249,337,13002,200000,0.5592498602090412,0.06501,1,363,0.48,2,0,0.39,2,0,0
USR4455,58,4,23738,91,24406,200000,1.0281405341646306,0.12203,0,372,0.4,0,0,0.38,0,1,0
USR6119,34,2,45492,283,1000,100000,0.021981886925173656,0.01,5,592,0.03,2,0,0.53,1,0,0
USR4335,65,1,48869,310,50314,100000,1.029568847326526,0.50314,5,662,0.37,0,0,0.24,1,0,0
USR9148,62,4,5598,53,4254,300000,0.759914255091104,0.01418,8,128,0.78,1,0,0.29,2,1,0
USR5677,41,2,16924,277,27004,200000,1.5956038761522098,0.13502,4,88,0.4,0,0,0.39,0,0,0
USR5527,27,3,22166,259,26160,100000,1.180185870251737,0.2616,4,55,0.56,0,0,0.62,0,0,0
USR5917,42,1,19287,355,28633,500000,1.4845751024005807,0.057266,3,364,0.62,1,0,0.39,1,0,0
USR4323,58,1,12163,296,5111,200000,0.4202088300583738,0.025555,2,567,0.7,1,0,0.61,1,0,0
USR2091,61,1,49645,67,44168,100000,0.889676704602679,0.44168,11,485,0.49,1,0,0.2,0,0,0
USR3088,20,0,58390,168,35714,200000,0.6116458297653707,0.17857,1,157,0.95,0,0,0.14,0,1,0
USR5759,45,2,17489,111,16822,100000,0.9618617416661902,0.16822,13,120,0.08,1,0,0.7,0,1,0
USR4176,31,2,49606,66,52645,200000,1.061262750473733,0.263225,5,513,0.57,1,0,0.94,0,0,0
USR3874,25,1,51678,21,82746,100000,1.60118425635667,0.82746,19,74,0.56,3,0,0.36,1,1,0
USR1855,29,2,19028,186,29387,100000,1.5444082404877024,0.29387,1,300,0.82,1,1,0.19,0,0,0
USR4432,37,2,10425,157,15486,200000,1.4854676258992805,0.07743,5,126,0.88,0,0,0.16,0,0,0
USR5360,34,3,6393,72,8854,300000,1.3849522915689034,0.029513333333333332,9,655,0.78,1,0,0.25,2,0,0
USR7281,60,2,31018,49,18471,200000,0.5954929395834677,0.092355,16,228,0.33,1,0,0.64,1,0,0
USR5630,56,1,48365,230,55373,500000,1.144898170164375,0.110746,6,426,0.59,0,0,0.81,2,0,0
USR1172,52,4,32253,40,21274,500000,0.6595975568164202,0.042548,11,11,0.71,0,0,0.39,0,1,0
USR1071,33,1,21599,243,13372,300000,0.6191027362377888,0.04457333333333333,2,545,0.93,3,0,0.75,0,0,0
USR9537,21,2,8774,334,6500,200000,0.7408251652609984,0.0325,8,437,0.9,2,0,0.51,0,0,0
USR3010,37,1,5254,145,6578,200000,1.25199847735059,0.03289,12,11,0.09,3,1,0.68,0,0,0
USR1768,45,0,42408,66,48565,500000,1.1451848707790984,0.09713,4,141,0.21,0,0,0.16,0,0,0
USR4285,20,4,23052,87,51317,500000,2.226140898837411,0.102634,19,288,0.86,1,1,0.04,1,0,0
USR2379,54,3,12545,161,23246,500000,1.8530091669988042,0.046492,20,564,0.47,1,0,0.26,2,1,0
USR1421,62,3,47187,272,68579,200000,1.4533452010087524,0.342895,15,427,0.94,1,0,0.67,2,0,0
USR1629,57,1,23577,95,36116,500000,1.5318318700428384,0.072232,15,442,0.86,0,0,0.43,0,0,0
USR6699,53,3,37274,69,1000,200000,0.026828352202607715,0.005,5,118,0.07,1,0,0.29,0,0,0
USR3180,63,0,38650,90,10106,300000,0.26147477360931437,0.03368666666666666,4,378,0.91,0,0,0.65,0,0,0
USR7832,20,1,41182,99,52348,300000,1.271137875770968,0.17449333333333333,5,114,0.02,1,0,0.09,0,0,0
USR2601,40,2,40104,6,5374,300000,0.13400159585078794,0.017913333333333333,6,80,0.41,1,0,0.92,0,0,0
USR6934,64,2,16632,132,25096,200000,1.508898508898509,0.12548,14,170,0.48,0,0,0.15,0,0,0
USR7595,47,1,21369,182,34886,500000,1.6325518274135429,0.069772,23,320,0.33,0,0,0.51,0,0,0
USR7795,55,1,47264,296,102416,100000,2.166892349356804,1.02416,3,338,0.22,3,0,0.96,1,0,0
USR4986,29,0,53796,322,1000,200000,0.01858874265744665,0.005,11,633,0.89,1,0,1.0,2,0,0
USR7925,58,0,30697,96,27564,100000,0.8979379092419455,0.27564,7,602,0.31,0,1,0.07,1,0,0
USR4344,56,2,33534,284,25980,200000,0.7747360887457506,0.1299,12,393,0.3,0,1,0.65,0,0,0
USR2676,19,1,11584,287,11140,500000,0.961671270718232,0.02228,19,684,0.43,0,0,0.93,0,0,0
USR1302,57,1,20607,139,8191,100000,0.3974862910661426,0.08191,4,273,0.27,0,1,0.38,0,0,0
USR6920,51,1,40611,123,13017,500000,0.3205289207357612,0.026034,1,465,0.11,0,1,0.35,0,0,0
USR5235,51,2,30777,17,27430,100000,0.8912499593852552,0.2743,6,394,0.46,1,0,0.02,2,0,0
USR1735,25,2,10807,239,2754,200000,0.25483482927732026,0.01377,12,54,0.44,1,0,0.73,0,0,0
USR9350,63,1,53612,200,55951,100000,1.043628292173394,0.55951,6,358,0.78,1,0,0.77,2,0,0
USR2299,26,6,5245,156,1000,100000,0.19065776930409914,0.01,19,334,0.74,3,0,0.08,0,0,0
USR1641,42,3,25011,134,26869,300000,1.074287313582024,0.08956333333333333,21,543,0.03,0,0,0.21,1,0,0
USR3296,29,3,15997,76,21448,500000,1.340751390885791,0.042896,7,427,0.66,1,0,0.97,2,0,0
USR7601,67,3,21761,103,27700,100000,1.2729194430403015,0.277,8,270,0.61,0,1,0.41,2,1,0
USR9018,36,2,6220,62,1000,500000,0.1607717041800643,0.002,11,370,0.31,2,0,0.34,0,0,0
USR7403,23,1,33120,247,27220,300000,0.8218599033816425,0.09073333333333333,5,450,0.37,0,0,0.43,2,0,0
USR9702,26,2,14438,125,27900,200000,1.932400609502701,0.1395,11,187,0.44,0,1,0.67,0,0,0
USR3477,65,5,34111,335,14523,200000,0.4257570871566357,0.072615,7,334,0.98,3,0,0.61,0,1,0
USR1055,64,0,8318,245,8986,500000,1.0803077662899736,0.017972,11,432,0.09,3,0,0.88,2,1,0
USR8023,30,3,24793,277,30155,100000,1.216270721574638,0.30155,9,494,0.01,1,0,0.12,1,1,0
USR2755,26,1,23312,278,24886,300000,1.067518874399451,0.08295333333333334,3,662,0.3,3,0,0.7,1,0,0
USR4692,56,2,40530,39,35305,200000,0.8710831482852208,0.176525,23,339,0.6,0,0,0.97,1,0,0
USR4405,48,3,49958,255,24291,500000,0.48622843188278153,0.048582,9,87,0.52,2,0,0.84,1,0,0
USR7540,68,0,46261,223,32712,200000,0.7071183069972548,0.16356,5,671,0.98,1,0,0.49,0,1,0
USR4012,68,3,41022,23,91548,200000,2.2316805616498465,0.45774,5,379,0.15,0,0,0.67,0,0,0
USR4292,59,1,14297,140,14962,300000,1.0465132545289222,0.04987333333333333,8,650,0.39,2,1,0.23,0,0,0
USR4534,68,1,24734,43,24036,200000,0.9717797363952454,0.12018,10,41,0.69,0,0,0.36,2,0,0
USR8119,31,1,13327,352,11433,300000,0.8578824941847377,0.03811,12,362,0.62,2,0,0.81,0,0,0
USR4033,55,1,52856,272,15322,500000,0.28988194339337064,0.030644,19,418,0.32,0,0,0.74,1,0,0
USR6331,46,2,28785,48,69890,500000,2.4280006948063226,0.13978,7,576,0.66,3,0,0.89,2,0,0
USR7429,35,1,59221,318,11759,500000,0.19856132115296937,0.023518,2,112,0.93,1,0,0.07,0,0,0
USR9540,42,3,46829,125,75803,500000,1.6187191697452434,0.151606,0,172,0.99,0,0,0.97,1,0,0
USR2117,30,2,51178,264,1000,200000,0.019539645941615537,0.005,9,494,0.39,3,0,0.89,1,0,0
USR1236,62,1,5618,347,3862,500000,0.687433250266999,0.007724,4,19,0.85,0,1,0.72,0,0,0
USR4830,48,2,59436,67,97255,500000,1.6362978666128272,0.19451,6,434,0.83,1,0,0.35,1,0,0
USR3525,49,0,42195,35,37483,500000,0.8883280009479796,0.074966,15,221,0.7,0,1,0.1,0,0,0
USR3263,35,5,7794,81,11936,100000,1.531434436746215,0.11936,1,221,0.03,2,1,0.01,1,1,0
USR1547,44,3,18241,47,23600,500000,1.293788717723809,0.0472,0,29,0.6,2,0,0.75,0,0,0
USR4850,43,2,35343,69,58624,500000,1.6587160116571882,0.117248,12,95,0.59,0,1,0.23,0,0,0
USR1505,22,0,55465,353,88235,500000,1.5908230415577391,0.17647,10,551,0.15,1,0,0.85,2,1,0
USR5646,49,1,49359,300,73130,500000,1.481594035535566,0.14626,5,639,0.25,0,0,0.64,0,1,0
USR9207,38,2,50031,269,44767,500000,0.8947852331554437,0.089534,13,681,0.46,3,0,0.67,0,0,0
USR2105,70,0,24971,126,38119,500000,1.5265307756998119,0.076238,0,175,0.05,1,0,0.98,2,1,0
USR3632,55,1,30183,73,51832,300000,1.7172580591723818,0.17277333333333333,4,132,0.77,2,0,0.15,0,0,0
USR5801,54,3,18686,234,5019,200000,0.26859681044632344,0.025095,4,484,0.14,0,1,0.41,0,0,0
USR5637,33,3,56575,165,77425,200000,1.3685373398144056,0.387125,24,429,0.87,0,0,0.91,0,0,0
USR2915,58,0,8623,305,1000,500000,0.11596892032935173,0.002,4,23,0.79,1,0,0.24,0,0,0
USR3246,20,1,26246,157,13940,500000,0.5311285529223501,0.02788,0,247,0.45,0,0,0.66,2,0,0
USR3473,67,1,58322,289,68694,200000,1.177840266108844,0.34347,0,419,0.2,0,0,0.23,0,0,0
USR7271,52,3,10093,215,20626,200000,2.043594570494402,0.10313,11,68,0.01,0,0,0.88,1,0,0
USR7566,23,2,5806,126,2666,500000,0.45918015845676885,0.005332,9,597,0.91,0,1,0.76,0,0,0
USR7575,57,1,55759,335,79086,200000,1.4183539876970535,0.39543,5,533,0.85,0,0,0.93,0,0,0
USR2535,65,3,30577,281,14535,300000,0.4753572946986297,0.04845,12,396,0.74,3,1,0.87,1,0,0
USR7715,45,2,26266,29,23501,200000,0.8947308307317444,0.117505,18,221,0.14,0,0,0.42,2,1,0
USR8445,18,2,15851,259,23866,200000,1.5056463314617374,0.11933,3,288,0.83,0,1,0.82,0,0,0
USR1467,28,3,17558,220,21686,200000,1.235106504157649,0.10843,2,641,0.94,0,1,0.1,0,0,0
USR4359,60,0,17811,326,13415,100000,0.7531862332266577,0.13415,8,111,0.37,3,1,0.06,0,1,0
USR5452,36,3,47606,87,80145,100000,1.6835062807209176,0.80145,6,623,0.99,2,0,0.23,0,0,0
USR3944,57,2,37796,132,51913,100000,1.3735051328182877,0.51913,12,45,0.56,2,1,0.45,0,1,0
USR3034,34,4,54113,224,27021,100000,0.49934396540572507,0.27021,24,459,0.66,2,0,0.85,0,0,0
USR8317,70,0,50993,100,86056,300000,1.687604180966015,0.28685333333333335,11,390,0.45,1,0,0.39,1,0,0
USR1402,18,3,39479,252,1000,300000,0.025329922237138734,0.0033333333333333335,15,574,0.51,1,0,0.09,0,0,0
USR5363,25,4,52264,291,33446,300000,0.6399433644573703,0.11148666666666666,0,37,0.94,2,0,0.29,0,0,0
USR8631,35,2,54835,152,103589,300000,1.8891036746603447,0.34529666666666664,4,374,0.22,2,0,0.03,0,1,0
USR7674,20,1,23768,186,21237,200000,0.8935122854257825,0.106185,6,184,0.45,0,1,0.86,2,0,0
USR2763,34,0,8079,294,10527,500000,1.3030077979948014,0.021054,3,582,0.35,0,0,0.19,0,0,0
USR4252,21,2,8374,128,3912,200000,0.4671602579412467,0.01956,18,357,0.04,1,1,0.08,2,0,0
USR9813,40,2,17927,343,16154,300000,0.9010989010989011,0.05384666666666667,12,537,0.46,0,0,0.5,2,0,0
USR8051,57,1,42486,19,46845,500000,1.1025985030362944,0.09369,5,272,0.61,1,0,0.87,2,0,0
USR9773,54,1,9570,338,7765,500000,0.8113897596656218,0.01553,12,347,0.23,1,0,0.65,1,0,0
USR1193,31,4,55316,251,86363,100000,1.5612661797671559,0.86363,12,394,0.12,1,0,0.02,0,0,0
USR7134,62,0,20157,335,22276,500000,1.1051247705511733,0.044552,17,97,0.1,0,0,0.23,0,0,0
USR2508,35,2,23946,111,20526,300000,0.8571786519669256,0.06842,1,399,0.43,1,0,0.45,0,0,0
USR2746,40,1,39626,279,45992,500000,1.1606520971079595,0.091984,15,312,0.23,3,0,0.39,1,0,0
USR5549,39,1,11643,282,11487,100000,0.9866013913939706,0.11487,14,695,0.35,1,0,1.0,0,0,0
USR9692,32,0,38153,92,47848,500000,1.2541084580504809,0.095696,15,355,0.2,0,0,0.77,0,0,0
USR8965,22,1,21250,70,25514,300000,1.2006588235294118,0.08504666666666667,6,315,0.52,1,0,0.35,0,0,0
USR9527,64,4,38178,139,59913,300000,1.5693069306930694,0.19971,13,296,0.2,0,1,0.06,2,0,0
USR8371,67,0,50112,102,88756,300000,1.7711526181353767,0.29585333333333336,14,591,0.88,0,0,0.42,0,0,0
USR5471,70,2,24524,274,22561,100000,0.9199559615070951,0.22561,2,55,0.59,0,0,0.52,0,1,0
USR7850,21,5,8934,39,9933,200000,1.1118200134318335,0.049665,2,587,0.54,0,0,0.68,2,1,0
USR2069,28,1,5801,363,11639,200000,2.0063782106533354,0.058195,6,381,0.1,1,0,0.78,1,1,1
USR9330,48,2,25704,58,28400,100000,1.104886399004046,0.284,3,153,0.93,3,1,0.05,1,0,0
USR4583,49,3,5580,25,5087,100000,0.9116487455197133,0.05087,12,369,0.85,1,1,0.24,1,0,0
USR9280,67,2,55927,228,24712,100000,0.44186171258962575,0.24712,0,210,0.72,2,1,0.01,1,0,0
USR1899,58,5,32240,31,51137,200000,1.58613523573201,0.255685,1,621,0.02,0,1,0.62,2,0,0
USR4371,66,1,51436,60,107503,100000,2.0900342172797264,1.07503,11,654,0.65,0,0,0.26,0,0,0
USR7994,44,1,10391,109,14131,300000,1.359926859782504,0.04710333333333333,19,551,0.1,3,0,0.95,0,0,0
USR3866,46,0,45636,171,52483,500000,1.150035060040319,0.104966,3,541,0.8,0,0,0.95,2,0,0
USR2588,25,2,7727,27,10531,500000,1.3628833958845605,0.021062,0,499,0.44,0,1,0.84,1,0,0
USR4907,56,2,10316,265,21350,200000,2.069600620395502,0.10675,2,581,0.56,0,0,0.08,0,0,0
USR3423,33,2,49239,272,36284,500000,0.7368955502751884,0.072568,13,481,0.59,0,0,0.79,0,0,0
USR7138,66,3,18622,223,26001,500000,1.3962517452475567,0.052002,3,5,0.05,0,0,0.21,1,0,0
USR4533,22,1,7180,355,6460,100000,0.8997214484679665,0.0646,3,131,0.49,1,0,0.1,0,0,0
USR8781,24,1,16008,270,2525,500000,0.1577336331834083,0.00505,1,575,0.57,1,0,0.89,2,0,0
USR9760,54,1,5134,191,6086,100000,1.185430463576159,0.06086,11,37,0.69,3,0,0.11,0,1,0
USR3588,41,1,44996,46,19021,100000,0.42272646457462887,0.19021,1,343,0.72,3,1,0.16,0,1,0
USR2633,21,2,58216,53,78810,500000,1.3537515459667446,0.15762,5,93,0.14,0,0,0.05,0,0,0
USR7690,52,3,13307,46,1000,200000,0.07514841812579845,0.005,6,105,0.97,2,0,0.81,0,0,0
USR5522,35,2,24302,235,2281,500000,0.09386058760595836,0.004562,4,220,0.79,0,0,0.79,0,0,0
USR5942,31,1,26310,38,36156,100000,1.374230330672748,0.36156,1,162,0.77,0,0,0.63,1,0,0
USR3490,61,1,34696,229,30733,300000,0.8857793405579893,0.10244333333333333,4,561,0.83,1,1,0.29,0,0,0
USR7483,21,1,56906,106,84212,200000,1.4798439531859557,0.42106,9,543,0.25,3,1,0.7,0,1,0
USR6719,27,0,52216,292,29596,300000,0.5667994484449211,0.09865333333333333,27,112,0.35,0,0,0.21,0,1,0
USR2264,55,1,56764,295,22207,300000,0.3912162638291875,0.07402333333333333,10,469,0.02,1,0,0.53,0,1,0
USR4520,49,1,16965,354,31428,200000,1.8525198938992042,0.15714,9,342,0.2,2,1,0.01,2,0,0
USR7828,45,3,34645,242,13946,200000,0.40254004906912977,0.06973,0,62,0.7,0,0,0.2,1,0,0
USR8090,52,3,14381,105,13182,500000,0.9166261038870732,0.026364,15,280,0.03,0,0,0.24,0,0,0
USR9762,52,0,12087,120,7441,200000,0.6156200876975263,0.037205,10,35,0.71,3,0,0.67,0,0,0
USR8019,64,1,10425,163,5314,300000,0.5097362110311751,0.017713333333333334,24,538,0.34,2,0,0.72,0,0,0
USR8332,41,3,36029,169,64047,500000,1.7776513364234368,0.128094,0,563,0.98,1,0,0.72,0,0,0
USR8546,32,1,56481,315,33347,200000,0.5904109346505905,0.166735,3,45,0.92,0,1,0.16,0,0,0
USR1915,36,3,48657,173,87569,500000,1.799720492426578,0.175138,2,578,0.18,1,0,0.15,2,0,0
USR4644,37,0,6342,277,4463,300000,0.7037212235887732,0.014876666666666667,6,116,0.3,1,1,0.69,0,0,0
USR3545,25,2,11460,54,21607,200000,1.8854275741710296,0.108035,12,358,0.39,0,1,0.24,2,1,0
USR7009,32,1,21768,87,8956,500000,0.4114296214626975,0.017912,14,459,0.77,1,0,0.67,1,1,0
USR6113,68,1,29829,16,42590,200000,1.4278051560561869,0.21295,2,445,0.55,2,0,0.5,2,0,0
USR6639,42,2,42304,9,40726,500000,0.9626985627836612,0.081452,7,478,0.96,3,0,0.54,0,0,0
USR1735,70,1,22878,285,16920,500000,0.7395751376868608,0.03384,16,626,0.84,0,1,0.01,1,0,0
USR6114,65,4,53604,123,44194,300000,0.8244533990000746,0.14731333333333332,24,249,0.64,1,1,0.7,0,0,0
USR7100,66,3,27208,43,12495,500000,0.45923992943251984,0.02499,3,556,0.69,3,0,0.11,1,0,0
USR5800,57,3,41295,126,34078,500000,0.8252330790652621,0.068156,1,644,0.94,0,1,0.36,0,0,0
USR2138,50,1,25942,99,12906,500000,0.49749441060828004,0.025812,12,151,0.36,2,1,0.85,1,0,0
USR4332,34,0,26987,295,23858,500000,0.8840552858783859,0.047716,6,114,0.95,2,0,0.47,2,0,0
USR6311,59,3,25525,221,23094,100000,0.9047600391772772,0.23094,5,384,0.83,1,0,0.04,2,0,0
USR1570,36,1,12717,353,18259,100000,1.4357946056459856,0.18259,3,442,0.34,0,0,0.07,2,0,0
USR6954,43,4,50437,67,11778,100000,0.2335190435592918,0.11778,2,430,0.49,2,0,0.02,0,0,0
USR8276,36,3,34255,168,41452,300000,1.2101007152240548,0.13817333333333334,15,97,0.45,1,1,0.83,0,1,0
USR7450,46,1,27709,342,21211,200000,0.765491356598939,0.106055,6,332,0.89,1,0,0.38,0,0,0
USR6294,64,0,49542,160,80110,500000,1.6170118283476647,0.16022,0,590,0.12,3,0,0.46,0,0,0
USR4268,52,2,19897,233,19812,100000,0.9957279991958586,0.19812,4,240,0.7,2,0,0.91,2,1,0
USR9078,63,2,22282,359,25771,500000,1.1565837896059599,0.051542,2,492,0.73,0,0,0.2,0,0,0
USR5038,66,1,5451,335,10726,200000,1.9677123463584663,0.05363,11,461,0.79,2,0,0.7,0,0,0
USR7837,22,4,10126,110,23451,100000,2.3159194153663836,0.23451,0,64,0.69,0,0,0.71,0,0,0
USR3528,49,5,18122,147,24045,100000,1.326840304602141,0.24045,14,448,0.76,0,0,0.7,2,1,0
USR6724,28,3,9529,341,3338,100000,0.35029908699758633,0.03338,14,401,0.09,3,0,0.78,0,0,0
USR1927,40,1,29864,308,35871,200000,1.2011451915349585,0.179355,15,292,0.6,1,0,0.0,0,0,0
USR2106,44,0,59649,150,81983,200000,1.374423712048819,0.409915,3,343,0.55,1,0,0.47,0,0,0
USR9805,68,3,26489,254,11819,500000,0.4461852089546604,0.023638,7,490,0.62,0,1,0.97,0,0,0
USR6007,46,1,51347,279,33255,100000,0.6476522484273668,0.33255,1,254,0.75,0,0,0.78,1,1,0
USR5219,68,0,45083,267,45045,500000,0.9991571102189295,0.09009,2,590,0.35,0,0,0.2,1,0,0
USR6389,55,3,5138,292,4563,500000,0.8880887504865707,0.009126,11,602,0.14,1,0,0.69,0,0,0
USR3308,39,1,50461,126,17737,300000,0.3514991775826876,0.05912333333333333,10,406,0.0,3,0,0.97,0,0,0
USR3701,33,2,54980,245,34722,200000,0.6315387413604947,0.17361,25,467,0.42,1,0,0.41,1,0,0
USR8554,24,3,13521,202,17734,100000,1.311589379483766,0.17734,5,113,0.69,0,0,0.69,0,1,0
USR1736,64,0,58897,318,82076,500000,1.3935514542336622,0.164152,13,118,0.36,0,0,0.37,0,0,0
USR7117,69,2,43462,256,47418,300000,1.0910220422437993,0.15806,23,409,0.85,2,0,0.45,2,0,0
USR4982,67,3,38888,13,80219,500000,2.062821435918535,0.160438,12,163,0.29,3,1,0.28,0,0,0
USR9150,64,0,20632,364,29929,100000,1.4506107018224117,0.29929,8,79,0.54,1,0,0.95,0,0,0
USR6468,58,3,34951,44,41342,500000,1.182855998397757,0.082684,11,642,0.5,0,1,0.25,0,0,0
USR3481,49,3,25731,251,14412,200000,0.5601025999766818,0.07206,0,644,0.36,1,0,0.07,0,0,0
USR6426,68,3,58654,251,111491,100000,1.900825178163467,1.11491,22,646,0.15,0,0,0.06,0,0,0
USR3553,63,3,27385,65,17388,100000,0.6349461383969326,0.17388,0,95,0.87,2,1,0.45,1,0,0
USR7400,30,3,42787,167,23399,500000,0.5468717133708837,0.046798,0,380,0.39,1,0,0.17,0,0,0
USR2595,24,2,22287,204,28216,200000,1.2660295239377215,0.14108,6,159,0.95,2,1,0.22,1,0,0
USR5775,22,7,59505,153,75603,200000,1.2705318880766323,0.378015,4,271,0.04,0,0,0.6,0,0,0
USR2785,30,3,37484,52,37219,100000,0.9929303169352257,0.37219,17,14,0.18,0,1,0.36,0,1,0
USR2393,27,1,19322,238,10865,200000,0.5623123900217368,0.054325,0,269,0.68,1,0,0.73,2,0,0
USR8237,40,1,46087,282,88018,300000,1.9098227265823333,0.29339333333333334,5,636,0.99,0,0,0.08,0,1,1
USR7089,54,3,39915,363,46138,500000,1.15590630088939,0.092276,7,544,0.12,0,0,0.82,0,0,0
USR7725,39,2,25203,134,38166,200000,1.5143435305320796,0.19083,1,579,0.92,0,1,0.16,0,1,0
USR5688,56,1,53694,164,102207,200000,1.9035087719298245,0.511035,10,24,0.09,1,1,0.42,0,0,0
USR2884,26,1,28085,362,27133,500000,0.9661029019049314,0.054266,16,571,0.97,2,0,0.15,0,0,0
USR2122,20,0,31893,152,37535,500000,1.1769040228263254,0.07507,13,93,0.25,0,1,0.17,0,1,0
USR7725,28,1,48975,284,46172,300000,0.9427667177131189,0.15390666666666666,9,146,0.73,1,0,0.04,2,0,0
USR5893,37,1,47520,48,94776,300000,1.9944444444444445,0.31592,4,280,0.13,3,1,0.53,0,0,0
USR3975,31,2,7794,359,16162,300000,2.073646394662561,0.053873333333333336,12,196,0.45,0,0,0.36,0,0,0
USR1619,39,0,50641,87,1000,200000,0.01974684544144073,0.005,12,644,0.12,0,0,0.71,0,0,0
USR2812,59,1,53885,179,74657,200000,1.3854876125081192,0.373285,0,625,0.09,1,1,0.96,1,0,0
USR9838,32,4,53692,92,85749,200000,1.5970535647768755,0.428745,13,246,0.83,3,0,0.75,0,0,0
USR6536,52,3,58029,331,38505,500000,0.6635475365765393,0.07701,15,567,0.98,1,1,0.36,0,0,0
USR7076,20,4,35089,280,44838,200000,1.2778363589728974,0.22419,0,46,0.16,1,0,0.1,2,0,0
USR5816,43,1,36768,324,51450,100000,1.3993146214099217,0.5145,5,192,0.37,0,0,0.83,0,0,0
USR4054,56,2,34495,196,67825,200000,1.9662269894187563,0.339125,1,111,0.73,2,1,0.44,0,0,0
USR5580,29,2,14553,95,15696,200000,1.0785405071119356,0.07848,4,283,0.63,1,1,0.42,1,0,0
USR3731,65,1,20892,220,16607,100000,0.7948975684472526,0.16607,23,308,0.02,1,1,0.99,2,1,0
USR3530,52,4,32773,161,21898,100000,0.6681719708296463,0.21898,3,87,0.11,0,0,0.84,0,0,0
USR9363,68,1,8236,144,10058,100000,1.221223895094706,0.10058,8,79,0.05,1,0,0.04,1,0,0
USR6501,68,3,27686,204,34445,300000,1.24413060752727,0.11481666666666666,4,229,0.66,0,0,0.48,0,0,0
USR3180,38,1,17555,347,10973,100000,0.6250640843064654,0.10973,0,473,0.65,0,0,0.48,0,1,0
USR7052,57,2,51587,11,14783,100000,0.2865644445305988,0.14783,10,580,0.66,1,0,0.02,1,0,0
USR3286,53,2,33072,215,20026,100000,0.6055273343009192,0.20026,9,143,0.22,0,0,0.81,1,0,0
USR7137,62,1,39795,361,62308,200000,1.565724337228295,0.31154,7,671,0.5,2,1,0.58,0,0,0
USR7192,33,2,55794,218,46176,300000,0.8276158726744811,0.15392,0,396,0.31,1,0,0.78,1,0,0
USR9832,41,4,53747,182,1000,200000,0.018605689619885762,0.005,11,286,0.0,3,0,0.37,0,1,0
USR2802,48,3,49436,169,11565,100000,0.23393883000242738,0.11565,16,298,0.57,0,0,0.21,1,0,0
USR8370,50,3,57096,14,34870,200000,0.6107257951520246,0.17435,6,631,0.35,2,0,0.0,2,0,0
USR9604,44,2,47398,322,36075,200000,0.7611080636313768,0.180375,4,332,0.53,1,0,0.09,1,0,0
USR9037,33,2,38090,209,37803,100000,0.9924652139669204,0.37803,6,340,0.05,0,0,0.14,0,1,0
USR4070,51,3,57366,237,113853,500000,1.9846773350067985,0.227706,17,366,0.11,2,0,0.25,0,0,0
USR8374,55,3,42279,138,60865,500000,1.4396035857044869,0.12173,17,503,0.48,3,0,0.27,2,0,0
USR4217,20,3,51293,47,32833,200000,0.6401068371902598,0.164165,7,436,0.46,2,0,0.28,0,0,0
USR8201,54,1,10169,129,13357,100000,1.3135018192545973,0.13357,4,338,0.26,0,0,0.62,0,0,0
USR9838,37,2,36691,31,27406,100000,0.7469406666484969,0.27406,6,453,0.3,1,0,0.72,0,1,0
USR7738,27,0,8105,185,12655,100000,1.5613818630475016,0.12655,11,98,0.0,2,0,0.68,0,0,0
USR9558,37,6,27442,317,24718,200000,0.9007360979520443,0.12359,17,291,0.18,3,0,0.61,0,1,0
USR1155,22,2,7349,284,1766,100000,0.2403048033746088,0.01766,18,183,0.89,2,0,0.89,0,0,0
USR7421,64,2,7407,64,1144,300000,0.1544484946672067,0.0038133333333333335,2,561,0.61,0,0,0.61,1,0,0
USR8650,33,0,38809,347,16409,100000,0.42281429565307016,0.16409,6,123,0.58,0,1,0.87,0,0,0
USR4136,25,0,36325,197,15516,200000,0.427143840330351,0.07758,8,163,0.66,0,0,0.06,2,0,0
USR3927,45,1,46020,339,26784,300000,0.5820078226857888,0.08928,9,607,0.55,0,0,0.38,1,0,0
USR4144,30,3,50514,106,89827,100000,1.7782594924179436,0.89827,16,605,0.04,0,0,0.44,2,1,0
USR9243,67,2,50253,311,60272,200000,1.1993711818199908,0.30136,21,101,0.64,1,0,0.51,1,0,0
USR1633,45,7,25676,137,8725,200000,0.3398114971179311,0.043625,11,657,0.44,0,0,0.66,0,0,0
USR4005,63,0,47382,295,78448,100000,1.6556498248279938,0.78448,10,436,0.77,0,0,0.81,0,0,0
USR2506,62,1,22715,231,1000,500000,0.04402377283733216,0.002,6,402,0.68,2,0,0.34,0,0,0
USR7144,34,1,8407,4,9485,500000,1.1282264779350542,0.01897,16,144,0.19,1,0,0.31,0,0,0
USR7181,25,1,23831,253,44652,200000,1.8736939280768747,0.22326,1,127,0.96,1,0,0.21,2,0,0
USR1258,66,1,42139,102,92231,100000,2.1887325280618906,0.92231,0,104,0.3,0,0,0.32,0,0,0
USR1941,19,1,52355,30,72348,200000,1.3818737465380575,0.36174,14,465,0.68,0,0,0.23,0,0,0
USR1805,42,1,7625,171,11565,100000,1.51672131147541,0.11565,2,181,0.3,3,0,0.01,2,0,0
USR9502,37,1,55602,202,64584,200000,1.161540951764325,0.32292,4,509,0.2,1,0,0.14,2,0,0
USR1952,25,3,44136,92,25472,100000,0.5771252492296538,0.25472,4,511,0.39,1,0,0.68,0,0,0
USR4145,28,0,14921,4,15098,200000,1.0118624757053816,0.07549,5,501,0.67,1,0,0.99,1,0,0
USR1651,31,2,24672,12,22734,200000,0.9214494163424124,0.11367,1,103,0.11,2,1,0.76,0,0,0
USR4421,56,1,43502,246,32163,200000,0.7393453174566686,0.160815,13,212,0.08,0,0,0.08,0,0,0
USR8987,30,2,28829,327,62479,300000,2.1672274445870476,0.20826333333333333,12,106,0.22,3,0,0.07,2,0,0
USR5004,48,0,28264,209,38095,300000,1.3478276252476649,0.12698333333333334,1,489,0.73,0,0,0.31,0,1,0
USR5953,31,2,52651,318,65759,500000,1.2489601337106608,0.131518,5,54,0.54,2,0,0.89,0,0,0
USR6226,33,3,23642,44,60672,100000,2.566280348532273,0.60672,0,91,0.13,1,0,0.8,0,0,0
USR7431,69,2,5487,6,2922,100000,0.5325314379442319,0.02922,1,463,0.71,0,0,0.66,0,0,0
USR1470,47,0,22934,110,1930,300000,0.08415453039155839,0.0064333333333333334,10,134,0.79,0,1,0.83,1,0,0
USR3323,33,0,54903,190,68426,200000,1.2463071234723058,0.34213,13,70,0.47,0,0,0.06,0,1,0
USR7913,23,3,54024,95,10100,100000,0.1869539463941952,0.101,23,174,0.88,3,1,0.5,0,0,0
USR5042,66,4,36905,312,61518,300000,1.6669286004606423,0.20506,1,241,0.36,2,0,0.73,0,1,0
USR4563,48,1,12946,284,16691,500000,1.2892785416344816,0.033382,17,461,0.39,1,1,0.21,1,0,0
USR8373,39,2,8964,33,10572,100000,1.179384203480589,0.10572,3,651,0.21,0,0,0.2,2,0,0
USR9721,41,3,50120,127,10240,500000,0.20430965682362331,0.02048,10,386,0.88,0,0,0.82,2,1,0
USR1473,48,1,41575,212,36833,300000,0.8859410703547805,0.12277666666666667,2,634,0.63,1,0,0.94,0,0,0
USR1339,22,5,30872,127,54673,300000,1.7709575019435086,0.18224333333333334,3,428,0.11,3,0,0.53,0,1,0
USR3468,35,2,58412,154,47596,200000,0.8148325686502773,0.23798,8,84,0.54,0,0,0.72,0,0,0
USR5076,26,1,7398,222,3646,300000,0.49283590159502566,0.012153333333333334,0,409,0.76,0,0,0.29,1,0,0
USR8517,58,1,16372,303,23343,200000,1.4257879306132422,0.116715,19,611,0.68,0,0,0.44,0,0,0
USR1709,25,5,41327,220,1000,300000,0.024197256031166067,0.0033333333333333335,11,529,0.36,1,0,0.98,2,0,0
USR1024,48,1,51880,324,16619,200000,0.3203353893600617,0.083095,2,266,0.82,2,0,0.56,2,1,0
USR9061,69,2,46594,119,38425,100000,0.8246769970382453,0.38425,6,40,0.84,0,0,0.82,2,0,0
USR7352,20,2,22658,38,29889,100000,1.3191367287492277,0.29889,7,685,0.37,3,1,0.95,1,0,0
USR9657,59,3,11304,198,10387,300000,0.9188782731776363,0.03462333333333333,4,67,0.11,0,0,0.27,1,1,0
USR2253,33,2,37173,162,33471,200000,0.9004115890565734,0.167355,14,410,0.72,1,0,1.0,1,0,0
USR9680,25,2,43351,205,29486,300000,0.6801688542363498,0.09828666666666666,16,346,0.91,0,1,0.44,2,1,0
USR7254,29,4,6536,124,2046,100000,0.3130354957160343,0.02046,1,180,0.27,0,0,0.9,2,0,0
USR4639,64,1,30073,347,8824,200000,0.2934193462574402,0.04412,7,159,0.73,0,1,0.36,0,0,0
USR7021,58,4,56670,248,115416,100000,2.036633139227104,1.15416,0,343,0.4,0,0,0.88,2,1,1
USR9516,69,2,20037,22,7525,500000,0.37555522283775017,0.01505,4,186,0.99,1,0,0.02,0,0,0
USR4678,70,2,30477,117,39226,200000,1.2870689372313548,0.19613,0,390,0.55,0,0,0.48,2,0,0
USR4561,62,2,38904,49,80225,200000,2.0621272876825003,0.401125,13,151,0.99,0,0,0.17,0,0,0
USR1982,60,2,55183,112,77561,200000,1.4055234401899135,0.387805,8,533,0.09,0,0,0.38,0,0,0
USR7860,62,4,23434,112,36546,100000,1.5595288896475208,0.36546,7,97,0.04,1,0,0.4,0,0,0
USR2101,29,1,49099,149,89881,300000,1.8306075480152346,0.29960333333333333,10,475,0.78,3,0,0.65,2,1,1
USR2417,52,2,49788,311,35105,100000,0.7050895798184301,0.35105,3,436,0.21,2,0,0.08,2,0,0
USR7909,45,1,46174,151,58022,100000,1.2565946203491143,0.58022,13,686,0.13,0,1,0.54,1,0,0
USR6916,37,1,23072,167,24781,500000,1.0740724687933425,0.049562,4,33,0.76,1,0,0.19,0,0,0
USR9655,29,2,17643,281,12409,300000,0.7033384345066032,0.041363333333333335,15,160,0.61,1,0,0.88,2,0,0
USR4005,55,2,46122,104,12653,500000,0.2743376262954772,0.025306,0,662,0.93,0,0,0.9,2,0,0
USR9301,32,3,30502,306,9599,200000,0.3147006753655498,0.047995,8,350,0.45,1,0,0.42,1,1,0
USR5706,33,1,41200,55,53573,300000,1.3003155339805825,0.17857666666666666,8,130,0.63,0,0,0.47,0,1,0
USR3717,63,4,18463,37,7746,100000,0.41954178627525324,0.07746,2,104,0.28,3,0,0.43,1,0,0
USR6647,25,2,48327,288,53142,200000,1.0996337451114284,0.26571,9,168,0.32,2,1,0.64,2,0,0
USR6405,19,2,8835,128,6115,300000,0.6921335597057159,0.020383333333333333,6,219,0.15,0,1,0.05,2,1,0
USR6141,42,2,59297,187,139158,200000,2.346796633893789,0.69579,5,680,0.25,0,0,0.95,2,0,0
USR3342,69,1,58014,168,25362,200000,0.43717033819422896,0.12681,7,649,0.55,0,1,0.31,1,0,0
USR4783,54,1,40899,256,41116,200000,1.0053057531968996,0.20558,4,699,0.24,0,0,0.99,2,1,0
USR2529,33,2,54510,225,65921,300000,1.2093377361951936,0.21973666666666666,6,527,0.31,2,0,0.96,2,0,0
USR5358,62,3,20546,73,28547,500000,1.3894188649858854,0.057094,5,25,0.37,3,0,0.26,2,1,0
USR1634,25,2,40186,247,60488,100000,1.5052008162046484,0.60488,8,604,0.16,0,1,0.46,0,0,0
USR5712,58,2,41087,76,1000,300000,0.024338598583493562,0.0033333333333333335,7,624,0.62,0,0,0.35,1,1,0
USR1005,51,4,15138,179,33721,100000,2.2275729951116396,0.33721,3,397,0.48,0,0,0.82,2,1,1
USR4583,57,2,26272,220,8385,500000,0.31916108404384896,0.01677,18,325,0.46,2,0,0.7,1,0,0
USR4088,53,1,7839,178,5509,200000,0.7027682102308968,0.027545,27,471,0.36,0,0,0.54,2,1,0
USR1941,28,3,11500,339,2235,200000,0.19434782608695653,0.011175,14,534,0.55,0,0,0.83,0,1,0
USR7792,21,2,59395,297,18555,200000,0.31240003367286806,0.092775,10,627,0.41,1,0,0.19,0,0,0
USR9538,24,5,57339,355,16860,200000,0.2940407052791294,0.0843,0,112,0.66,1,0,0.89,0,0,0
USR4366,39,5,43066,268,20304,300000,0.4714624065388009,0.06768,13,572,0.76,0,1,0.62,1,0,0
USR6702,47,2,41371,255,48944,100000,1.183050929394987,0.48944,1,511,0.56,1,0,0.83,0,0,0
USR2663,68,2,28217,270,39303,300000,1.3928837225785873,0.13101,14,341,0.86,1,1,0.95,0,0,0
USR3375,44,2,21134,63,19158,500000,0.9065013721964607,0.038316,6,51,0.47,2,0,0.01,0,1,0
USR9455,30,3,33433,137,44820,300000,1.3405916310232404,0.1494,7,37,0.58,0,1,0.84,2,0,0
USR4623,43,3,37372,348,35108,300000,0.9394198865460773,0.11702666666666667,14,346,0.65,0,1,0.27,2,1,0
USR6488,22,3,46747,268,55959,500000,1.1970607739534087,0.111918,2,20,0.46,3,0,0.61,1,0,0
USR2821,46,2,49749,255,25312,200000,0.5087941466160124,0.12656,17,675,0.37,1,0,0.48,2,0,0
USR9091,28,3,42667,325,64904,300000,1.5211756158155014,0.21634666666666666,6,184,0.91,0,0,0.35,2,0,0
USR2305,30,5,53113,240,85137,200000,1.6029408995914372,0.425685,7,664,0.38,2,1,0.31,0,1,0
USR1646,53,0,13229,326,14367,500000,1.0860231310000756,0.028734,8,430,0.88,2,0,0.01,0,0,0
USR3388,41,4,57897,152,78366,300000,1.353541634281569,0.26122,5,627,0.57,2,0,0.1,0,1,0
USR3382,34,5,7101,201,5062,100000,0.7128573440360513,0.05062,1,140,0.42,0,0,0.43,2,1,0
USR6963,52,4,13217,179,28350,300000,2.144964818037376,0.0945,6,202,0.52,0,0,0.33,2,0,0
USR7690,26,1,20848,16,28664,100000,1.3749040675364543,0.28664,2,437,0.3,0,0,0.34,1,0,0
USR6784,34,2,44678,114,55398,300000,1.239939119924795,0.18466,10,72,0.82,1,0,0.87,0,0,0
USR5976,19,2,8179,240,2724,100000,0.3330480498838489,0.02724,0,538,0.17,0,0,0.63,1,0,0
USR3850,42,1,15014,324,13770,200000,0.917143998934328,0.06885,18,491,0.1,1,0,0.3,0,0,0
USR5104,48,4,10349,126,1983,300000,0.1916127162044642,0.00661,4,672,0.42,0,0,0.85,2,0,0
USR1410,33,5,15079,255,20652,200000,1.3695868426288216,0.10326,15,198,0.23,0,0,0.98,1,0,0
USR6938,54,4,26175,44,19039,300000,0.7273734479465138,0.06346333333333333,3,270,0.92,0,0,0.7,0,0,0
USR6676,48,0,30739,135,34558,200000,1.1242395653729789,0.17279,12,157,0.76,3,0,0.46,0,0,0
USR2847,70,2,24430,336,7393,200000,0.30261972984036023,0.036965,2,628,0.83,2,0,0.96,0,0,0
USR4433,42,1,20173,294,6026,500000,0.2987161056858177,0.012052,1,262,0.48,1,1,0.21,1,0,0
USR7694,19,2,56009,189,79525,200000,1.4198610937527898,0.397625,4,492,0.03,1,0,0.77,0,1,0
USR2415,67,2,16160,88,15555,300000,0.9625618811881188,0.05185,3,257,0.98,0,0,0.06,0,0,0
USR2741,41,1,41189,38,8975,300000,0.2178979824710481,0.029916666666666668,25,133,0.84,0,1,0.23,0,0,0
USR6411,44,4,14416,320,14338,300000,0.9945893451720311,0.047793333333333334,9,301,0.95,0,0,0.07,0,0,0
USR4825,44,0,59777,270,30565,300000,0.5113170617461565,0.10188333333333334,4,95,0.52,1,0,0.71,0,0,0
USR2597,19,3,27603,253,38267,100000,1.386334818679129,0.38267,6,694,0.99,1,0,0.16,0,0,0
USR5256,49,3,41272,349,39644,100000,0.9605543710021321,0.39644,14,47,0.9,1,1,0.07,0,1,0
USR9911,27,0,11264,167,4294,300000,0.38121448863636365,0.014313333333333334,8,664,0.17,1,0,0.63,0,1,0
USR4835,67,4,15619,164,17466,300000,1.1182534093091747,0.05822,7,455,0.02,0,1,0.02,2,1,0
USR6924,38,4,44184,173,5257,100000,0.11897972116603295,0.05257,3,349,0.19,0,0,0.41,1,1,0
USR4381,36,3,20248,173,37456,200000,1.849861714737258,0.18728,15,595,0.55,2,0,0.08,1,1,0
USR6705,27,3,34447,338,20543,300000,0.5963654309518971,0.06847666666666667,5,321,0.74,0,1,0.47,0,0,0
USR1176,53,0,30923,10,53567,300000,1.7322704782847718,0.17855666666666667,10,586,0.19,1,0,0.65,0,0,0
USR9437,28,1,54218,53,40887,100000,0.7541222472241691,0.40887,19,227,0.14,3,1,0.41,0,0,0
USR1487,63,3,45646,213,67162,300000,1.4713666038645226,0.22387333333333334,10,298,0.19,2,0,0.48,2,0,0
USR8268,63,3,41054,42,77454,500000,1.8866371120962635,0.154908,0,340,0.48,0,0,0.75,2,1,1
USR3372,29,5,29423,191,22362,100000,0.760017673248819,0.22362,3,617,0.34,1,0,0.7,0,1,0
USR2034,64,3,14721,202,27176,200000,1.8460702397934923,0.13588,5,375,0.39,0,0,0.85,0,1,1
USR2498,35,1,14071,158,19674,100000,1.3981948688792551,0.19674,8,118,0.92,0,0,0.45,0,1,0
USR8571,26,4,12253,326,2942,100000,0.24010446421284584,0.02942,4,423,0.34,0,1,0.27,0,0,0
USR4514,36,2,30785,353,12680,100000,0.4118889069351957,0.1268,3,398,0.73,1,0,0.43,2,0,0
USR2483,68,1,19590,45,7785,500000,0.39739663093415006,0.01557,6,368,0.43,1,0,0.09,1,0,0
USR3322,30,1,50786,80,30237,500000,0.5953806167053912,0.060474,10,585,0.92,3,0,0.23,0,1,0
USR9244,64,3,46401,183,12868,300000,0.2773216094480722,0.04289333333333333,8,286,0.76,2,0,0.83,1,1,0
USR3060,59,2,24660,34,44387,300000,1.7999594484995944,0.14795666666666665,1,205,0.5,2,0,0.08,1,1,0
USR6434,25,3,46993,238,58360,200000,1.2418870895665313,0.2918,11,24,0.07,3,0,0.91,2,1,0
USR6239,51,3,38597,150,66158,500000,1.7140710417908127,0.132316,11,311,0.26,3,0,0.62,1,0,0
USR5377,69,5,12018,244,16294,500000,1.3557996338825096,0.032588,25,117,0.22,2,1,0.83,2,0,0
USR8191,68,1,35331,153,21972,200000,0.6218901248195635,0.10986,12,628,0.26,3,0,0.42,1,0,0
USR3018,59,3,23263,139,40361,100000,1.7349868890512832,0.40361,10,86,0.27,1,0,0.12,2,0,0
USR4871,29,2,20819,262,25238,500000,1.2122580335270665,0.050476,8,236,0.74,0,0,0.91,1,0,0
USR4561,54,3,35744,272,40562,200000,1.1347918531781558,0.20281,6,233,0.37,0,1,0.41,2,0,0
USR3495,60,0,53304,191,74227,200000,1.3925221371754466,0.371135,10,642,0.64,0,0,0.7,0,0,0
USR1490,18,2,39634,254,77628,500000,1.9586213856789625,0.155256,8,215,0.89,2,0,0.54,1,0,0
USR4036,55,0,29295,72,39618,300000,1.3523809523809525,0.13206,5,143,0.09,2,1,0.94,0,0,0
USR1291,50,2,21738,244,5638,100000,0.25936148679731347,0.05638,4,11,0.22,1,0,0.2,1,0,0
USR7894,47,0,48602,124,9896,300000,0.20361302004032755,0.032986666666666664,13,233,0.26,0,0,0.59,0,0,0
USR8352,27,2,42309,86,62476,100000,1.4766598123330734,0.62476,7,419,0.08,1,0,0.45,1,1,0
USR3288,18,1,47346,274,71920,200000,1.5190301187006294,0.3596,8,563,0.92,0,1,0.82,2,0,0
USR8535,47,1,20826,357,22945,300000,1.1017478152309612,0.07648333333333333,2,96,0.73,1,0,0.14,0,0,0
USR9705,46,1,22266,343,1000,500000,0.044911524297134645,0.002,5,80,0.26,0,0,0.44,0,0,0
USR6984,54,2,49807,98,68166,200000,1.3686028068343807,0.34083,1,196,0.33,1,0,0.4,1,0,0
USR1983,26,6,49899,71,91214,500000,1.8279725044590072,0.182428,19,528,0.51,1,1,0.25,2,1,1
USR4590,29,1,8904,103,8332,500000,0.935759209344115,0.016664,14,437,0.21,1,0,0.83,1,1,0
USR4693,42,2,54038,132,99805,300000,1.8469410414893224,0.33268333333333333,19,454,0.21,0,0,0.08,0,0,0
USR8251,30,4,39284,147,46662,200000,1.1878118317890236,0.23331,11,475,0.81,2,0,0.77,2,0,0
USR1368,66,2,31824,246,38857,100000,1.220996732026144,0.38857,1,668,0.97,0,0,0.74,0,1,0
USR4116,27,1,6322,106,5664,200000,0.895919012970579,0.02832,5,410,0.91,3,0,0.89,2,0,0
USR2674,53,2,41660,56,1000,100000,0.02400384061449832,0.01,14,599,0.04,0,1,0.44,2,0,0
USR5104,36,1,15518,75,8984,300000,0.5789405851269493,0.029946666666666667,7,599,0.39,0,0,0.1,0,0,0
USR8012,36,3,53125,211,110041,200000,2.07136,0.550205,8,649,0.59,1,1,0.69,0,1,0
USR2902,42,3,48814,365,1000,100000,0.020485926168722086,0.01,10,8,0.93,1,0,0.33,2,0,0
USR3974,51,2,28113,200,16168,200000,0.5751076014655142,0.08084,10,70,0.41,0,0,0.55,1,0,0
USR6291,26,2,40371,354,21834,500000,0.5408337668128111,0.043668,1,117,0.94,0,0,0.63,0,1,0
USR1161,66,3,52702,113,71157,500000,1.3501764638913134,0.142314,13,460,0.31,1,0,0.08,2,0,0
USR4642,34,2,40624,287,17900,100000,0.4406262307995274,0.179,11,92,1.0,0,0,0.05,0,0,0
USR1916,37,1,6855,277,7884,500000,1.150109409190372,0.015768,1,108,0.7,1,1,0.34,0,0,0
USR9831,52,4,34493,357,21230,500000,0.6154872003015105,0.04246,14,298,0.13,3,0,0.44,1,0,0
USR9153,59,2,16359,310,17609,500000,1.0764105385414757,0.035218,4,532,0.91,1,0,0.38,0,0,0
USR6016,59,0,23036,277,36386,300000,1.5795276957805175,0.12128666666666667,11,13,0.2,1,1,0.37,1,0,0
USR2247,69,2,13726,85,3736,200000,0.2721841760163194,0.01868,4,174,0.91,0,0,0.1,2,0,0
USR4901,18,3,56241,25,27102,100000,0.48189043580306185,0.27102,2,308,0.15,2,0,0.37,1,0,0
USR7867,47,1,41109,264,27760,100000,0.6752779196769564,0.2776,7,27,0.44,3,0,0.54,0,0,0
USR2716,48,1,38036,168,17629,100000,0.4634819644547271,0.17629,2,535,0.21,3,0,0.47,0,0,0
USR1921,27,0,38836,190,31586,300000,0.8133175404264085,0.10528666666666667,13,29,0.23,0,0,0.41,0,1,0
USR9876,62,2,16660,180,36268,300000,2.176950780312125,0.12089333333333334,9,603,0.22,1,1,0.0,0,1,0
USR9647,34,1,27881,348,39863,200000,1.4297550303073778,0.199315,14,602,0.94,1,0,0.31,0,0,0
USR4840,41,1,51676,285,91318,500000,1.7671259385401348,0.182636,0,238,0.71,0,1,0.04,0,1,0
USR7723,18,0,35848,3,1000,100000,0.0278955590270029,0.01,5,121,0.96,0,0,0.34,0,0,0
USR7843,18,2,33564,23,61250,100000,1.824871886545108,0.6125,10,575,0.75,3,0,0.57,0,1,1
USR2392,28,3,19828,260,5493,300000,0.2770324793221707,0.01831,6,50,0.61,1,0,0.35,2,0,0
USR7809,45,2,48568,189,44729,200000,0.9209561851424807,0.223645,11,568,0.43,0,0,0.56,1,0,0
USR9988,26,1,38197,161,46670,500000,1.2218237034322068,0.09334,7,139,0.84,1,0,0.91,2,0,0
USR8998,39,4,48288,153,66557,500000,1.3783341616964877,0.133114,4,20,0.64,1,0,0.28,0,0,0
USR2146,60,6,21690,124,2417,300000,0.11143384047948364,0.008056666666666667,9,213,0.84,3,0,0.01,0,0,0
USR8486,70,2,52787,121,80576,500000,1.526436433212723,0.161152,13,172,0.5,0,0,0.43,0,0,0
USR6588,61,6,26450,242,43128,100000,1.6305482041587902,0.43128,16,334,0.15,0,1,0.61,2,1,0
USR5651,60,1,27248,170,34182,500000,1.2544773928361714,0.068364,4,403,0.16,0,0,0.71,0,0,0
USR8382,44,4,39236,152,29167,300000,0.7433734325619329,0.09722333333333333,14,62,0.07,0,0,0.87,2,0,0
USR9574,38,3,32361,22,37030,100000,1.144278606965174,0.3703,3,68,0.0,2,1,0.94,0,0,0
USR9865,58,0,9153,319,4577,200000,0.5000546268982847,0.022885,1,673,0.55,0,0,0.28,0,1,0
USR2393,44,0,45343,116,62463,100000,1.3775665483095516,0.62463,23,71,0.33,3,0,0.23,0,0,0
USR4063,61,2,44638,19,38179,100000,0.8553026569290739,0.38179,6,648,0.28,1,1,0.95,0,0,0
USR5525,59,1,35436,217,46009,100000,1.2983688903939496,0.46009,7,451,0.44,0,1,0.2,0,0,0
USR2570,65,1,8983,70,8914,100000,0.9923188244461761,0.08914,12,273,0.72,1,0,0.63,0,0,0
USR2039,67,3,53879,327,28766,500000,0.5339000352642032,0.057532,2,364,0.28,0,0,0.12,0,0,0
USR6457,64,1,22513,258,4404,100000,0.195620308266335,0.04404,2,212,0.57,1,0,0.49,0,0,0
USR6350,30,4,56579,203,64791,300000,1.1451421905654042,0.21597,1,204,0.64,1,0,0.69,2,0,0
USR8832,61,0,25108,58,41445,300000,1.6506691094471881,0.13815,4,664,0.0,0,1,0.62,2,0,0
USR6870,40,4,22177,338,49826,100000,2.2467421202146367,0.49826,2,614,0.64,0,0,0.59,2,1,0
USR5443,27,0,7712,288,12808,500000,1.6607883817427387,0.025616,10,302,0.64,1,0,0.27,1,1,0
USR2603,38,4,44322,43,35455,100000,0.7999413383872569,0.35455,3,96,0.32,3,0,0.59,0,0,0
USR6613,59,1,17008,64,5356,100000,0.31491063029162747,0.05356,10,114,0.75,3,1,0.46,1,0,0
USR5593,52,0,24053,218,33016,200000,1.3726354300918804,0.16508,2,470,0.23,1,0,0.51,0,0,0
USR2713,66,1,25476,352,27275,300000,1.0706154812372428,0.09091666666666667,5,136,0.74,0,1,0.28,2,0,0
USR7819,64,2,56741,319,20449,500000,0.36039195643361943,0.040898,3,522,0.97,0,0,0.64,1,0,0
USR5194,62,2,27002,130,15304,200000,0.5667728316421006,0.07652,3,197,0.64,0,0,0.22,0,0,0
USR9762,54,0,59496,188,14215,500000,0.23892362511765497,0.02843,14,577,0.44,0,0,0.19,0,1,0
USR6593,38,2,28991,297,41087,500000,1.417232934358939,0.082174,9,40,0.94,3,1,0.13,0,0,0
USR3720,63,1,6186,113,5552,200000,0.8975105075978015,0.02776,8,49,0.49,1,0,1.0,1,0,0
USR8914,24,1,18414,135,1000,300000,0.054306505919409144,0.0033333333333333335,5,694,0.71,1,0,0.41,0,1,0
USR4507,28,0,28377,189,7170,300000,0.25266941537160376,0.0239,0,425,0.24,0,1,0.32,0,0,0
USR2812,39,3,55216,53,70632,100000,1.2791944363952477,0.70632,3,291,0.23,1,0,0.82,0,0,0
USR1444,70,3,17992,181,11499,300000,0.6391173855046688,0.03833,16,332,0.85,0,0,0.7,0,0,0
USR9867,37,5,29115,80,30830,200000,1.0589043448394297,0.15415,11,288,0.93,3,0,0.46,1,1,0
USR5774,38,2,23993,8,29579,100000,1.2328179052223565,0.29579,2,446,0.95,3,0,0.82,1,0,0
USR6284,36,2,20599,3,25045,100000,1.2158357201805914,0.25045,5,647,0.19,2,0,0.39,2,0,0
USR3010,58,1,54126,180,102613,300000,1.8958171673502568,0.3420433333333333,16,396,0.47,3,0,0.54,2,0,0
USR1274,47,0,44641,229,52982,500000,1.1868461728007884,0.105964,3,321,0.88,1,0,0.29,1,0,0
USR7786,54,2,27969,293,35084,300000,1.2543887875862563,0.11694666666666667,13,414,0.05,0,0,0.8,1,0,0
USR8015,65,1,27185,257,18342,300000,0.6747103181901785,0.06114,5,128,0.99,0,1,0.94,0,0,0
USR3162,66,2,59410,284,45406,500000,0.7642821073893284,0.090812,14,351,0.74,0,0,0.34,1,0,0
USR5465,44,5,21966,54,16492,100000,0.7507966857871256,0.16492,10,99,0.21,1,0,0.97,0,0,0
USR3950,55,2,33520,303,11846,500000,0.35340095465393795,0.023692,3,80,0.39,2,0,0.8,2,1,0
USR7394,38,2,58315,171,19663,100000,0.3371859727342879,0.19663,10,89,0.05,1,1,0.95,1,0,0
USR7530,55,2,29820,184,41548,500000,1.3932930918846411,0.083096,5,501,0.46,0,1,0.8,0,0,0
USR4005,23,0,24442,20,38759,300000,1.5857540299484494,0.12919666666666665,15,324,0.95,0,0,0.46,2,1,0
USR4069,21,2,6835,258,8490,300000,1.2421360643745427,0.0283,10,242,0.78,0,0,0.32,0,0,0
USR5095,49,0,8626,26,11854,100000,1.3742174820310689,0.11854,3,318,0.33,0,1,0.02,0,0,0
USR7626,37,2,19532,51,19840,100000,1.0157689944706123,0.1984,13,377,0.5,1,0,0.45,0,0,0
USR1101,64,2,13867,15,7548,100000,0.5443138386096488,0.07548,3,214,0.0,2,0,0.95,0,0,0
USR3300,63,3,23646,180,23585,100000,0.9974202825002114,0.23585,6,100,0.07,1,1,0.02,1,0,0
USR2022,20,3,35847,341,46054,100000,1.2847379139119033,0.46054,2,450,0.52,0,0,0.58,0,0,0
USR4979,48,2,17998,301,22969,500000,1.2761973552616956,0.045938,0,284,0.79,0,0,0.79,1,0,0
USR8155,30,2,15366,180,12999,500000,0.8459586099180008,0.025998,6,286,0.08,1,1,0.1,2,0,0
USR7769,53,2,50008,66,34920,300000,0.6982882738761799,0.1164,2,656,0.64,3,0,0.58,0,0,0
USR9442,24,2,55578,226,10125,100000,0.18217640073410343,0.10125,7,496,0.65,1,0,0.64,0,0,0
USR5989,46,3,41373,329,77915,500000,1.8832330263698547,0.15583,6,567,0.47,0,0,0.71,0,0,0
USR5107,58,0,42658,171,53939,200000,1.2644521543438512,0.269695,4,426,0.15,2,0,0.65,2,1,0
USR3121,66,1,26015,175,59561,100000,2.289486834518547,0.59561,3,697,0.21,0,0,0.09,0,0,0
USR6113,43,0,42042,73,80978,200000,1.926121497550069,0.40489,0,281,0.83,2,0,0.5,0,1,1
USR1437,59,1,38952,100,13225,200000,0.33952043540768123,0.066125,2,613,0.77,0,0,0.91,0,0,0
USR4521,60,1,54130,209,65180,500000,1.2041381858488822,0.13036,8,282,0.66,2,1,0.19,1,1,0
USR5408,45,6,38426,225,7891,100000,0.2053557487118097,0.07891,16,113,0.45,1,0,0.42,1,1,0
USR7996,61,2,40824,106,32522,200000,0.796639231824417,0.16261,7,567,0.27,2,0,0.45,0,1,0
USR4020,55,2,23180,207,18484,500000,0.797411561691113,0.036968,16,265,0.81,0,0,0.54,1,1,0
USR6148,18,0,44394,251,1000,300000,0.022525566517997926,0.0033333333333333335,0,236,0.8,0,0,0.85,0,0,0
USR4379,61,3,15691,7,20122,500000,1.2823911796571283,0.040244,3,284,0.48,1,0,0.17,0,0,0
USR5050,62,3,46959,143,58867,200000,1.2535829127536788,0.294335,2,508,0.69,2,1,0.18,1,0,0
USR5826,27,5,24984,218,36969,200000,1.4797070124879923,0.184845,10,314,0.9,2,0,0.8,0,0,0
USR8104,33,2,58626,52,15645,100000,0.2668611196397503,0.15645,4,255,0.68,0,0,0.63,2,1,0
USR3442,26,2,7208,42,5684,300000,0.7885682574916759,0.018946666666666667,11,510,0.93,1,0,0.64,2,1,0
USR1218,22,2,46096,330,106731,300000,2.315406976744186,0.35577,25,136,0.19,0,0,0.59,0,0,0
USR8270,56,1,55517,277,19049,200000,0.3431201253670047,0.095245,2,398,0.5,2,0,0.53,1,0,0
USR7062,45,3,39664,292,112969,500000,2.848149455425575,0.225938,3,385,0.94,0,0,0.71,2,0,1
USR7454,38,3,11655,29,6887,200000,0.5909051909051909,0.034435,1,584,0.98,1,0,0.02,2,0,0
USR7797,20,4,36319,297,28665,500000,0.7892563121231312,0.05733,1,216,0.27,2,0,0.43,0,0,0
USR6633,59,3,32388,363,40423,500000,1.2480857107570704,0.080846,13,194,0.67,3,1,0.84,2,0,0
USR5608,56,1,41813,289,26001,500000,0.6218400975773085,0.052002,4,573,0.4,0,1,0.53,0,0,0
USR3466,34,3,52239,202,31738,500000,0.6075537433718103,0.063476,7,697,0.51,2,0,0.44,0,0,0
USR3292,51,1,7032,134,5880,500000,0.8361774744027304,0.01176,7,451,0.73,0,0,0.49,1,1,0
USR7255,30,3,58798,48,93644,300000,1.5926392054151501,0.3121466666666667,8,24,0.49,0,0,0.03,0,0,0
USR4856,45,2,28731,320,40144,200000,1.3972364345132435,0.20072,19,153,0.56,1,0,0.25,0,1,0
USR9293,60,3,15317,64,17630,500000,1.1510086831624993,0.03526,3,73,0.52,0,1,0.1,0,0,0
USR8922,65,1,50744,32,66050,100000,1.3016317200063061,0.6605,6,63,0.82,1,0,0.62,0,0,0
USR7041,59,0,57224,359,84248,500000,1.472249405843702,0.168496,9,486,0.4,0,0,0.38,0,0,0
USR9590,50,3,7506,333,1000,100000,0.1332267519317879,0.01,3,435,0.72,0,0,0.11,2,1,0
USR3649,45,3,10660,15,6166,500000,0.5784240150093809,0.012332,9,194,0.32,1,0,0.7,0,1,0
USR1589,64,0,53302,148,67646,300000,1.269108101009343,0.22548666666666667,10,180,0.57,0,1,0.49,0,0,0
USR3529,56,2,45541,229,54750,300000,1.202213390131969,0.1825,7,148,0.86,3,0,0.27,1,0,0
USR7322,33,1,58981,98,46980,100000,0.7965276953595225,0.4698,13,42,0.9,0,0,0.43,0,0,0
USR4907,69,1,11461,294,20158,100000,1.7588343076520374,0.20158,22,138,0.82,1,0,0.51,2,0,0
USR2487,52,2,5592,72,1000,100000,0.17882689556509299,0.01,8,442,0.98,1,1,0.92,0,0,0
USR5766,57,3,22217,286,6987,300000,0.31448890489264975,0.02329,0,258,0.56,1,0,0.95,1,0,0
USR8645,43,0,58367,51,136683,500000,2.341785598026282,0.273366,12,21,0.82,1,1,0.78,0,1,1
USR1047,46,1,5046,79,2256,200000,0.4470868014268728,0.01128,7,563,0.15,3,0,0.69,0,0,0
USR1945,45,1,20849,224,1000,200000,0.047963931123794906,0.005,5,191,0.52,0,0,0.66,0,0,0
USR8009,44,2,33772,250,42162,200000,1.2484306526116309,0.21081,5,584,0.78,1,0,0.41,0,0,0
USR6364,20,3,49534,264,17359,200000,0.3504461581943715,0.086795,17,122,0.96,3,1,0.86,2,1,0
USR9044,32,0,16845,229,34727,500000,2.0615612941525674,0.069454,2,471,0.27,3,0,0.84,2,0,0
USR4922,50,4,6977,363,14317,300000,2.0520280923032823,0.04772333333333333,2,450,0.66,1,1,0.77,0,0,0
USR6876,41,1,41016,231,57110,200000,1.3923834601131266,0.28555,4,202,0.89,0,1,0.04,0,1,0
USR1501,61,1,39796,66,46198,100000,1.1608704392401246,0.46198,14,278,0.34,1,0,0.23,0,0,0
USR6585,22,2,37772,268,28974,300000,0.7670761410568675,0.09658,14,572,0.42,3,0,0.11,2,0,0
USR8090,54,2,32421,136,79264,200000,2.4448351377193793,0.39632,16,513,0.97,0,0,0.37,0,1,1
USR7627,65,3,58736,256,81632,100000,1.3898120403159901,0.81632,10,208,0.72,1,0,0.5,0,0,0
USR7277,20,3,44178,77,55808,200000,1.2632532029516954,0.27904,4,572,0.36,3,0,0.01,0,0,0
USR1465,30,0,13549,294,8899,300000,0.6568012399439073,0.029663333333333333,1,459,0.06,2,0,0.9,1,0,0
USR1592,20,3,50015,246,51984,300000,1.039368189543137,0.17328,12,39,0.76,0,1,0.31,1,0,0
USR9507,53,2,8111,325,1191,100000,0.14683762791271113,0.01191,3,679,0.66,3,1,0.2,0,0,0
USR3204,22,0,31010,181,10449,500000,0.336955820702999,0.020898,7,15,0.09,2,0,0.61,0,0,0
USR7775,33,3,11706,45,12497,200000,1.0675721852041689,0.062485,2,319,0.75,0,0,0.95,1,1,0
USR6043,59,2,46112,120,38029,100000,0.8247094031922276,0.38029,18,57,0.51,1,0,0.96,2,0,0
USR8516,60,0,21419,133,1000,500000,0.046687520425790184,0.002,4,495,0.96,0,1,0.79,1,0,0
USR4997,66,4,22812,301,55269,300000,2.4228037874802735,0.18423,11,122,0.65,1,1,0.68,0,0,0
USR9681,28,1,19498,155,18378,500000,0.9425582110985742,0.036756,4,424,0.92,0,1,0.61,2,1,0
USR5098,61,2,5999,33,7052,500000,1.1755292548758127,0.014104,15,232,0.48,1,1,0.68,2,1,0
USR2958,24,2,59276,39,6049,300000,0.1020480464268844,0.02016333333333333,2,591,0.08,0,0,0.43,0,0,0
USR1485,48,1,50788,335,60170,100000,1.1847286760652123,0.6017,2,697,0.45,0,0,0.81,0,0,0
USR9488,62,1,32873,310,1000,100000,0.030420101603139356,0.01,2,58,0.4,2,0,0.83,2,1,0
USR3904,38,2,42596,108,67391,500000,1.582096910508029,0.134782,19,204,0.57,3,0,0.73,2,0,0
USR1728,62,1,39168,198,54197,100000,1.3837060866013071,0.54197,3,687,0.61,0,1,0.9,2,1,0
USR4515,54,1,23949,285,39631,100000,1.6548081339513132,0.39631,6,277,0.5,1,0,0.05,0,0,0
USR6427,56,1,48606,291,68357,100000,1.4063490104102374,0.68357,8,443,0.36,1,1,0.98,0,1,0
USR6640,42,4,45024,120,78994,100000,1.7544864960909736,0.78994,9,644,0.55,0,1,0.86,1,0,0
USR7594,39,2,52294,248,8855,200000,0.1693310896087505,0.044275,6,79,0.44,1,0,0.77,0,1,0
USR6555,23,2,24133,150,29179,300000,1.2090912857912401,0.09726333333333333,17,333,0.68,2,0,0.2,1,0,0
USR7258,56,1,51221,209,71736,200000,1.4005193182483746,0.35868,9,573,0.07,1,0,0.38,0,0,0
USR8434,24,2,56744,266,31326,100000,0.5520583674044833,0.31326,6,285,0.58,1,0,0.45,1,0,0
USR8950,55,0,54304,283,70933,500000,1.3062205362404242,0.141866,0,371,0.03,0,0,0.44,0,0,0
USR4885,39,3,14792,303,22944,500000,1.5511087074094105,0.045888,6,481,0.88,0,0,0.89,1,0,0
USR8816,64,2,13572,188,3685,500000,0.2715148835838491,0.00737,7,97,0.46,3,0,0.48,2,1,0
USR4583,21,2,49485,249,57682,300000,1.1656461554006265,0.19227333333333332,18,154,0.79,0,1,0.65,2,0,0
USR4720,57,3,56179,296,55854,300000,0.9942149201658983,0.18618,9,130,0.14,0,0,0.32,0,0,0
USR4377,35,1,10734,225,17767,500000,1.655207751071362,0.035534,9,168,0.92,1,1,0.56,0,0,0
USR2927,27,3,11593,230,17411,300000,1.501854567411369,0.05803666666666667,4,532,0.57,3,1,0.92,0,0,0
USR6895,48,1,5465,229,8210,300000,1.5022872827081428,0.027366666666666668,13,569,0.86,1,1,0.66,1,0,0
USR1076,33,1,12891,73,20393,500000,1.5819564036924987,0.040786,1,620,0.14,0,0,0.41,0,0,0
USR5998,61,0,41438,212,13668,100000,0.3298421738500893,0.13668,9,429,0.69,2,0,0.06,0,0,0
USR3709,50,4,54917,304,44823,300000,0.8161953493453757,0.14941,10,138,0.94,1,1,0.83,0,0,0
USR3442,52,0,9923,197,10131,100000,1.020961402801572,0.10131,5,673,0.54,0,0,0.38,2,0,0
USR1689,61,3,22592,309,40356,500000,1.7862960339943343,0.080712,16,20,0.82,0,0,0.42,0,0,0
USR9343,49,3,44349,353,18160,300000,0.4094793569189835,0.060533333333333335,13,357,0.75,0,0,0.51,1,0,0
USR4538,32,2,19521,276,25935,100000,1.3285692331335486,0.25935,12,431,0.29,3,1,0.84,0,0,0
USR8057,29,1,19393,58,19044,100000,0.9820038158098283,0.19044,2,65,0.25,0,0,0.98,1,1,0
USR3344,61,5,9094,158,17540,500000,1.9287442269628325,0.03508,17,161,0.89,0,0,0.72,0,0,1
USR8395,24,2,43926,50,28707,300000,0.653530938396394,0.09569,5,584,0.68,0,1,0.25,0,0,0
USR3162,58,2,45904,365,36445,300000,0.7939395259672359,0.12148333333333333,1,531,0.63,1,0,0.41,0,0,0
USR2264,30,4,45206,322,62225,100000,1.3764765739061187,0.62225,0,446,0.41,3,1,0.9,2,0,0
USR9827,48,3,53083,226,62518,300000,1.177740519563702,0.20839333333333335,22,391,0.83,1,0,0.98,2,0,0
USR2181,22,2,6853,185,4566,200000,0.6662775426820371,0.02283,1,498,0.82,2,0,0.07,1,1,0
USR6215,39,1,33687,98,18181,200000,0.5397037432837594,0.090905,0,452,0.97,0,0,0.17,2,0,0
USR3079,36,4,44025,343,39285,100000,0.8923339011925042,0.39285,0,590,0.37,1,1,0.92,2,1,0
USR2794,59,3,28837,125,5010,300000,0.17373513194853835,0.0167,4,47,0.96,3,1,0.91,0,0,0
USR1447,30,3,30011,75,41953,300000,1.3979207623871248,0.13984333333333332,2,287,0.66,2,0,0.71,0,0,0
USR6152,31,1,43672,100,50262,500000,1.150897600293094,0.100524,2,453,0.62,0,0,0.06,1,0,0
USR1126,67,1,8705,234,5079,200000,0.5834577828834003,0.025395,11,485,0.42,1,0,0.81,0,1,0
USR2959,62,3,45932,313,9069,100000,0.19744404772272053,0.09069,7,326,0.2,0,1,0.6,0,0,0
USR6374,66,1,27539,264,59076,300000,2.1451759323141726,0.19692,4,646,0.72,1,0,0.62,0,0,0
USR1145,48,1,16360,173,13383,300000,0.8180317848410757,0.04461,0,304,0.35,3,0,0.98,0,0,0
USR9344,39,0,6014,164,1056,200000,0.17559028932490856,0.00528,2,31,0.75,2,0,0.51,1,0,0
USR1571,68,2,56382,329,21079,500000,0.37386045191727857,0.042158,0,22,0.26,0,1,0.52,0,1,0
USR5405,43,2,10994,7,8874,300000,0.8071675459341459,0.02958,5,297,0.01,2,0,0.86,0,0,0
USR5482,58,1,11815,59,16626,500000,1.4071942446043166,0.033252,1,340,1.0,3,0,0.49,1,0,0
USR7683,22,2,53339,72,90641,300000,1.6993381953167477,0.30213666666666666,5,604,0.23,0,1,0.42,0,0,0
USR6876,64,5,42382,325,42067,300000,0.9925675994525978,0.14022333333333334,2,460,0.11,0,1,0.29,0,0,0
USR1963,42,2,56933,198,81632,100000,1.4338257249749706,0.81632,12,613,0.83,1,0,0.7,0,0,0
USR1720,61,1,39026,220,72358,500000,1.8540972684876749,0.144716,6,616,0.69,0,0,0.54,1,0,0
USR1667,44,3,21189,279,27493,500000,1.297512860446458,0.054986,10,688,0.8,1,0,0.47,0,0,0
USR1391,46,4,48616,130,23401,200000,0.4813435905874609,0.117005,5,255,0.07,2,0,0.72,2,0,0
USR7107,67,1,13015,295,20143,200000,1.5476757587399155,0.100715,4,446,0.69,0,1,0.7,0,0,0
USR5873,23,1,29575,299,35891,300000,1.2135587489433644,0.11963666666666667,5,97,0.3,0,0,0.07,0,0,0
USR8435,44,3,24445,326,15111,200000,0.6181632235631008,0.075555,3,425,0.24,3,0,0.1,2,0,0
USR8226,54,3,35566,331,42597,200000,1.1976888039138502,0.212985,0,637,0.59,3,1,0.4,0,1,0
USR9217,20,0,46249,240,53833,100000,1.1639819239334905,0.53833,4,89,0.54,2,0,1.0,1,0,0
USR4162,55,4,54680,50,29634,500000,0.541953182150695,0.059268,15,418,0.43,1,1,0.77,0,1,0
USR1623,25,2,33090,29,15963,200000,0.48241160471441524,0.079815,19,567,0.91,0,0,0.94,0,0,0
USR1378,19,3,52295,52,75440,300000,1.4425853332058514,0.25146666666666667,9,42,0.81,0,1,0.63,0,0,0
USR9552,39,1,39429,15,21872,100000,0.554718608131071,0.21872,6,379,0.63,3,0,0.87,0,0,0
USR1441,53,3,14235,303,39029,200000,2.7417632595714787,0.195145,18,478,0.34,0,0,0.0,2,1,0
USR7791,39,1,58682,53,40021,100000,0.6819978869159197,0.40021,1,170,0.7,1,0,0.67,0,0,0
USR3364,69,1,13392,133,15198,500000,1.1348566308243728,0.030396,4,137,0.8,0,0,0.12,1,0,0
USR6889,45,2,41084,225,61489,500000,1.4966653685132898,0.122978,2,208,0.12,1,0,0.19,0,0,0
USR6981,61,4,46973,90,50979,500000,1.0852830349349627,0.101958,21,233,0.84,1,1,0.86,0,1,0
USR5676,51,1,56592,261,1000,100000,0.017670342097823012,0.01,8,673,0.98,1,0,0.41,0,0,0
USR7336,32,3,29875,155,25491,200000,0.8532552301255231,0.127455,14,641,0.78,2,1,0.55,1,1,0
USR1552,25,1,38143,201,43071,100000,1.1291980179849515,0.43071,0,492,0.45,3,1,0.47,0,0,0
USR1893,18,4,39422,28,18912,300000,0.47973212926792147,0.06304,13,220,0.13,0,0,0.66,0,0,0
USR2085,28,2,8537,364,6745,100000,0.7900901956190699,0.06745,10,637,0.4,1,0,0.0,2,0,0
USR3628,65,4,48052,284,89198,200000,1.8562806959127611,0.44599,9,212,0.02,1,0,0.2,2,0,0
USR3302,40,1,13876,363,1298,100000,0.09354280772556933,0.01298,6,639,0.83,0,0,0.64,1,0,0
USR4065,23,2,37714,242,40198,200000,1.0658641353343585,0.20099,8,440,0.6,0,0,0.03,0,1,0
USR5715,42,1,56292,333,59195,500000,1.0515703830029133,0.11839,7,135,0.07,1,1,0.63,0,0,0
USR2451,68,1,53293,233,36405,500000,0.6831103522038542,0.07281,19,188,0.11,0,0,0.63,2,0,0
USR6116,20,2,19091,33,28725,500000,1.5046356922109894,0.05745,4,517,0.95,0,0,0.99,0,0,0
USR3305,30,3,50154,12,50727,300000,1.0114248115803326,0.16909,3,254,0.27,3,0,0.43,0,0,0
USR8927,42,2,16791,196,1000,300000,0.05955571437079388,0.0033333333333333335,8,272,0.13,1,0,0.46,1,1,0
USR7158,46,5,34740,64,55905,300000,1.6092400690846287,0.18635,1,210,0.56,0,0,0.98,1,0,0
USR7685,62,2,16497,159,14121,300000,0.855973813420622,0.04707,7,59,0.4,0,0,0.17,0,1,0
USR6846,38,2,55561,189,78635,300000,1.4152913014524577,0.26211666666666666,7,103,0.13,1,1,0.03,0,0,0
USR2031,55,1,9784,123,1687,500000,0.1724243663123467,0.003374,7,639,0.03,2,0,0.07,2,0,0
USR8573,40,5,53380,75,38538,300000,0.7219557886849007,0.12846,12,483,0.1,0,0,0.11,1,0,0
USR6206,52,2,21367,151,21067,500000,0.985959657415641,0.042134,7,34,0.55,0,1,0.6,2,0,0
USR5061,70,1,25017,207,7178,500000,0.28692489107406965,0.014356,6,684,0.78,1,0,0.82,0,0,0
USR5719,41,2,48221,151,85697,100000,1.777171771634765,0.85697,4,589,0.35,2,0,0.26,0,0,0
USR9538,33,3,19830,190,11217,300000,0.5656580937972768,0.03739,8,226,0.35,1,1,0.05,0,0,0
USR7475,24,2,40549,154,42785,100000,1.0551431601272534,0.42785,0,547,0.07,0,0,0.66,2,1,0
USR7850,22,4,46809,305,76667,200000,1.637868785917238,0.383335,7,523,0.63,0,0,0.92,2,1,0
USR9144,45,4,41644,4,15605,200000,0.3747238497742772,0.078025,1,500,0.13,1,1,0.02,0,0,0
USR2422,68,1,21171,194,29340,300000,1.3858580133201077,0.0978,9,668,0.79,3,0,0.3,0,0,0
USR9395,64,3,35559,282,1000,300000,0.028122275654545965,0.0033333333333333335,2,67,0.27,0,0,0.04,1,0,0
USR6393,53,1,39206,104,42429,200000,1.0822068050808549,0.212145,2,499,0.6,0,1,0.59,2,0,0
USR5286,59,2,36620,315,68750,300000,1.8773894046968869,0.22916666666666666,27,560,0.94,0,1,0.6,1,0,1
USR5162,35,2,42304,66,21230,100000,0.5018437972768532,0.2123,9,325,0.76,1,0,0.71,2,0,0
USR3683,32,1,19322,271,2621,200000,0.13564848359383086,0.013105,3,385,0.0,3,1,0.88,0,0,0
USR3912,30,1,33204,283,1000,100000,0.030116853391157692,0.01,3,137,0.14,3,0,0.3,0,0,0
USR5245,52,2,18050,325,11807,500000,0.6541274238227147,0.023614,24,590,0.83,0,1,0.04,0,0,0
USR3843,62,3,11451,280,14692,500000,1.2830320496026548,0.029384,7,204,0.72,0,1,0.61,0,1,0
USR3113,30,1,39271,103,82161,200000,2.0921545160551043,0.410805,15,80,0.22,0,0,0.91,1,0,0
USR1644,24,4,14996,206,6947,500000,0.4632568684982662,0.013894,13,193,0.08,3,0,0.89,1,1,0
USR8502,64,1,41882,299,48526,100000,1.158636168282317,0.48526,7,442,0.95,1,0,0.89,2,0,0
USR3456,52,1,55162,105,74569,200000,1.3518182807004822,0.372845,1,130,0.68,1,0,0.64,2,0,0
USR6567,23,4,11820,302,20329,200000,1.7198815566835872,0.101645,12,255,0.29,0,0,0.33,0,0,0
USR2809,19,3,7275,214,2653,200000,0.36467353951890036,0.013265,2,90,0.58,0,1,0.9,1,0,0
USR9760,66,1,26669,122,52985,300000,1.9867636581799093,0.17661666666666667,14,163,0.26,3,0,0.34,0,0,0
USR9754,25,2,31742,157,61534,200000,1.9385671980341503,0.30767,6,690,0.18,2,0,0.14,0,0,0
USR9021,44,0,17256,94,17622,100000,1.0212100139082059,0.17622,0,648,0.88,0,0,0.95,1,0,0
USR9619,27,0,42297,319,39359,200000,0.9305388088989763,0.196795,2,191,0.09,1,1,0.38,2,0,0
USR4303,55,3,25797,122,11320,300000,0.43881071442415787,0.037733333333333334,14,39,0.88,2,1,0.23,2,0,0
USR2347,58,2,41525,246,76503,100000,1.842335942203492,0.76503,8,93,0.72,1,0,0.25,1,0,0
USR9049,61,3,5742,136,2322,300000,0.4043887147335423,0.00774,0,523,0.27,0,1,0.96,0,0,0
USR2330,53,3,44601,238,76900,100000,1.7241765879688795,0.769,7,275,0.41,1,0,0.23,1,0,0
USR8169,36,2,49487,263,68363,100000,1.3814335077899247,0.68363,18,441,0.3,3,0,0.43,2,0,0
USR9198,47,3,33216,287,57934,300000,1.7441594412331407,0.19311333333333333,3,442,0.47,1,0,0.06,0,0,0
USR8618,39,3,52036,329,110527,200000,2.124048735490814,0.552635,9,361,0.21,1,0,0.34,0,1,0
USR5590,56,2,52164,318,69710,100000,1.3363622421593435,0.6971,11,46,0.33,3,0,0.86,0,0,0
USR1364,33,1,27367,335,28311,300000,1.0344940987320494,0.09437,5,274,0.16,3,1,0.17,2,0,0
USR9775,28,2,40471,198,29740,300000,0.7348471745200267,0.09913333333333334,17,164,0.62,2,0,0.86,1,0,0
USR3946,39,1,28258,134,60149,300000,2.1285653620213747,0.20049666666666666,21,223,0.42,0,0,0.09,2,0,0
USR9400,29,0,45974,118,62927,500000,1.368751903249663,0.125854,6,162,0.18,1,0,0.84,1,0,0
USR4851,45,2,41982,297,65530,100000,1.5609070554046973,0.6553,13,672,0.89,0,0,0.05,1,0,0
USR3489,42,1,50882,223,19625,100000,0.3856963169686726,0.19625,15,511,0.37,1,1,0.38,2,0,0
USR3329,63,0,31101,253,41971,100000,1.349506446738047,0.41971,7,555,0.45,2,0,0.24,1,0,0
USR3096,30,1,7176,245,1000,300000,0.13935340022296544,0.0033333333333333335,2,514,0.8,3,0,0.34,0,0,0
USR5351,61,3,41425,192,1000,500000,0.024140012070006035,0.002,10,605,0.09,2,1,0.06,2,0,0
USR9712,18,2,15349,81,5441,500000,0.3544856342432732,0.010882,11,675,0.41,1,1,0.57,0,1,0
USR3710,69,2,17567,247,12119,500000,0.6898730574372403,0.024238,1,586,0.48,1,1,0.67,0,0,0
USR2053,60,1,39600,326,1000,500000,0.025252525252525252,0.002,1,541,0.18,0,1,0.06,1,0,0
USR2199,40,8,12196,336,7537,300000,0.6179895047556576,0.025123333333333334,6,105,0.2,0,1,0.39,0,1,0
USR2086,34,3,54433,339,55109,500000,1.012418937041868,0.110218,18,161,0.09,0,0,0.89,1,1,0
USR6487,41,1,40523,101,36495,300000,0.9005996594526565,0.12165,8,501,0.2,3,0,0.81,0,1,0
USR6856,66,2,41464,56,4300,500000,0.10370441829056531,0.0086,17,13,0.86,1,1,0.75,0,0,0
USR8350,33,0,45428,247,39194,200000,0.8627718587655191,0.19597,17,81,0.67,0,1,0.19,1,0,0
USR8073,18,2,34031,223,52189,300000,1.5335723311098703,0.17396333333333333,11,22,0.16,2,0,0.97,1,0,0
USR5295,60,1,36897,258,49617,200000,1.3447434750792748,0.248085,9,18,0.34,2,0,0.7,0,0,0
USR6609,44,2,31428,9,12616,200000,0.40142548046328114,0.06308,17,524,0.4,2,0,0.32,0,1,0
USR3635,28,2,5003,213,6883,500000,1.3757745352788326,0.013766,13,296,0.54,3,0,0.86,1,0,0
USR6987,65,1,5310,258,8169,300000,1.538418079096045,0.02723,0,500,0.16,0,0,0.82,1,0,0
USR4935,46,5,5337,175,5424,500000,1.016301292861158,0.010848,0,684,0.63,1,0,0.35,2,0,0
USR5318,47,0,40503,178,37129,500000,0.91669752857813,0.074258,4,204,0.19,1,0,0.95,2,0,0
USR2060,53,2,49293,194,56531,500000,1.1468362647840464,0.113062,3,261,0.96,0,0,0.53,0,0,0
USR4930,62,2,23963,287,30340,100000,1.266118599507574,0.3034,2,388,0.62,1,0,0.87,2,0,0
USR5347,62,3,41403,3,43384,200000,1.0478467743883293,0.21692,8,10,0.15,3,0,0.35,0,0,0
USR1771,54,0,33583,23,35342,100000,1.0523776910937082,0.35342,13,86,0.82,0,0,0.24,0,0,0
USR8228,69,0,18188,328,10724,200000,0.5896195293600176,0.05362,11,377,0.42,0,0,0.2,2,0,0
USR7645,69,3,9918,289,9220,200000,0.9296229078443234,0.0461,14,456,0.13,2,0,0.91,1,0,0
USR8243,29,1,21485,282,3728,300000,0.17351640679543867,0.012426666666666667,17,245,0.22,3,0,0.74,2,0,0
USR2912,41,4,46113,346,51914,200000,1.1257996660377767,0.25957,5,531,0.71,0,0,0.07,2,0,0
USR5463,39,2,8028,174,11218,100000,1.3973592426507224,0.11218,18,92,0.77,3,0,0.45,0,0,0
USR7959,43,2,56406,46,15961,200000,0.282966351097401,0.079805,1,518,0.19,0,1,0.12,2,0,0
USR3386,44,4,9310,69,5913,500000,0.6351235230934479,0.011826,2,122,0.2,2,0,0.28,1,0,0
USR8169,70,3,5559,254,7245,500000,1.303291958985429,0.01449,4,112,0.46,0,1,0.55,0,0,0
USR4870,39,5,15397,46,19286,200000,1.2525816717542377,0.09643,12,629,0.61,1,0,0.78,0,0,0
USR1891,23,3,16893,257,5200,300000,0.3078198070206594,0.017333333333333333,5,496,0.41,3,0,0.62,1,0,0
USR9640,31,1,38734,297,6217,500000,0.16050498270253524,0.012434,0,122,0.23,3,0,0.39,0,0,0
USR9728,18,1,31412,36,29877,100000,0.9511333248440087,0.29877,13,74,0.1,2,0,0.33,0,0,0
USR7956,20,2,46574,250,53830,500000,1.15579507879933,0.10766,7,107,0.16,0,0,0.2,0,0,0
USR4509,54,2,16604,309,10267,500000,0.6183449771139484,0.020534,3,497,0.59,1,0,0.28,1,1,0
USR9185,45,1,57266,256,10640,100000,0.18579960185799602,0.1064,11,670,0.88,3,1,0.81,2,1,0
USR3786,46,2,49192,358,1000,500000,0.020328508700601725,0.002,0,343,0.87,0,0,0.49,1,1,0
USR8694,64,1,58393,130,1000,300000,0.017125340366139778,0.0033333333333333335,5,217,0.23,2,0,0.28,1,1,0
USR7744,66,3,49304,246,66111,500000,1.340885120882687,0.132222,12,678,0.03,0,1,0.46,0,0,0
USR1600,55,0,38513,145,95909,100000,2.4903019759561706,0.95909,5,135,0.58,3,0,0.75,0,0,0
USR6131,51,0,23019,78,1000,200000,0.04344237369129849,0.005,7,555,0.48,1,0,0.1,1,0,0
USR5375,41,3,26427,332,1000,100000,0.03784008778900367,0.01,5,310,0.33,3,0,0.91,0,0,0
USR6077,51,1,19901,224,18297,100000,0.9194010351238632,0.18297,10,127,0.97,2,0,0.65,0,1,0
USR3747,68,2,56910,114,34600,100000,0.607977508346512,0.346,23,432,0.68,0,0,0.79,0,0,0
USR6802,60,4,58838,215,79364,200000,1.3488561813793807,0.39682,6,463,0.12,0,0,0.56,0,0,0
USR5142,26,3,23038,273,26530,100000,1.1515756576091674,0.2653,7,78,1.0,1,1,0.32,2,0,0
USR6462,28,2,18917,260,29286,100000,1.5481313104614898,0.29286,2,302,0.18,1,1,0.82,0,0,0
USR7236,48,1,21387,285,1000,200000,0.04675737597606022,0.005,5,655,0.18,1,1,0.74,2,0,0
USR5144,66,1,59824,184,18443,300000,0.3082876437550147,0.061476666666666666,3,565,0.89,0,0,0.89,0,1,0
USR6399,51,2,28442,283,2191,100000,0.0770339638562689,0.02191,12,347,0.61,0,0,0.59,0,0,0
USR7565,37,1,41265,327,35464,100000,0.8594208166727251,0.35464,4,100,0.96,0,0,0.89,0,1,0
USR1979,18,3,8601,244,17493,100000,2.033833275200558,0.17493,24,338,0.29,1,0,0.17,1,0,0
USR9553,34,2,22558,200,32046,300000,1.4206046635340013,0.10682,1,257,0.98,0,0,0.94,0,0,0
USR4699,30,3,23154,11,26279,300000,1.134965880625378,0.08759666666666667,22,121,0.61,2,0,0.61,1,0,0
USR2185,34,0,22418,204,28046,100000,1.2510482647872245,0.28046,11,380,0.93,0,0,0.63,0,0,0
USR3807,69,2,56841,140,46868,100000,0.8245456624619553,0.46868,0,467,0.83,2,0,0.56,1,0,0
USR4306,62,4,8334,166,15779,200000,1.8933285337173027,0.078895,7,422,0.08,1,0,0.46,1,1,0
USR2698,56,0,32139,118,34050,500000,1.059460468589564,0.0681,5,126,0.63,0,0,0.93,2,0,0
USR8820,43,2,51535,41,4919,200000,0.09544969438245852,0.024595,2,358,0.65,0,0,0.33,1,0,0
USR4577,67,3,17299,305,26866,200000,1.5530377478466963,0.13433,6,20,0.24,2,1,0.26,2,0,0
USR5940,26,0,44973,103,33464,500000,0.7440908989838347,0.066928,4,465,0.53,1,0,0.42,2,1,0
USR3477,23,3,15587,156,3590,200000,0.2303201385770193,0.01795,11,604,0.17,0,1,0.6,0,0,0
USR7103,53,1,36851,320,47785,300000,1.296708366123036,0.15928333333333333,12,28,0.61,2,0,0.69,2,1,0
USR2363,58,1,27149,353,8200,100000,0.302036907436738,0.082,2,456,0.28,1,0,0.67,0,0,0
USR2583,43,0,46750,105,60131,200000,1.2862245989304812,0.300655,14,522,0.2,0,0,0.01,2,0,0
USR5296,38,1,48969,265,6617,100000,0.1351263043966591,0.06617,0,265,0.56,3,0,0.79,0,1,0
USR1911,67,4,30816,54,46614,100000,1.5126557632398754,0.46614,0,498,0.71,0,0,0.63,2,0,0
USR7633,55,1,20938,223,18007,300000,0.8600152832171172,0.06002333333333333,15,372,0.2,2,0,0.81,0,0,0
USR7761,35,1,43453,60,1686,100000,0.03880054311555013,0.01686,11,630,0.41,3,1,0.34,0,0,0
USR1738,27,2,23686,226,33087,500000,1.3969011230262602,0.066174,1,280,0.13,2,0,0.19,0,1,0
USR9779,36,2,59771,337,1000,300000,0.016730521490354856,0.0033333333333333335,22,174,0.34,1,0,0.47,2,0,0
USR6996,63,1,41378,204,39477,100000,0.9540577118275412,0.39477,15,566,0.93,3,1,0.56,0,0,0
USR4127,43,5,8541,191,10489,200000,1.2280763376653787,0.052445,0,433,0.76,2,0,0.04,0,0,0
USR6259,53,1,36389,121,13887,500000,0.38162631564483773,0.027774,19,133,0.5,1,0,0.56,0,1,0
USR1661,45,3,53288,130,126616,200000,2.3760696592103288,0.63308,14,587,0.63,2,0,0.06,0,1,0
USR4373,19,1,44158,180,64418,100000,1.4588070111871008,0.64418,3,307,0.13,1,1,0.65,0,0,0
USR4379,38,5,49673,93,101056,300000,2.0344251404183358,0.33685333333333334,7,470,0.33,0,0,0.9,0,1,1
USR1709,35,2,29187,177,37939,300000,1.2998595265015247,0.12646333333333334,19,174,0.58,0,0,0.01,0,1,0
USR5807,45,3,20875,210,16862,100000,0.8077604790419162,0.16862,1,409,0.46,0,0,0.23,0,0,0
USR6339,37,2,21906,250,26648,200000,1.2164703734136766,0.13324,1,414,0.49,0,0,0.81,0,0,0
USR7033,65,3,7927,50,6289,100000,0.793364450611833,0.06289,6,24,0.92,2,1,0.8,2,1,0
USR9144,69,2,10775,282,17042,500000,1.5816241299303944,0.034084,1,348,0.99,2,0,0.53,1,0,0
USR4154,62,3,44542,143,19821,200000,0.44499573436307305,0.099105,9,285,0.81,1,0,0.93,2,0,0
USR5875,49,0,34126,329,10349,200000,0.3032585125710602,0.051745,10,284,0.52,3,0,0.97,0,1,0
USR4816,22,0,6744,355,7822,100000,1.1598457888493476,0.07822,3,288,0.27,0,0,0.02,0,0,0
USR5904,43,4,39829,41,24609,500000,0.6178663787692384,0.049218,21,623,0.48,3,1,0.92,2,0,0
USR8083,58,1,44160,121,54912,300000,1.2434782608695651,0.18304,3,345,0.35,1,1,0.69,2,1,0
USR4277,45,2,56937,172,51517,100000,0.9048070674605265,0.51517,12,146,0.33,0,0,0.88,1,1,0
USR7099,35,1,31849,12,65323,100000,2.0510220101102075,0.65323,10,532,0.41,0,0,0.17,2,0,0
USR4948,56,1,51178,45,36582,500000,0.7147993278361796,0.073164,0,243,0.49,0,0,0.79,0,0,0
USR2139,41,4,28410,246,32088,200000,1.1294614572333685,0.16044,1,372,0.85,1,0,0.48,0,1,0
USR9736,19,3,42289,119,1000,300000,0.02364681122750597,0.0033333333333333335,7,417,0.03,0,0,0.06,2,0,0
USR5329,50,2,7257,48,19040,100000,2.6236736943640624,0.1904,8,482,0.5,0,0,0.09,0,0,0
USR3576,47,1,19316,78,36901,300000,1.9103851729136467,0.12300333333333334,12,574,0.82,0,1,0.22,0,1,1
USR3178,63,1,26044,95,3588,500000,0.13776685608969436,0.007176,11,457,0.28,1,0,0.34,2,1,0
USR1203,64,4,43934,249,56450,200000,1.284881868256931,0.28225,17,182,0.54,1,0,0.73,0,0,0
USR6494,46,1,46674,256,93166,300000,1.9961006127608518,0.31055333333333335,17,692,0.98,2,0,0.32,2,1,1
USR3727,57,1,38662,289,34512,200000,0.8926594589002121,0.17256,7,308,0.62,2,0,0.37,0,0,0
USR5874,29,7,49233,281,48335,100000,0.98176020149087,0.48335,1,531,0.69,1,0,0.25,2,0,0
USR5184,53,2,42817,66,32732,300000,0.7644627134082257,0.10910666666666667,9,299,0.81,2,0,0.8,1,0,0
USR1385,48,1,27244,142,42812,500000,1.5714285714285714,0.085624,0,534,0.59,1,0,0.68,0,0,0
USR6373,34,4,17008,48,1000,300000,0.05879586077140169,0.0033333333333333335,3,97,0.68,1,0,0.56,0,0,0
USR8179,48,2,6432,297,7927,100000,1.232431592039801,0.07927,9,75,0.24,1,0,0.42,0,1,0
USR4605,34,4,7412,308,9710,500000,1.3100377765785214,0.01942,13,168,0.58,0,0,0.34,2,0,0
USR1575,18,1,42565,29,56234,300000,1.321132385762951,0.18744666666666668,10,566,0.4,3,0,0.55,1,0,0
USR7686,30,6,41718,289,49569,200000,1.1881921472745578,0.247845,17,478,0.97,1,0,0.17,0,0,0
USR1341,64,2,9978,173,8359,100000,0.8377430346762879,0.08359,10,96,0.88,1,0,0.38,0,1,0
USR4630,59,1,59012,327,32057,500000,0.5432284958991391,0.064114,11,389,0.73,3,1,0.1,0,1,0
USR8775,64,1,57010,288,85300,500000,1.4962287318014384,0.1706,6,248,0.59,0,1,0.5,0,0,0
USR7883,28,2,29599,85,23057,300000,0.7789790195614716,0.07685666666666667,14,665,0.73,1,0,0.62,2,1,0
USR4976,61,2,47260,46,65974,500000,1.3959796868387644,0.131948,6,500,0.02,1,0,0.21,2,1,0
USR4076,37,0,13086,352,15340,200000,1.1722451474858628,0.0767,6,629,0.42,0,0,0.79,2,0,0
USR9118,30,1,25121,98,48492,500000,1.9303371681063652,0.096984,15,101,0.29,1,0,0.26,2,0,0
USR2974,69,1,44251,72,39483,500000,0.892251022575761,0.078966,13,495,0.92,0,0,0.88,0,0,0
USR6806,53,3,27904,17,33098,200000,1.1861381880733946,0.16549,4,282,0.93,0,1,0.14,0,0,0
USR3935,60,3,54404,223,4372,200000,0.0803617381074921,0.02186,6,166,0.88,0,1,0.61,2,0,0
USR1097,63,1,33711,37,23394,500000,0.6939574619560381,0.046788,16,409,0.14,1,1,0.5,0,0,0
USR8072,32,2,11775,235,1799,200000,0.15278131634819533,0.008995,1,659,0.28,2,0,0.79,0,0,0
USR5495,31,2,28266,205,54249,200000,1.919231585650605,0.271245,21,559,0.38,1,1,0.21,2,0,0
USR9932,23,2,27743,264,34550,300000,1.2453591897055114,0.11516666666666667,3,100,0.9,2,0,0.5,1,1,0
USR3326,20,3,42042,279,15464,100000,0.36782265353693927,0.15464,4,282,0.68,1,1,0.95,0,0,0
USR4906,54,1,37367,53,4511,100000,0.1207214922257607,0.04511,7,527,0.68,0,0,0.89,0,1,0
USR9898,59,1,41243,364,49411,500000,1.1980457289721893,0.098822,24,507,0.89,1,0,0.03,2,0,0
USR8294,28,5,10088,204,13176,300000,1.3061062648691515,0.04392,22,83,0.65,0,1,0.02,0,0,0
USR1513,27,3,6101,22,4559,500000,0.7472545484346829,0.009118,7,139,0.94,2,0,0.94,0,0,0
USR2974,58,0,31777,155,28733,200000,0.9042074456367813,0.143665,13,84,0.62,2,0,0.89,0,1,0
USR4525,60,6,37215,222,15994,500000,0.4297729410184066,0.031988,3,524,0.17,0,0,0.8,0,0,0
USR7341,40,0,50828,328,37614,300000,0.7400251829700165,0.12538,2,587,0.69,1,0,0.64,1,1,0
USR6273,20,2,5069,211,6210,300000,1.2250937068455316,0.0207,2,387,0.05,0,0,0.27,1,0,0
USR1523,41,2,46565,301,13846,300000,0.2973477934070654,0.04615333333333333,9,207,0.86,2,0,0.88,2,1,0
USR4055,70,1,14362,226,15619,200000,1.0875226291602842,0.078095,4,368,0.83,1,0,0.34,1,0,0
USR3927,31,2,8783,348,3723,100000,0.42388705453717407,0.03723,12,422,0.57,1,0,0.19,0,0,0
USR6113,56,5,57681,297,45941,500000,0.7964667741544009,0.091882,6,522,0.38,0,0,0.56,1,0,0
USR1773,54,3,26618,17,54458,300000,2.045908783529942,0.18152666666666667,3,49,0.67,0,0,0.45,1,0,0
USR6016,42,1,40235,132,51997,300000,1.292332546290543,0.17332333333333333,3,609,0.71,2,0,0.56,2,0,0
USR5873,61,2,37480,303,50083,300000,1.3362593383137673,0.16694333333333333,0,612,0.24,2,0,0.76,0,0,0
USR3611,21,4,44808,336,42929,200000,0.958065524013569,0.214645,10,219,0.88,2,0,0.49,0,0,0
USR2374,29,4,33099,309,27198,100000,0.8217166681772863,0.27198,0,689,0.97,3,1,0.23,0,1,0
USR7463,33,0,27437,173,15227,200000,0.5549805007836134,0.076135,6,258,0.52,0,0,0.22,0,0,0
USR7102,36,1,37777,58,13472,500000,0.35661910686396486,0.026944,4,522,0.97,3,0,0.95,0,0,0
USR9240,27,5,19906,129,5777,100000,0.2902140058273887,0.05777,0,313,0.96,3,0,0.84,0,0,0
USR7217,18,3,23979,321,28169,100000,1.1747362275324242,0.28169,11,531,0.2,1,0,0.27,2,0,0
USR8272,44,4,44902,72,59689,200000,1.3293171796356509,0.298445,4,76,0.71,0,0,0.44,0,0,0
USR8897,28,1,54829,127,63245,100000,1.1534954130113626,0.63245,15,270,0.48,0,0,0.08,0,0,0
USR2810,35,0,59936,33,32263,100000,0.538290843566471,0.32263,2,448,0.74,1,0,0.07,1,0,0
USR1427,64,3,45615,156,13212,500000,0.28964156527458074,0.026424,14,167,0.9,0,0,0.17,1,0,0
USR1140,49,1,46411,295,35809,500000,0.7715627760660189,0.071618,16,467,0.84,0,0,0.8,0,0,0
USR3066,34,0,16413,16,28791,500000,1.7541582891610308,0.057582,14,176,0.63,1,0,0.23,0,0,0
USR3027,64,3,56333,9,27542,100000,0.48891413558660113,0.27542,0,534,0.37,0,0,0.69,0,1,0
USR6181,46,4,15643,13,23922,200000,1.5292463082528926,0.11961,1,263,0.54,1,0,0.14,0,0,0
USR1768,61,2,58505,233,86141,300000,1.4723698829159901,0.28713666666666665,9,668,0.44,0,1,0.79,0,1,0
USR8077,66,4,17776,291,1055,200000,0.05934968496849685,0.005275,7,587,0.59,0,0,0.42,2,0,0
USR7350,26,1,51945,289,48623,100000,0.9360477428048898,0.48623,12,126,0.22,0,0,0.65,0,0,0
USR6980,56,0,17106,103,27389,200000,1.6011341049924004,0.136945,3,418,0.81,2,0,0.16,0,0,0
USR4989,28,3,41636,289,1000,200000,0.024017677010279567,0.005,6,420,0.93,2,1,0.85,0,1,0
USR4060,21,2,48857,22,49181,300000,1.0066315983380068,0.16393666666666667,21,298,0.79,2,0,0.26,0,0,0
USR7322,46,4,9408,80,7904,200000,0.8401360544217688,0.03952,9,135,0.51,0,0,0.8,0,0,0
USR4071,66,3,38515,161,28305,100000,0.7349084772166689,0.28305,0,540,0.21,0,0,0.57,0,0,0
USR7096,52,1,16169,266,32273,300000,1.995979961655019,0.10757666666666667,5,189,1.0,0,0,0.08,0,0,0
USR9133,22,3,7775,132,5944,100000,0.7645016077170418,0.05944,3,438,0.58,0,0,0.95,0,0,0
USR7662,28,2,36002,53,61137,200000,1.698155658018999,0.305685,2,180,0.93,0,1,0.32,2,0,0
USR1420,63,2,37051,24,57696,100000,1.55720493373998,0.57696,3,470,0.8,2,0,1.0,0,0,0
USR7001,28,1,19630,138,38072,100000,1.9394803871625064,0.38072,5,466,0.47,2,0,0.13,0,0,0
USR4912,44,0,22896,10,5278,100000,0.2305206149545772,0.05278,1,143,0.81,3,0,0.36,0,0,0
USR6405,36,2,12222,299,15321,200000,1.2535591556210113,0.076605,1,686,0.25,0,0,0.33,2,0,0
USR1214,56,0,16808,336,9526,500000,0.5667539267015707,0.019052,7,339,0.83,1,1,0.99,1,0,0
USR5288,70,2,56141,61,94911,200000,1.6905826401382233,0.474555,3,689,0.71,0,1,0.9,0,0,0
USR9478,56,0,53580,259,43857,500000,0.8185330347144457,0.087714,5,334,0.45,3,1,0.13,0,0,0
USR6069,53,1,12884,7,13278,200000,1.0305805650419124,0.06639,0,206,0.09,1,0,0.87,0,0,0
USR6146,55,1,9029,212,14600,100000,1.6170118507032893,0.146,15,552,0.99,3,0,0.05,2,1,0
USR1101,42,4,14834,37,13117,100000,0.8842523931508697,0.13117,2,393,0.94,1,0,0.51,1,1,0
USR6694,56,1,34191,178,34662,500000,1.0137755549706062,0.069324,5,498,0.1,0,0,0.57,1,0,0
USR1123,67,2,40566,160,38767,500000,0.9556525168860622,0.077534,0,289,0.24,1,0,0.5,2,0,0
USR4779,29,1,17240,301,15241,100000,0.8840487238979118,0.15241,1,691,0.53,0,0,0.34,0,0,0
USR1424,63,1,44758,355,41788,100000,0.9336431475937262,0.41788,6,66,0.33,0,1,0.44,0,0,0
USR6316,43,2,45968,365,30399,100000,0.6613078663418029,0.30399,3,258,0.03,0,0,0.78,2,0,0
USR8412,23,3,22179,249,18753,200000,0.8455295549844447,0.093765,4,145,0.91,1,0,0.18,0,0,0
USR2994,61,0,59600,314,54598,100000,0.9160738255033557,0.54598,4,243,0.36,2,0,0.92,2,0,0
USR4921,66,0,56199,312,37906,100000,0.6744959874730867,0.37906,11,317,0.44,1,0,0.1,0,0,0
